link_id,epoch_index,t_tdb,t_utc,gnss_const_id,gnss_const,prn,frequency_id,frequency,rx_x_ecef_m,rx_y_ecef_m,rx_z_ecef_m,tx_x_ecef_m,tx_y_ecef_m,tx_z_ecef_m,tangent_radius_earth_center_m,tangent_altitude_m,tx_boresight_angle_deg,cn0_dbhz,ionosphere_plasma_delay_m,tecu,tec_delay_m,second_delay_m,third_delay_m,dist_bend_m,tec_delay_bend_m,max_sep_line_m,final_pos_err_m
0,0,788961669.1839,788961600.0,0,GPS,2,0,L1,-331044768.7442,-92363669.68537,-164162609.1078,17215988.90297,3566016.871995,20455840.28812,10292994.90177,3921994.901771,22.43296289466,16.61526539424,0.5615185921583625,3.458797177170435,0.5616133631047419,-9.481358845863977e-05,4.264207931752079e-08,0,0,0,0
1,0,788961669.1839,788961600.0,0,GPS,4,0,L1,-331044768.7442,-92363669.68537,-164162609.1078,25308667.85798,-277625.8187447,-8192489.235043,18308182.42168,11937182.42168,43.48766936906,12.13175435346,0.14591236621595924,0.8986273460006715,0.14591232157133713,4.3464551478861783e-08,1.180070635587918e-09,0,0,0,0
2,0,788961669.1839,788961600.0,0,GPS,21,0,L1,-331044768.7442,-92363669.68537,-164162609.1078,18222495.88581,11020177.16155,16866690.87742,8020895.186796,1649895.186796,17.17285577861,22.78648113183,2.8112758911633478,17.321854221659333,2.8125918654168034,-0.001317393123852031,1.4188703962472666e-06,0,0,0,0
3,0,788961669.1839,788961600.0,0,GPS,27,0,L1,-331044768.7442,-92363669.68537,-164162609.1078,19462867.16974,12847285.71365,-13359879.23507,21914063.94186,15543063.94186,54.62334357549,14.1593906686,0.026417163396284266,0.1626944144074122,0.026417090263862252,7.302155946046007e-08,1.1086255194066113e-10,0,0,0,0
4,1,788961670.1839,788961601.0,0,GPS,2,0,L1,-331052440.1599,-92339447.78929,-164163116.3489,17216958.30818,3568283.588772,20454601.2828,10290941.88059,3919941.88059,22.42826343987,16.62660301232,0.5611785932035568,3.4567024642225905,0.5612732394365654,-9.468861875739329e-05,4.238574875130569e-08,0,0,0,0
5,1,788961670.1839,788961601.0,0,GPS,4,0,L1,-331052440.1599,-92339447.78929,-164163116.3489,25309599.09814,-277183.734767,-8189535.575307,18305607.24558,11934607.24558,43.4800827529,12.14554541133,0.14602415920517303,0.8993158427556359,0.14602411447454477,4.354873853071101e-08,1.1818897242454951e-09,0,0,0,0
6,1,788961670.1839,788961601.0,0,GPS,21,0,L1,-331052440.1599,-92339447.78929,-164163116.3489,18223256.83467,11022032.72137,16864669.08681,8021317.735348,1650317.735348,17.17378333059,22.78448381151,2.811289401436842,17.321936410736093,2.812605210658356,-0.0013172276855289427,1.4184640147089994e-06,0,0,0,0
7,1,788961670.1839,788961601.0,0,GPS,27,0,L1,-331052440.1599,-92339447.78929,-164163116.3489,19461202.87866,12847205.5763,-13362339.21069,21916016.56688,15545016.56688,54.63059590704,14.15961906134,0.026405057229981925,0.16261985645135257,0.02640498410605536,7.301311399922033e-08,1.108125666046767e-10,0,0,0,0
8,2,788961671.1839,788961602.0,0,GPS,2,0,L1,-331060109.668,-92315225.55488,-164163624.2297,17217928.13551,3570550.183113,20453362.27748,10288889.60662,3917889.606623,22.42356538451,16.63793801105,0.5618596224666381,3.4608977534592906,0.5619544388179492,-9.485883930481793e-05,4.248799375375908e-08,0,0,0,0
9,2,788961671.1839,788961602.0,0,GPS,4,0,L1,-331060109.668,-92315225.55488,-164163624.2297,25310530.53734,-276741.788092,-8186581.915571,18303032.19244,11932032.19244,43.47249629746,12.15934013415,0.14609051298429265,0.899724494946797,0.14609046833100475,4.347027468107875e-08,1.1830132172773138e-09,0,0,0,0
10,2,788961671.1839,788961602.0,0,GPS,21,0,L1,-331060109.668,-92315225.55488,-164163624.2297,18224018.15101,11023888.22931,16862647.29592,8021741.791237,1650741.791237,17.17471387272,22.78248003588,2.811297688513696,17.32198665050253,2.812613368212195,-0.0013170978050983779,1.418106599243409e-06,0,0,0,0
11,2,788961671.1839,788961602.0,0,GPS,27,0,L1,-331060109.668,-92315225.55488,-164163624.2297,19459538.6794,12847125.74999,-13364799.18631,21917969.3298,15546969.3298,54.63784841807,14.15984708278,0.02639994842299794,0.16258839329083763,0.026399875355676086,7.29565423549294e-08,1.1077950266323804e-10,0,0,0,0
12,3,788961672.1839,788961603.0,0,GPS,2,0,L1,-331067777.2683,-92291002.98258,-164164132.7502,17218898.38495,3572816.654968,20452123.27216,10286838.08031,3915838.080311,22.4188687297,16.64927038636,0.5624676099449398,3.464643120425542,0.5625625832190899,-9.501585602459886e-05,4.2581874465147094e-08,0,0,0,0
13,3,788961672.1839,788961603.0,0,GPS,4,0,L1,-331067777.2683,-92291002.98258,-164164132.7502,25311462.17558,-276299.9787462,-8183628.255835,18300457.2623,11929457.2623,43.4649100031,12.17313852331,0.14618343244979365,0.9002967558924366,0.14618338774136377,4.352392214638611e-08,1.184507736250762e-09,0,0,0,0
14,3,788961672.1839,788961603.0,0,GPS,21,0,L1,-331067777.2683,-92291002.98258,-164164132.7502,18224779.8349,11025743.6843,16860625.50531,8022167.35401,1651167.35401,17.175647404,22.78046980687,2.8112240241645043,17.32153190984092,2.8125395308579866,-0.0013169244027858543,1.417709303557088e-06,0,0,0,0
15,3,788961672.1839,788961603.0,0,GPS,27,0,L1,-331067777.2683,-92291002.98258,-164164132.7502,19457874.57199,12847046.23469,-13367259.16193,21919922.23056,15548922.23056,54.6451011082,14.16007473305,0.02638613304853817,0.16250330905914315,0.026386060020731177,7.291712244568008e-08,1.1068454553841726e-10,0,0,0,0
16,4,788961673.1839,788961604.0,0,GPS,2,0,L1,-331075442.9598,-92266780.07526,-164164641.9101,17219869.05647,3575083.004412,20450884.26684,10284787.30209,3913787.302095,22.41417347654,16.66060013421,0.5631206615422992,3.4686660855706566,0.5632158019159575,-9.518305581600358e-05,4.268215769274483e-08,0,0,0,0
17,4,788961673.1839,788961604.0,0,GPS,4,0,L1,-331075442.9598,-92266780.07526,-164164641.9101,25312394.01284,-275858.3065723,-8180674.5961,18297882.45518,11926882.45518,43.45732387023,12.18694058023,0.14627822974009871,0.9008805824534096,0.14627818508899146,4.3465015473057784e-08,1.1860917815404653e-09,0,0,0,0
18,4,788961673.1839,788961604.0,0,GPS,21,0,L1,-331075442.9598,-92266780.07526,-164164641.9101,18225541.88622,11027599.08694,16858603.71469,8022594.423536,1651594.423536,17.17658392411,22.77845312574,2.811258089288599,17.321740760411576,2.8125734424363076,-0.0013167704700970402,1.4173223887847547e-06,0,0,0,0
19,4,788961673.1839,788961604.0,0,GPS,27,0,L1,-331075442.9598,-92266780.07526,-164164641.9101,19456210.55672,12846967.03026,-13369719.13723,21921875.26885,15550875.26885,54.65235397609,14.16030201227,0.02637364744535189,0.16242641503810887,0.0263735745503368,7.278439433623343e-08,1.1062075392363569e-10,0,0,0,0
20,5,788961674.1839,788961605.0,0,GPS,2,0,L1,-331083106.7436,-92242556.82855,-164165151.7092,17220840.1501,3577349.231146,20449645.26152,10282737.27241,3911737.272413,22.40947962617,16.67192725053,0.5637493174059438,3.472538774125417,0.5638446198350457,-9.534520864950574e-05,4.2779547539627453e-08,0,0,0,0
21,5,788961674.1839,788961605.0,0,GPS,4,0,L1,-331083106.7436,-92242556.82855,-164165151.7092,25313326.0491,-275416.771965,-8177720.936365,18295307.77114,11924307.77114,43.44973789921,12.2007463063,0.14653388533937503,0.9024550810368858,0.14653384027759467,4.387361863175112e-08,1.188161725241763e-09,0,0,0,0
22,5,788961674.1839,788961605.0,0,GPS,21,0,L1,-331083106.7436,-92242556.82855,-164165151.7092,18226304.30509,11029454.43743,16856581.92381,8023022.999681,1652022.999681,17.17752343274,22.77642999376,2.8112642398506065,17.321777816757194,2.8125794593658417,-0.0013166364761095825,1.4169608743553239e-06,0,0,0,0
23,5,788961674.1839,788961605.0,0,GPS,27,0,L1,-331083106.7436,-92242556.82855,-164165151.7092,19454546.63314,12846888.13696,-13372179.11285,21923828.44518,15552828.44518,54.65960702321,14.16052892065,0.026361641488866182,0.1623524744431178,0.02636156863495761,7.274336954137339e-08,1.1053902961405899e-10,0,0,0,0
24,6,788961675.1839,788961606.0,0,GPS,2,0,L1,-331090768.6186,-92218333.24531,-164165662.1473,17221811.6658,3579615.335246,20448406.2562,10280687.99171,3909687.991709,22.4047871797,16.68325173126,0.5643074693981593,3.4759772779591884,0.5644029381183145,-9.551160030456799e-05,4.2880149366204896e-08,0,0,0,0
25,6,788961675.1839,788961606.0,0,GPS,4,0,L1,-331090768.6186,-92218333.24531,-164165662.1473,25314258.28435,-274975.3747672,-8174767.276631,18292733.2102,11921733.2102,43.44215209044,12.21455570294,0.14661684682943096,0.9029660147730514,0.14661680183885234,4.380109943907874e-08,1.1894791963667482e-09,0,0,0,0
26,6,788961675.1839,788961606.0,0,GPS,21,0,L1,-331090768.6186,-92218333.24531,-164165662.1473,18227067.09149,11031309.73484,16854560.1332,8023453.081988,1652453.081988,17.17846592889,22.77440041287,2.811217266661778,17.321487470504774,2.8125323151342103,-0.0013164650209814496,1.4165485490369399e-06,0,0,0,0
27,6,788961675.1839,788961606.0,0,GPS,27,0,L1,-331090768.6186,-92218333.24531,-164165662.1473,19452882.80152,12846809.55464,-13374639.08847,21925781.75924,15554781.75924,54.66686024825,14.1607554583,0.026351073954305713,0.16228739240328452,0.026351001104860803,7.273894242618791e-08,1.1050248482443385e-10,0,0,0,0
28,7,788961676.1839,788961607.0,0,GPS,2,0,L1,-331098428.5845,-92194109.32599,-164166173.2243,17222783.60356,3581881.316662,20447167.25087,10278639.46042,3907639.460421,22.40009613826,16.69457357235,0.565019212648409,3.480361838663099,0.5651148699710734,-9.570031854388842e-05,4.299587951382843e-08,0,0,0,0
29,7,788961676.1839,788961607.0,0,GPS,4,0,L1,-331098428.5845,-92194109.32599,-164166173.2243,25315190.71857,-274534.1150053,-8171813.616897,18290158.7724,11919158.7724,43.4345664443,12.22836877156,0.14670468531823327,0.903506983846029,0.14670464031126,4.381601234234041e-08,1.1909609353641596e-09,0,0,0,0
30,7,788961676.1839,788961607.0,0,GPS,21,0,L1,-331098428.5845,-92194109.32599,-164166173.2243,18227830.2454,11033164.97964,16852538.34258,8023884.670323,1652884.670323,17.17941141225,22.77236438436,2.811211662758039,17.32145204664103,2.812526563274754,-0.0013163166877980521,1.4161710828151007e-06,0,0,0,0
31,7,788961676.1839,788961607.0,0,GPS,27,0,L1,-331098428.5845,-92194109.32599,-164166173.2243,19451219.06224,12846731.283,-13377099.06377,21927735.21068,15556735.21068,54.67411364987,14.16098162534,0.026336755949624285,0.16219921306451168,0.026336683209804267,7.262945808822224e-08,1.1036193108713348e-10,0,0,0,0
32,8,788961677.1839,788961608.0,0,GPS,2,0,L1,-331106086.6398,-92169885.07586,-164166684.9398,17223755.96332,3584147.175594,20445928.24555,10276591.67899,3905591.678992,22.39540650296,16.70589276971,0.5659473226170912,3.4860793103027325,0.5660432298347811,-9.59503823001462e-05,4.316461036936401e-08,0,0,0,0
33,8,788961677.1839,788961608.0,0,GPS,4,0,L1,-331106086.6398,-92169885.07586,-164166684.9398,25316123.35167,-274092.9927282,-8168859.95749,18287584.4581,11916584.4581,43.4269809621,12.24218551188,0.14677238313029628,0.903923913726806,0.14677233823644265,4.370176757106033e-08,1.1920860512493804e-09,0,0,0,0
34,8,788961677.1839,788961608.0,0,GPS,21,0,L1,-331106086.6398,-92169885.07586,-164166684.9398,18228593.76663,11035020.17205,16850516.55196,8024317.764444,1653317.764444,17.18035988226,22.77032190971,2.811134779065355,17.3209774998881,2.8124495099570224,-0.0013161466625639484,1.415770896635265e-06,0,0,0,0
35,8,788961677.1839,788961608.0,0,GPS,27,0,L1,-331106086.6398,-92169885.07586,-164166684.9398,19449555.41447,12846653.32287,-13379559.03939,21929688.80005,15558688.80005,54.68136722954,14.16120742197,0.026335798043893802,0.1621933135604859,0.0263357252928965,7.264059593774702e-08,1.1040136632937585e-10,0,0,0,0
36,9,788961678.1839,788961609.0,0,GPS,2,0,L1,-331113742.7875,-92145660.48333,-164167197.2937,17224728.7452,3586412.911368,20444689.24023,10274544.64786,3903544.647863,22.39071827492,16.71720802108,0.5661560172463035,3.4873647567539248,0.5662519509212068,-9.597683308430738e-05,4.315818093929431e-08,0,0,0,0
37,9,788961678.1839,788961609.0,0,GPS,4,0,L1,-331113742.7875,-92145660.48333,-164167197.2937,25317056.18379,-273652.0081024,-8165906.297756,18285010.26668,11914010.26668,43.41939564237,12.25600592866,0.14692910294642084,0.9048891047159828,0.1469290586596718,4.3091840662690105e-08,1.194908384188638e-09,0,0,0,0
38,9,788961678.1839,788961609.0,0,GPS,21,0,L1,-331113742.7875,-92145660.48333,-164167197.2937,18229357.65557,11036875.31185,16848494.76108,8024752.364214,1653752.364214,17.1813113386,22.76827299021,2.8113452838489255,17.322273223225928,2.812659899726683,-0.0013160312876139804,1.4154098562697387e-06,0,0,0,0
39,9,788961678.1839,788961609.0,0,GPS,27,0,L1,-331113742.7875,-92145660.48333,-164167197.2937,19447891.85906,12846575.67325,-13382019.01501,21931642.527,15560642.527,54.68862098594,14.16143284831,0.02632538467962719,0.16212918135007218,0.026325311988927264,7.258037789201943e-08,1.1032203526761388e-10,0,0,0,0
40,10,788961679.1839,788961610.0,0,GPS,2,0,L1,-331121397.0238,-92121435.56089,-164167710.2859,17225701.94904,3588678.52456,20443450.23491,10272498.36748,3901498.367475,22.38603145527,16.72836276325,0.5667613332515791,3.4910937231171895,0.5668574323163,-9.614232235897923e-05,4.3257638058829654e-08,0,0,0,0
41,10,788961679.1839,788961610.0,0,GPS,4,0,L1,-331121397.0238,-92121435.56089,-164167710.2859,25317989.21485,-273211.1606242,-8162952.638023,18282436.19851,11911436.19851,43.41181048643,12.26983002164,0.14694506946806613,0.9049874337895706,0.14694502459201184,4.3681113653963234e-08,1.1949406353320004e-09,0,0,0,0
42,10,788961679.1839,788961610.0,0,GPS,21,0,L1,-331121397.0238,-92121435.56089,-164167710.2859,18230121.91187,11038730.39868,16846472.97046,8025188.469173,1654188.469173,17.18226578026,22.76621762784,2.8112489962367815,17.32167911324056,2.812563432634268,-0.001315851393863996,1.4149963776158494e-06,0,0,0,0
43,10,788961679.1839,788961610.0,0,GPS,27,0,L1,-331121397.0238,-92121435.56089,-164167710.2859,19446228.39591,12846498.33456,-13384478.9903,21933596.39121,15562596.39121,54.69587491773,14.16165790447,0.026319383575321865,0.16209222258567815,0.026319310903895585,7.256110793436668e-08,1.1031834420273198e-10,0,0,0,0
44,11,788961680.1839,788961611.0,0,GPS,2,0,L1,-331129049.3513,-92097210.29936,-164168223.916,17226675.57489,3590944.014081,20442211.22976,10270452.83855,3899452.838549,22.38134604576,16.73951238629,0.5674214275812237,3.495160057910281,0.5675176930490574,-9.630882583622426e-05,4.335800248694251e-08,0,0,0,0
45,11,788961680.1839,788961611.0,0,GPS,4,0,L1,-331129049.3513,-92097210.29936,-164168223.916,25318922.44482,-272770.4510571,-8159998.97829,18279862.25363,11908862.25363,43.40422549465,12.28365779222,0.14704652857462083,0.905612287495931,0.14704648361765052,4.376031971721987e-08,1.1966505950215084e-09,0,0,0,0
46,11,788961680.1839,788961611.0,0,GPS,21,0,L1,-331129049.3513,-92097210.29936,-164168223.916,18230886.53581,11040585.43245,16844451.17985,8025626.079184,1654626.079184,17.18322320693,22.76415582387,2.8112472867686917,17.321667624898282,2.812561567244014,-0.0013156950923405033,1.4146170183042414e-06,0,0,0,0
47,11,788961680.1839,788961611.0,0,GPS,27,0,L1,-331129049.3513,-92097210.29936,-164168223.916,19444565.02476,12846421.30677,-13386938.96592,21935550.39321,15564550.39321,54.7031290264,14.16188259066,0.026302449147784075,0.16198792944272364,0.02630237657101534,7.246659947751494e-08,1.1016925586552811e-10,0,0,0,0
48,12,788961681.1839,788961612.0,0,GPS,2,0,L1,-331136699.7661,-92072984.71123,-164168738.184,17227649.62272,3593209.381584,20440972.22443,10268408.06097,3897408.060969,22.37666204625,16.75065689336,0.5680633795349256,3.4991146338551817,0.568159807224103,-9.647114453205617e-05,4.3455354627110724e-08,0,0,0,0
49,12,788961681.1839,788961612.0,0,GPS,4,0,L1,-331136699.7661,-92072984.71123,-164168738.184,25319855.87369,-272329.8785066,-8157045.318558,18277288.43206,11906288.43206,43.39664066742,12.29748924181,0.14711415441843465,0.9060287740071616,0.14711410955183474,4.3668830693164976e-08,1.1977692070639465e-09,0,0,0,0
50,12,788961681.1839,788961612.0,0,GPS,21,0,L1,-331136699.7661,-92072984.71123,-164168738.184,18231651.527,11042440.41379,16842429.38923,8026065.194,1655065.194,17.18418361803,22.76208757984,2.811233247768497,17.321580080190053,2.8125473523954723,-0.0013155188117183276,1.4141847428174138e-06,0,0,0,0
51,12,788961681.1839,788961612.0,0,GPS,27,0,L1,-331136699.7661,-92072984.71123,-164168738.184,19442901.74584,12846344.59002,-13389398.94121,21937504.53239,15566504.53239,54.71038330967,14.16210690697,0.0262887262058785,0.16190341438452413,0.02628865365416387,7.244159433333508e-08,1.1012029606049754e-10,0,0,0,0
52,13,788961682.1839,788961613.0,0,GPS,2,0,L1,-331144348.2722,-92048758.78249,-164169253.0895,17228624.09261,3595474.62573,20439733.21911,10266364.03546,3895364.035456,22.37197945849,16.76179628364,0.5685658854861714,3.5022103971996286,0.5686624738952588,-9.663196185541273e-05,4.355276795423192e-08,0,0,0,0
53,13,788961682.1839,788961613.0,0,GPS,4,0,L1,-331144348.2722,-92048758.78249,-164169253.0895,25320789.50143,-271889.4441048,-8154091.658826,18274714.73384,11903714.73384,43.38905600513,12.31132437183,0.14721030183910247,0.9066209151967364,0.1472102569660587,4.3673715249249705e-08,1.199328518623478e-09,0,0,0,0
54,13,788961682.1839,788961613.0,0,GPS,21,0,L1,-331144348.2722,-92048758.78249,-164169253.0895,18232416.88587,11044295.34235,16840407.59835,8026505.813484,1655505.813484,17.18514701325,22.76001289702,2.8111848978810525,17.321281272903434,2.8124988343250097,-0.0013153502415938088,1.4137976366577702e-06,0,0,0,0
55,13,788961682.1839,788961613.0,0,GPS,27,0,L1,-331144348.2722,-92048758.78249,-164169253.0895,19441238.5591,12846268.18401,-13391858.91683,21939458.80926,15568458.80926,54.71763776903,14.1623308536,0.026282916339538717,0.1618676336479186,0.02628284384838745,7.23810761742789e-08,1.1007509319580694e-10,0,0,0,0
56,14,788961683.1839,788961614.0,0,GPS,2,0,L1,-331151994.8664,-92024532.52325,-164169768.6324,17229598.98445,3597739.746971,20438494.21378,10264320.76245,3893320.762451,22.3672982836,16.77293055761,0.5692714366821352,3.5065567399222073,0.5693682002008499,-9.680717753863102e-05,4.3658823893483255e-08,0,0,0,0
57,14,788961683.1839,788961614.0,0,GPS,4,0,L1,-331151994.8664,-92024532.52325,-164169768.6324,25321723.32796,-271449.1475319,-8151137.999421,18272141.15934,11901141.15934,43.38147150908,12.32516318202,0.1473682977638714,0.9075939606094366,0.14736825273125914,4.383173609426708e-08,1.2008761540126717e-09,0,0,0,0
58,14,788961683.1839,788961614.0,0,GPS,21,0,L1,-331151994.8664,-92024532.52325,-164169768.6324,18233182.61216,11046150.21762,16838385.80773,8026947.93717,1655947.93717,17.18611339157,22.75793177742,2.8114990895372074,17.32321557984417,2.8128129124772165,-0.001315236341919091,1.4134019098261838e-06,0,0,0,0
59,14,788961683.1839,788961614.0,0,GPS,27,0,L1,-331151994.8664,-92024532.52325,-164169768.6324,19439575.46452,12846192.089,-13394318.89244,21941413.22352,15570413.22352,54.72489240313,14.16255443066,0.026270118013728794,0.1617888129933676,0.026270045545793506,7.235791505378714e-08,1.1002023527147061e-10,0,0,0,0
60,15,788961684.1839,788961615.0,0,GPS,2,0,L1,-331159639.5478,-92000305.93635,-164170284.8126,17230574.2982,3600004.745383,20437255.20846,10262278.2424,3891278.242399,22.36261852271,16.78405971578,0.569977903272393,3.5109087165082316,0.5700748412906375,-9.698178306768418e-05,4.37648231723289e-08,0,0,0,0
61,15,788961684.1839,788961615.0,0,GPS,4,0,L1,-331159639.5478,-92000305.93635,-164170284.8126,25322657.35344,-271008.9878493,-8148184.33969,18269567.70794,11898567.70794,43.37388717781,12.33900567711,0.1474592788479165,0.9081542845280965,0.14745923389733148,4.374812187916896e-08,1.2024631293834453e-09,0,0,0,0
62,15,788961684.1839,788961615.0,0,GPS,21,0,L1,-331159639.5478,-92000305.93635,-164170284.8126,18233948.70576,11048005.0402,16836364.01711,8027391.564919,1656391.564919,17.18708275265,22.75584422233,2.8111428491141113,17.32102032155356,2.8124564630156494,-0.0013150268903750208,1.412988836732366e-06,0,0,0,0
63,15,788961684.1839,788961615.0,0,GPS,27,0,L1,-331159639.5478,-92000305.93635,-164170284.8126,19437912.46238,12846116.30485,-13396778.86774,21943367.7748,15572367.7748,54.73214721066,14.16277763828,0.026265460018020353,0.16176012605508167,0.026265387577412397,7.233060051649116e-08,1.1000744175943626e-10,0,0,0,0
64,16,788961685.1839,788961616.0,0,GPS,2,0,L1,-331167282.3202,-91976079.00778,-164170801.6297,17231550.03399,3602269.620164,20436016.20313,10260236.47574,3889236.47574,22.35794017694,16.79518375865,0.5707111764392806,3.5154259767106355,0.5708083198857503,-9.718734408730202e-05,4.3897617542149216e-08,0,0,0,0
65,16,788961685.1839,788961616.0,0,GPS,4,0,L1,-331167282.3202,-91976079.00778,-164170801.6297,25323591.57774,-270568.9665797,-8145230.679959,18266994.38,11895994.38,43.36630301263,12.35285185687,0.14754646020360018,0.9086912065887452,0.1475464152464422,4.375324851129117e-08,1.203909484734474e-09,0,0,0,0
66,16,788961685.1839,788961616.0,0,GPS,21,0,L1,-331167282.3202,-91976079.00778,-164170801.6297,18234715.16715,11049859.80924,16834342.22649,8027836.696481,1656836.696481,17.18805509592,22.7537502333,2.811403004928605,17.322621730183894,2.812716487654423,-0.0013148953104035641,1.412584585440466e-06,0,0,0,0
67,16,788961685.1839,788961616.0,0,GPS,27,0,L1,-331167282.3202,-91976079.00778,-164170801.6297,19436249.5526,12846040.83125,-13399238.84335,21945322.46367,15574322.46367,54.73940219309,14.16300047666,0.026260322915811755,0.1617284886630377,0.026260250536633323,7.22692270225203e-08,1.0995140964569217e-10,0,0,0,0
68,17,788961686.1839,788961617.0,0,GPS,2,0,L1,-331174923.1778,-91951851.75729,-164171319.0836,17232526.19162,3604534.372267,20434777.19781,10258195.46292,3887195.462919,22.35326324742,16.80630268673,0.5711012291137388,3.5178288063678735,0.5711984732181505,-9.72880524002044e-05,4.394798852113556e-08,0,0,0,0
69,17,788961686.1839,788961617.0,0,GPS,4,0,L1,-331174923.1778,-91951851.75729,-164171319.0836,25324526.00088,-270129.0822756,-8142277.020228,18264421.17556,11893421.17556,43.35871901392,12.36670172269,0.14761748511289385,0.9091286266199746,0.14761744020750364,4.370034983253002e-08,1.2050403711910501e-09,0,0,0,0
70,17,788961686.1839,788961617.0,0,GPS,21,0,L1,-331174923.1778,-91951851.75729,-164171319.0836,18235481.99568,11051714.52575,16832320.43588,8028283.331606,1657283.331606,17.18903042083,22.75164981187,2.8113153819424515,17.322080983317047,2.8126286852621685,-0.0013147154976017846,1.4121778849066264e-06,0,0,0,0
71,17,788961686.1839,788961617.0,0,GPS,27,0,L1,-331174923.1778,-91951851.75729,-164171319.0836,19434586.73483,12845965.66904,-13401698.81896,21947277.28977,15576277.28977,54.74665734908,14.16322294591,0.026246291165482882,0.16164207191785185,0.02624621883821147,7.22174143998215e-08,1.098570116704823e-10,0,0,0,0
72,18,788961687.1839,788961618.0,0,GPS,2,0,L1,-331182562.1251,-91927624.16843,-164171837.174,17233509.95998,3606798.093823,20433541.21791,10256155.15044,3885155.150443,22.3485817046,16.81743099645,0.5717570815192194,3.521869000734964,0.5718544894659592,-9.74519936506717e-05,4.404691088175873e-08,0,0,0,0
73,18,788961687.1839,788961618.0,0,GPS,4,0,L1,-331182562.1251,-91927624.16843,-164171837.174,25325466.34442,-269690.7000204,-8139324.607155,18261851.85604,11890851.85604,43.35113444435,12.38056091958,0.14771322660363184,0.9097182677078242,0.14771318167409142,4.372293728323556e-08,1.2066031284999274e-09,0,0,0,0
74,18,788961687.1839,788961618.0,0,GPS,21,0,L1,-331182562.1251,-91927624.16843,-164171837.174,18236255.82569,11053570.16559,16830301.13268,8028730.374161,1657730.374161,17.19000213708,22.74955723883,2.811291786086536,17.321934590092976,2.812604915036077,-0.001314540712283434,1.4117627426197197e-06,0,0,0,0
75,18,788961687.1839,788961618.0,0,GPS,27,0,L1,-331182562.1251,-91927624.16843,-164171837.174,19432927.5866,12845896.15542,-13404160.56801,21949236.686,15578236.686,54.75391088539,14.16344543198,0.026235906762041485,0.1615781178649266,0.026235834462109687,7.219013536765762e-08,1.0979643059733803e-10,0,0,0,0
76,19,788961688.1839,788961619.0,0,GPS,2,0,L1,-331190199.1584,-91903396.25373,-164172355.9008,17234475.91957,3609062.8024,20432294.73448,10254113.62357,3883113.623573,22.34391404825,16.82850141466,0.5724358712864703,3.5260505049514745,0.5725334505398757,-9.762340392594286e-05,4.415052052844808e-08,0,0,0,0
77,19,788961688.1839,788961619.0,0,GPS,4,0,L1,-331190199.1584,-91903396.25373,-164172355.9008,25326389.49002,-269249.5047024,-8136367.865997,18259271.07729,11888271.07729,43.34355216006,12.39459484491,0.14779594625056466,0.9102277118428548,0.147795901365167,4.3677421798787684e-08,1.2079758881674226e-09,0,0,0,0
78,19,788961688.1839,788961619.0,0,GPS,21,0,L1,-331190199.1584,-91903396.25373,-164172355.9008,18237012.80257,11055421.543,16828273.30891,8029179.618331,1658179.618331,17.19099048042,22.747421832,2.8113228970882433,17.32212522949219,2.81263586962192,-0.0013143838852742414,1.4113515976073053e-06,0,0,0,0
79,19,788961688.1839,788961619.0,0,GPS,27,0,L1,-331190199.1584,-91903396.25373,-164172355.9008,19431256.84384,12845813.18887,-13406615.55862,21951182.32751,15580182.32751,54.76116878823,14.16368791928,0.026213343374189534,0.16143915782610554,0.026213271180499955,7.208407877341197e-08,1.0961080390501324e-10,0,0,0,0
80,20,788961689.1839,788961620.0,0,GPS,2,0,L1,-331197834.2801,-91879168.00398,-164172875.2638,17235442.30113,3611327.38901,20431048.25105,10252072.85326,3881072.853261,22.33924780976,16.83956638784,0.5730739972388313,3.5299815548082973,0.5731717447264197,-9.779173990481193e-05,4.4252316431645945e-08,0,0,0,0
81,20,788961689.1839,788961620.0,0,GPS,4,0,L1,-331197834.2801,-91879168.00398,-164172875.2638,25327312.83463,-268808.4458328,-8133411.124839,18256690.4223,11885690.4223,43.3359700364,12.40863266219,0.14788197317152119,0.9107575244903562,0.14788192834146457,4.3620634859470163e-08,1.2094217651715995e-09,0,0,0,0
82,20,788961689.1839,788961620.0,0,GPS,21,0,L1,-331197834.2801,-91879168.00398,-164172875.2638,18237770.14662,11057272.86801,16826245.4854,8029630.365416,1658630.365416,17.19198180476,22.74527998634,2.811237027383656,17.32159519345095,2.812549806372634,-0.0013141899079575506,1.410918979559924e-06,0,0,0,0
83,20,788961689.1839,788961620.0,0,GPS,27,0,L1,-331197834.2801,-91879168.00398,-164172875.2638,19429586.19251,12845730.534,-13409070.54922,21953128.1057,15582128.1057,54.76842687,14.16393005976,0.026211475072438015,0.16142765188217162,0.026211402932222464,7.203054097055931e-08,1.0967458045445881e-10,0,0,0,0
84,21,788961690.1839,788961621.0,0,GPS,2,0,L1,-331205467.4865,-91854939.43168,-164173395.2628,17236409.10453,3613591.854229,20429801.76763,10250032.83995,3879032.839952,22.33458299025,16.85062591624,0.5735678777602583,3.533024169806798,0.573665781570563,-9.794815779178679e-05,4.4347487074423306e-08,0,0,0,0
85,21,788961690.1839,788961621.0,0,GPS,4,0,L1,-331205467.4865,-91854939.43168,-164173395.2628,25328236.37833,-268367.5221265,-8130454.383355,18254109.89076,11883109.89076,43.32838807284,12.42267437463,0.1479627128887269,0.9112547745259604,0.14796266804677105,4.3631175656935747e-08,1.210780173356282e-09,0,0,0,0
86,21,788961690.1839,788961621.0,0,GPS,21,0,L1,-331205467.4865,-91854939.43168,-164173395.2628,18238527.85738,11059124.14224,16824217.66162,8030082.615386,1659082.615386,17.19297611,22.74313170285,2.8111683374601637,17.32117093985495,2.812480919277886,-0.0013139922955130055,1.4104777904262956e-06,0,0,0,0
87,21,788961690.1839,788961621.0,0,GPS,27,0,L1,-331205467.4865,-91854939.43168,-164173395.2628,19427915.63253,12845648.19123,-13411525.5395,21955074.02023,15584074.02023,54.77568512938,14.1641718535,0.02620606484641156,0.16139433205286657,0.02620599270998752,7.202675530221143e-08,1.096687382104828e-10,0,0,0,0
88,22,788961691.1839,788961622.0,0,GPS,2,0,L1,-331213098.7808,-91830710.52523,-164173915.8975,17237376.32989,3615856.197381,20428555.2842,10247993.58409,3876993.58409,22.32991959087,16.8616800001,0.5742954620469993,3.5375062645022046,0.5743935502562367,-9.813266890824058e-05,4.4459670850477595e-08,0,0,0,0
89,22,788961691.1839,788961622.0,0,GPS,4,0,L1,-331213098.7808,-91830710.52523,-164173915.8975,25329160.12092,-267926.7353124,-8127497.642198,18251529.48338,11880529.48338,43.3208062716,12.43671998036,0.14804393827574164,0.9117550157165526,0.14804389343323385,4.3630409271409694e-08,1.2120985279903877e-09,0,0,0,0
90,22,788961691.1839,788961622.0,0,GPS,21,0,L1,-331213098.7808,-91830710.52523,-164173915.8975,18239285.9353,11060975.36397,16822189.83811,8030536.367764,1659536.367764,17.1939733951,22.74097698356,2.8113173474405224,17.322087723322543,2.8126297796533577,-0.0013138422723060394,1.4100594707092976e-06,0,0,0,0
91,22,788961691.1839,788961622.0,0,GPS,27,0,L1,-331213098.7808,-91830710.52523,-164173915.8975,19426245.16371,12845566.16039,-13413980.5301,21957020.07166,15586020.07166,54.78294356783,14.16441330067,0.026183669939110844,0.16125640948931372,0.026183597885776316,7.194384103418108e-08,1.0949349423571782e-10,0,0,0,0
92,23,788961692.1839,788961623.0,0,GPS,2,0,L1,-331220728.1611,-91806481.28991,-164174437.1677,17238343.97719,3618120.419205,20427308.80059,10245955.08584,3874955.085844,22.32525761212,16.872728641,0.5749751916020422,3.54169362110456,0.5750734615963666,-9.83145662048165e-05,4.4571880418278996e-08,0,0,0,0
93,23,788961692.1839,788961623.0,0,GPS,4,0,L1,-331220728.1611,-91806481.28991,-164174437.1677,25330084.06247,-267486.0846582,-8124540.901041,18248949.19986,11877949.19986,43.31322463214,12.45076948262,0.14814467410051546,0.9123754156494142,0.14814462928876887,4.359790717628045e-08,1.2138394104588558e-09,0,0,0,0
94,23,788961692.1839,788961623.0,0,GPS,21,0,L1,-331220728.1611,-91806481.28991,-164174437.1677,18240044.38016,11062826.53444,16820162.01434,8030991.622519,1659991.622519,17.19497365996,22.73881582948,2.811298144495772,17.32196840615845,2.812610405833394,-0.0013136709925465292,1.4096549247395985e-06,0,0,0,0
95,23,788961692.1839,788961623.0,0,GPS,27,0,L1,-331220728.1611,-91806481.28991,-164174437.1677,19424574.78625,12845484.44148,-13416435.5207,21958966.25963,15587966.25963,54.79020218402,14.16465440134,0.026175113926580867,0.16120371623992913,0.02617504195390638,7.18632722389522e-08,1.0940224770760142e-10,0,0,0,0
96,24,788961693.1839,788961624.0,0,GPS,2,0,L1,-331228355.6274,-91782251.72616,-164174959.0732,17239312.0463,3620384.518576,20426062.31716,10243917.34621,3872917.346215,22.32059705637,16.88377183656,0.5799291335591941,3.5722127995204915,0.5800289352918166,-9.984949712511736e-05,4.7764502587881925e-08,0,0,0,0
97,24,788961693.1839,788961624.0,0,GPS,4,0,L1,-331228355.6274,-91782251.72616,-164174959.0732,25331008.20297,-267045.5701907,-8121584.159885,18246369.04023,11875369.04023,43.30564315484,12.46482288292,0.14840885048544486,0.9140023908869424,0.14840880524012773,4.402929714148384e-08,1.216019989783416e-09,0,0,0,0
98,24,788961693.1839,788961624.0,0,GPS,21,0,L1,-331228355.6274,-91782251.72616,-164174959.0732,18240803.19202,11064677.65259,16818134.19083,8031448.379172,1660448.379172,17.19597690354,22.73664824264,2.8112132385030812,17.321444248372387,2.812525297050788,-0.0013134677389901924,1.4091912833627442e-06,0,0,0,0
99,24,788961693.1839,788961624.0,0,GPS,27,0,L1,-331228355.6274,-91782251.72616,-164174959.0732,19422904.50019,12845403.03447,-13418890.5113,21960912.58411,15589912.58411,54.79746097758,14.16489515562,0.026174889251438467,0.1612023324664434,0.0261748172672187,7.187477033175434e-08,1.094494345652751e-10,0,0,0,0
100,25,788961694.1839,788961625.0,0,GPS,2,0,L1,-331235981.1785,-91758021.83683,-164175481.6139,17240280.53725,3622648.496108,20424815.83373,10241880.36537,3870880.365371,22.31593792413,16.89480958836,0.5761080915856844,3.5486725721969603,0.5762066509663062,-9.860412449079848e-05,4.474386906519394e-08,0,0,0,0
101,25,788961694.1839,788961625.0,0,GPS,4,0,L1,-331235981.1785,-91758021.83683,-164175481.6139,25331932.5424,-266605.1917521,-8118627.418729,18243789.00453,11872789.00453,43.2980618401,12.4788801828,0.148481252427362,0.9144482920837396,0.1484812073088002,4.3901257353935274e-08,1.2173044315144294e-09,0,0,0,0
102,25,788961694.1839,788961625.0,0,GPS,21,0,L1,-331235981.1785,-91758021.83683,-164175481.6139,18241562.37073,11066528.71952,16816106.36705,8031906.637692,1660906.637692,17.19698312572,22.73447422407,2.811164284221879,17.321141588862094,2.812476153485339,-0.0013132780309282881,1.408767468680402e-06,0,0,0,0
103,25,788961694.1839,788961625.0,0,GPS,27,0,L1,-331235981.1785,-91758021.83683,-164175481.6139,19421234.30546,12845321.93951,-13421345.5019,21962859.04506,15591859.04506,54.80471994808,14.16513556362,0.026151819511880822,0.16106025371392577,0.026151747592432963,7.181016862620617e-08,1.0927923272825005e-10,0,0,0,0
104,26,788961695.1839,788961626.0,0,GPS,2,0,L1,-331243604.8155,-91733791.61757,-164176004.7895,17241249.45008,3624912.3515,20423569.3503,10239844.14376,3868844.143757,22.31128021653,16.90584189664,0.5767228320110038,3.5524595776074714,0.5768215563035521,-9.876913637948731e-05,4.484383120912913e-08,0,0,0,0
105,26,788961695.1839,788961626.0,0,GPS,4,0,L1,-331243604.8155,-91733791.61757,-164176004.7895,25332857.08075,-266164.9497377,-8115670.677573,18241209.0928,11870209.0928,43.29048068829,12.49294138378,0.148572344314305,0.9150092972310386,0.14857229908763397,4.4007893797928034e-08,1.218777214644776e-09,0,0,0,0
106,26,788961695.1839,788961626.0,0,GPS,21,0,L1,-331243604.8155,-91733791.61757,-164176004.7895,18242321.91651,11068379.73391,16814078.54354,8032366.397597,1661366.397597,17.19799232546,22.7322937758,2.8111353176132106,17.32096207738749,2.812447005767851,-0.00131309648808553,1.4083334452736622e-06,0,0,0,0
107,26,788961695.1839,788961626.0,0,GPS,27,0,L1,-331243604.8155,-91733791.61757,-164176004.7895,19419564.20263,12845241.15601,-13423800.49218,21964805.64213,15593805.64213,54.81197909422,14.16537562542,0.02615323848256075,0.1610689929103852,0.02615316659715137,7.177610601618584e-08,1.0930336457774744e-10,0,0,0,0
108,27,788961696.1839,788961627.0,0,GPS,2,0,L1,-331251226.5376,-91709561.07122,-164176528.5998,17242218.78474,3627176.084829,20422322.86687,10237808.68182,3866808.68182,22.30662393469,16.91686876169,0.5773789348794204,3.5565013299833943,0.577477825529068,-9.893559427730716e-05,4.494462964764097e-08,0,0,0,0
109,27,788961696.1839,788961627.0,0,GPS,4,0,L1,-331251226.5376,-91709561.07122,-164176528.5998,25333781.81792,-265724.8443805,-8112713.936744,18238629.3054,11867629.3054,43.28289970072,12.5070064857,0.14865110081133748,0.9154943345387782,0.1486510557824263,4.3808777493518734e-08,1.2201336817958425e-09,0,0,0,0
110,27,788961696.1839,788961627.0,0,GPS,21,0,L1,-331251226.5376,-91709561.07122,-164176528.5998,18243081.82921,11070230.69686,16812050.71976,8032827.658854,1661827.658854,17.19900450265,22.73010689887,2.811078167360522,17.32060890676881,2.8123896605901066,-0.0013129011302207946,1.4079006361160224e-06,0,0,0,0
111,27,788961696.1839,788961627.0,0,GPS,27,0,L1,-331251226.5376,-91709561.07122,-164176528.5998,19417894.19097,12845160.68465,-13426255.48277,21966752.37588,15595752.37588,54.81923841746,14.16561534118,0.026136702044695617,0.160967150727908,0.02613663023272258,7.170279541474533e-08,1.091776224056567e-10,0,0,0,0
112,28,788961697.1839,788961628.0,0,GPS,2,0,L1,-331258846.3442,-91685330.19823,-164177053.0446,17243188.54129,3629439.696583,20421076.38327,10235773.97973,3864773.979729,22.30196907914,16.92789018507,0.578049966008076,3.560635055241266,0.5781490286165308,-9.910765746474874e-05,4.504900990884247e-08,0,0,0,0
113,28,788961697.1839,788961628.0,0,GPS,4,0,L1,-331258846.3442,-91685330.19823,-164177053.0446,25334706.75407,-265284.874926,-8109757.195589,18236049.64171,11865049.64171,43.27531887592,12.52107549348,0.14874602506113363,0.9160789421844489,0.14874597995668806,4.388276488804513e-08,1.2216806662653883e-09,0,0,0,0
114,28,788961697.1839,788961628.0,0,GPS,21,0,L1,-331258846.3442,-91685330.19823,-164177053.0446,18243842.1089,11072081.60732,16810022.89625,8033290.420981,1662290.420981,17.20001965624,22.72791359532,2.8109794589158312,17.319999760554,2.812290752028315,-0.0013127005474639717,1.4074349802053927e-06,0,0,0,0
115,28,788961697.1839,788961628.0,0,GPS,27,0,L1,-331258846.3442,-91685330.19823,-164177053.0446,19416224.27085,12845080.52515,-13428710.47337,21968699.24596,15597699.24596,54.82649791648,14.16585471098,0.026122430559626503,0.16087925742467238,0.0261223587819563,7.166854090821926e-08,1.0912929652371979e-10,0,0,0,0
116,29,788961698.1839,788961629.0,0,GPS,2,0,L1,-331266464.2346,-91661099.00147,-164177578.1236,17244158.71956,3631703.185762,20419829.89983,10233740.03849,3862740.038485,22.29731565224,16.93890616443,0.581386711365961,3.581188781387963,0.5814863874364613,-9.972149583935305e-05,4.542533901653684e-08,0,0,0,0
117,29,788961698.1839,788961629.0,0,GPS,4,0,L1,-331266464.2346,-91661099.00147,-164177578.1236,25335631.88909,-264845.0416071,-8106800.454435,18233470.10209,11862470.10209,43.26773821521,12.53514840695,0.15121271395666105,0.9312705028788248,0.15121267084816087,4.18487453377284e-08,1.259754857752763e-09,0,0,0,0
118,29,788961698.1839,788961629.0,0,GPS,21,0,L1,-331266464.2346,-91661099.00147,-164177578.1236,18244602.75542,11073932.46638,16807995.07248,8033754.683944,1662754.683944,17.2010377861,22.72571386619,2.820391286299901,17.377987251083383,2.8217063227906496,-0.00131644923368414,1.4127429354385977e-06,0,0,0,0
119,29,788961698.1839,788961629.0,0,GPS,27,0,L1,-331266464.2346,-91661099.00147,-164177578.1236,19414554.44221,12845000.67764,-13431165.46396,21970646.25234,15599646.25234,54.83375759087,14.16609373494,0.02626376325446669,0.16174967912038155,0.02626369128305614,7.186119770324266e-08,1.10212845643977e-10,0,0,0,0
120,30,788961699.1839,788961630.0,0,GPS,2,0,L1,-331274080.2097,-91636867.47656,-164178103.8367,17245129.31966,3633966.552603,20418583.4164,10231706.85826,3860706.858258,22.2926636545,16.94991670136,0.5849353034817694,3.6030503738301585,0.5850361077078102,-0.00010085149035414347,4.726431330905959e-08,0,0,0,0
121,30,788961699.1839,788961630.0,0,GPS,4,0,L1,-331274080.2097,-91636867.47656,-164178103.8367,25336557.22297,-264405.3448189,-8103843.71328,18230890.68658,11859890.68658,43.26015771896,12.54922522764,0.1513079415412043,0.9318569793065392,0.15130789846113699,4.1818662531624424e-08,1.2614047870574696e-09,0,0,0,0
122,30,788961699.1839,788961630.0,0,GPS,21,0,L1,-331274080.2097,-91636867.47656,-164178103.8367,18245363.769,11075783.27274,16805967.24897,8034220.447256,1663220.447256,17.20205889119,22.72350771353,2.820645515317985,17.379551949707064,2.8219603867357956,-0.00131628370068184,1.4122828712046868e-06,0,0,0,0
123,30,788961699.1839,788961630.0,0,GPS,27,0,L1,-331274080.2097,-91636867.47656,-164178103.8367,19412884.70561,12844921.14153,-13433620.45424,21972593.39467,15601593.39467,54.84101743931,14.16633241312,0.026261871566250337,0.1617380290222168,0.026261799628103374,7.1827932847828e-08,1.1021411630851271e-10,0,0,0,0
124,31,788961700.1839,788961631.0,0,GPS,2,0,L1,-331281694.2686,-91612635.62636,-164178630.1837,17246100.34155,3636229.797183,20417336.93297,10229674.43949,3858674.439493,22.28801308705,16.96092179615,0.5824597553862204,3.5877990938828774,0.5825597200550797,-0.00010001026646068564,4.559760136513246e-08,0,0,0,0
125,31,788961700.1839,788961631.0,0,GPS,4,0,L1,-331281694.2686,-91612635.62636,-164178630.1837,25337482.7557,-263965.7844041,-8100886.972127,18228311.39521,11857311.39521,43.25257738757,12.56330595709,0.15139473016416405,0.9323914830017094,0.15139468713432594,4.1766901454904415e-08,1.2629366480214402e-09,0,0,0,0
126,31,788961700.1839,788961631.0,0,GPS,21,0,L1,-331281694.2686,-91612635.62636,-164178630.1837,18246125.14949,11077634.02747,16803939.42519,8034687.710884,1663687.710884,17.20308297139,22.7212951384,2.820204991794568,17.376837284149182,2.821519599844986,-0.0013160198495377456,1.4117991201002652e-06,0,0,0,0
127,31,788961700.1839,788961631.0,0,GPS,27,0,L1,-331281694.2686,-91612635.62636,-164178630.1837,19411215.06033,12844841.91751,-13436075.44484,21974540.67349,15603540.67349,54.84827746327,14.16657074569,0.026244437936184153,0.16163066143353777,0.0262443660899461,7.173616691070676e-08,1.100711402280888e-10,0,0,0,0
128,32,788961701.1839,788961632.0,0,GPS,2,0,L1,-331289306.4109,-91588403.45131,-164179157.1643,17247071.78521,3638492.919452,20416090.44954,10227642.78264,3856642.78264,22.28336395103,16.97192144905,0.5831026317626834,3.5917594163551314,0.5832027673078363,-0.00010018124712759429,4.570197473323677e-08,0,0,0,0
129,32,788961701.1839,788961632.0,0,GPS,4,0,L1,-331289306.4109,-91588403.45131,-164179157.1643,25338408.48725,-263526.3603893,-8097930.230973,18225732.22802,11854732.22802,43.2449972214,12.57739059682,0.15145754266946748,0.932778323135376,0.15145749931362526,4.2091695824355734e-08,1.2641463945511912e-09,0,0,0,0
130,32,788961701.1839,788961632.0,0,GPS,21,0,L1,-331289306.4109,-91588403.45131,-164179157.1643,18246886.89694,11079484.72955,16801911.60168,8035156.474339,1664156.474339,17.20411002564,22.71907614287,2.8204857991012244,17.378565699829103,2.8218002469292527,-0.0013158591618761147,1.4113338478919992e-06,0,0,0,0
131,32,788961701.1839,788961632.0,0,GPS,27,0,L1,-331289306.4109,-91588403.45131,-164179157.1643,19409545.50674,12844763.0053,-13438530.43543,21976488.08848,15605488.08848,54.85553766142,14.16680873275,0.026233609482942052,0.1615639725955326,0.026233537660097467,7.171282357194654e-08,1.1002101201607609e-10,0,0,0,0
132,33,788961702.1839,788961633.0,0,GPS,2,0,L1,-331296916.6364,-91564170.95186,-164179684.7784,17248043.65063,3640755.91936,20414843.9661,10225611.88814,3854611.888143,22.27871624756,16.98291566037,0.5837635549369505,3.5958308827470136,0.5838638612708491,-0.00010035213986171617,4.580596310055813e-08,0,0,0,0
133,33,788961702.1839,788961633.0,0,GPS,4,0,L1,-331296916.6364,-91564170.95186,-164179684.7784,25339334.41762,-263087.0728009,-8094973.48982,18223153.18505,11852153.18505,43.23741722085,12.59147914837,0.1515677742227139,0.9334572060775758,0.1515677311985244,4.1758455459226514e-08,1.2657340246142586e-09,0,0,0,0
134,33,788961702.1839,788961633.0,0,GPS,21,0,L1,-331296916.6364,-91564170.95186,-164179684.7784,18247649.01134,11081335.37941,16799883.77817,8035626.737472,1664626.737472,17.20514005357,22.71685072823,2.8204349844140926,17.378251601994826,2.8217492460951425,-0.0013156725858826828,1.4109048327497881e-06,0,0,0,0
135,33,788961702.1839,788961633.0,0,GPS,27,0,L1,-331296916.6364,-91564170.95186,-164179684.7784,19407876.0452,12844684.40459,-13440985.4257,21978435.63929,15607435.63929,54.86279803243,14.16704637435,0.02622443243856271,0.1615074542284012,0.02622436063449696,7.169409590179191e-08,1.0996984550445713e-10,0,0,0,0
136,34,788961703.1839,788961634.0,0,GPS,2,0,L1,-331304524.9442,-91539938.13088,-164180213.0256,17249015.93777,3643018.796984,20413597.48267,10223581.75645,3852581.756452,22.27406997778,16.99390443039,0.5843760478371498,3.599604088801067,0.5844765259728129,-0.00010052404683429451,4.591117122577568e-08,0,0,0,0
137,34,788961703.1839,788961634.0,0,GPS,4,0,L1,-331304524.9442,-91539938.13088,-164180213.0256,25340260.54679,-262647.9214815,-8092016.748667,18220574.26632,11849574.26632,43.2298373863,12.60557161327,0.15174324494827704,0.9345378730010993,0.15174320173184214,4.194876932147249e-08,1.267665570181544e-09,0,0,0,0
138,34,788961703.1839,788961634.0,0,GPS,21,0,L1,-331304524.9442,-91539938.13088,-164180213.0256,18248411.49255,11083185.97766,16797855.95439,8036098.500135,1665098.500135,17.20617305484,22.7146188958,2.8203680989436126,17.377838345250453,2.821682144586108,-0.0013154560771336749,1.4104346380878875e-06,0,0,0,0
139,34,788961703.1839,788961634.0,0,GPS,27,0,L1,-331304524.9442,-91539938.13088,-164180213.0256,19406206.675,12844606.11608,-13443440.4163,21980383.32647,15609383.32647,54.87005857778,14.16728367068,0.026223014106212007,0.1614987193934123,0.026222942337961196,7.165827445649072e-08,1.0997635541509864e-10,0,0,0,0
140,35,788961704.1839,788961635.0,0,GPS,2,0,L1,-331312131.3352,-91515704.98398,-164180741.9059,17249988.64667,3645281.552023,20412350.99924,10221552.38801,3850552.388013,22.26942514282,17.00488775939,0.5850537118225518,3.60377870125262,0.5851543680139855,-0.00010070221154225337,4.6020108601558854e-08,0,0,0,0
141,35,788961704.1839,788961635.0,0,GPS,4,0,L1,-331312131.3352,-91515704.98398,-164180741.9059,25341186.87474,-262208.9068263,-8089060.007514,18217995.47189,11846995.47189,43.22225771814,12.61966799304,0.15182665897591177,0.9350515935134882,0.15182661578877588,4.191811952115846e-08,1.269016373268629e-09,0,0,0,0
142,35,788961704.1839,788961635.0,0,GPS,21,0,L1,-331312131.3352,-91515704.98398,-164180741.9059,18249174.34079,11085036.52298,16795828.13088,8036571.761835,1665571.761835,17.20720902836,22.71238064766,2.82026702572536,17.37721450123087,2.8215808495057826,-0.0013152337277530664,1.409947330253381e-06,0,0,0,0
143,35,788961704.1839,788961635.0,0,GPS,27,0,L1,-331312131.3352,-91515704.98398,-164180741.9059,19404537.39668,12844528.13918,-13445895.40689,21982331.14969,15611331.14969,54.87731929613,14.16752062181,0.026209230562581894,0.16141383131186185,0.026209158852395255,7.16003127800536e-08,1.0987386044585943e-10,0,0,0,0
144,36,788961705.1839,788961636.0,0,GPS,2,0,L1,-331319735.8084,-91491471.51403,-164181271.4189,17250961.77736,3647544.18509,20411104.51563,10219523.783,3848523.782998,22.2647817432,17.01586564897,0.5856940067223768,3.6077231132043215,0.5857948318365788,-0.00010087123749740757,4.612329544943086e-08,0,0,0,0
145,36,788961705.1839,788961636.0,0,GPS,4,0,L1,-331319735.8084,-91491471.51403,-164181271.4189,25342113.40147,-261770.0286776,-8086103.266362,18215416.80177,11844416.80177,43.21467821673,12.63376828923,0.1519256628361685,0.935661327323913,0.15192561975990534,4.1805489376652864e-08,1.2707737967521034e-09,0,0,0,0
146,36,788961705.1839,788961636.0,0,GPS,21,0,L1,-331319735.8084,-91491471.51403,-164181271.4189,18249937.55593,11086887.01646,16793800.3071,8037046.522537,1666046.522537,17.20824797403,22.71013598487,2.8202066448373304,17.376841398356117,2.8215202678788347,-0.0013150325333853626,1.4094918808595487e-06,0,0,0,0
147,36,788961705.1839,788961636.0,0,GPS,27,0,L1,-331319735.8084,-91491471.51403,-164181271.4189,19402868.2102,12844450.47403,-13448350.39748,21984279.10889,15613279.10889,54.88458018709,14.16775722785,0.026195448302735482,0.16132895114421866,0.0261953766518298,7.154113571275404e-08,1.097699685712344e-10,0,0,0,0
148,37,788961706.1839,788961637.0,0,GPS,2,0,L1,-331327338.3637,-91467237.72147,-164181801.5646,17251935.32969,3649806.695062,20409858.03219,10217495.94241,3846495.942408,22.26013978129,17.02683809682,0.5862719158686333,3.6112833527126273,0.5863729166392714,-0.00010104700257614479,4.6231938019179016e-08,0,0,0,0
149,37,788961706.1839,788961637.0,0,GPS,4,0,L1,-331327338.3637,-91467237.72147,-164181801.5646,25343040.12694,-261331.2870621,-8083146.52521,18212838.25601,11841838.25601,43.20709888247,12.64787250337,0.15200915457176162,0.9361755260594684,0.15200911146710508,4.183243900394152e-08,1.2722175330451142e-09,0,0,0,0
150,37,788961706.1839,788961637.0,0,GPS,21,0,L1,-331327338.3637,-91467237.72147,-164181801.5646,18250701.13802,11088737.45707,16791772.48358,8037522.781746,1666522.781746,17.20928989077,22.70788490954,2.820134454479528,17.37639552567035,2.821447870439569,-0.0013148249847974725,1.4090247566888e-06,0,0,0,0
151,37,788961706.1839,788961637.0,0,GPS,27,0,L1,-331327338.3637,-91467237.72147,-164181801.5646,19401199.11592,12844373.12033,-13450805.38775,21986227.20374,15615227.20374,54.89184124934,14.16799348887,0.026189536706751847,0.1612925439310073,0.026189465123513583,7.147343992955076e-08,1.0979833378436481e-10,0,0,0,0
152,38,788961707.1839,788961638.0,0,GPS,2,0,L1,-331334939.0,-91443003.60916,-164182332.3426,17252909.3037,3652069.082552,20408611.54876,10215468.86641,3844468.866415,22.25549925759,17.03780510455,0.5872722936482782,3.617445874718984,0.58737354042029,-0.00010129317181417222,4.6399802372533516e-08,0,0,0,0
153,38,788961707.1839,788961638.0,0,GPS,4,0,L1,-331334939.0,-91443003.60916,-164182332.3426,25343967.05116,-260892.6818221,-8080189.784059,18210259.83464,11839259.83464,43.19951971575,12.66198063698,0.15209362698426312,0.936695764605204,0.15209358387306623,4.183751773284374e-08,1.273679154784361e-09,0,0,0,0
154,38,788961707.1839,788961638.0,0,GPS,21,0,L1,-331334939.0,-91443003.60916,-164182332.3426,18251465.08695,11090587.84538,16789744.66007,8038000.539311,1667000.539311,17.2103347782,22.70562742297,2.820070380682814,17.375999576360076,2.821383579180969,-0.0013146070453833596,1.4085472285700442e-06,0,0,0,0
155,38,788961707.1839,788961638.0,0,GPS,27,0,L1,-331334939.0,-91443003.60916,-164182332.3426,19399530.11312,12844296.07877,-13453260.37834,21988175.43479,15617175.43479,54.89910248433,14.16822940505,0.026165817725234474,0.16114646694819132,0.026165746246288583,7.136934635183825e-08,1.0959953902266613e-10,0,0,0,0
156,39,788961708.1839,788961639.0,0,GPS,2,0,L1,-331342537.7184,-91418769.17272,-164182863.7527,17253883.69942,3654331.347258,20407365.06532,10213442.55547,3842442.555466,22.25086017324,17.04876667245,0.5875652627352591,3.6192506774387354,0.5876665906551723,-0.00010137435028602204,4.643037275371085e-08,0,0,0,0
157,39,788961708.1839,788961639.0,0,GPS,4,0,L1,-331342537.7184,-91418769.17272,-164182863.7527,25344894.1741,-260454.2133529,-8077233.042907,18207681.53769,11836681.53769,43.19194071693,12.6760926916,0.15219352709446618,0.9373110174306232,0.15219348398016821,4.1838940735331313e-08,1.2753572320083053e-09,0,0,0,0
158,39,788961708.1839,788961639.0,0,GPS,21,0,L1,-331342537.7184,-91418769.17272,-164182863.7527,18252229.40284,11092438.18159,16787716.83629,8038479.795079,1667479.795079,17.21138263597,22.70336352651,2.8201784373323746,17.37666395617676,2.8214914561578808,-0.001314426920429715,1.4080949236316124e-06,0,0,0,0
159,39,788961708.1839,788961639.0,0,GPS,27,0,L1,-331342537.7184,-91418769.17272,-164182863.7527,19397861.20236,12844219.34877,-13455715.36893,21990123.80169,15619123.80169,54.90636389075,14.16846497648,0.02616902667935162,0.16116622965017932,0.026168955164579826,7.140508787196982e-08,1.096839234373401e-10,0,0,0,0
160,40,788961709.1839,788961640.0,0,GPS,2,0,L1,-331350134.5179,-91394534.41501,-164183395.7947,17254858.51681,3656593.489258,20406118.58188,10211417.01001,3840417.010011,22.24622252938,17.05972280082,0.5881813240735838,3.623045866837184,0.58828282484657,-0.0001015473093940198,4.653640781345531e-08,0,0,0,0
161,40,788961709.1839,788961640.0,0,GPS,4,0,L1,-331350134.5179,-91394534.41501,-164183395.7947,25345821.49575,-260015.8814969,-8074276.301757,18205103.36521,11834103.36521,43.18436188641,12.69020866878,0.15227036545512412,0.937784240811666,0.15227032241876803,4.175968831108985e-08,1.2766677803890126e-09,0,0,0,0
162,40,788961709.1839,788961640.0,0,GPS,21,0,L1,-331350134.5179,-91394534.41501,-164183395.7947,18252994.08567,11094288.46478,16785689.01278,8038960.548553,1667960.548553,17.21243346299,22.70109322225,2.819922864171344,17.375088376327543,2.8212356254015134,-0.0013141688089096139,1.4075787401153617e-06,0,0,0,0
163,40,788961709.1839,788961640.0,0,GPS,27,0,L1,-331350134.5179,-91394534.41501,-164183395.7947,19396192.38391,12844142.93019,-13458170.3592,21992072.30412,15621072.30412,54.91362546726,14.16870020321,0.026148393891075757,0.16103915940761565,0.02614832245828882,7.132327419273925e-08,1.0951274377668248e-10,0,0,0,0
164,41,788961710.1839,788961641.0,0,GPS,2,0,L1,-331357729.3982,-91370299.33648,-164183928.4685,17255833.75586,3658855.508502,20404872.09845,10209392.2305,3838392.230498,22.24158632714,17.07067348999,0.588879955918653,3.627349607629141,0.5889816337724172,-0.00010172449861624086,4.6644852113561295e-08,0,0,0,0
165,41,788961710.1839,788961641.0,0,GPS,4,0,L1,-331357729.3982,-91370299.33648,-164183928.4685,25346749.0161,-259577.6862807,-8071319.560606,18202525.31722,11831525.31722,43.17678322457,12.70432857003,0.15247339440916316,0.9390346370442711,0.15247335231541592,4.0813590312493634e-08,1.2801569270643387e-09,0,0,0,0
166,41,788961710.1839,788961641.0,0,GPS,21,0,L1,-331357729.3982,-91370299.33648,-164183928.4685,18253759.13537,11096138.69592,16783661.189,8039442.799694,1668442.799694,17.21348725913,22.69881651128,2.820039289852625,17.37580440822855,2.8213518892537763,-0.001314006556102577,1.4071549510459e-06,0,0,0,0
167,41,788961710.1839,788961641.0,0,GPS,27,0,L1,-331357729.3982,-91370299.33648,-164183928.4685,19394523.65715,12844066.82355,-13460625.34979,21994020.94261,15623020.94261,54.92088721533,14.16893508543,0.02614137524190044,0.16099593407471982,0.026141303855192005,7.127724051667944e-08,1.0946791747945888e-10,0,0,0,0
168,42,788961711.1839,788961642.0,0,GPS,2,0,L1,-331365322.359,-91346063.93758,-164184461.7738,17256809.41655,3661117.40494,20403625.61501,10207368.21738,3836368.217375,22.23695156765,17.08161874025,0.5895036532138995,3.631191806380593,0.589605500987518,-0.00010189452273233081,4.6749113892784985e-08,0,0,0,0
169,42,788961711.1839,788961642.0,0,GPS,4,0,L1,-331365322.359,-91346063.93758,-164184461.7738,25347676.73512,-259139.627731,-8068362.819456,18199947.39377,11828947.39377,43.16920473179,12.71845239691,0.15244882022434267,0.938883286399841,0.15244877714084726,4.1803801758694466e-08,1.2796936553960878e-09,0,0,0,0
170,42,788961711.1839,788961642.0,0,GPS,21,0,L1,-331365322.359,-91346063.93758,-164184461.7738,18254524.55201,11097988.87397,16781633.36549,8039926.548004,1668926.548004,17.21454402331,22.69653339573,2.819921548686449,17.375077790344232,2.8212339065294936,-0.0013137644875444558,1.4066444998004247e-06,0,0,0,0
171,42,788961711.1839,788961642.0,0,GPS,27,0,L1,-331365322.359,-91346063.93758,-164184461.7738,19392855.02243,12843991.02858,-13463080.34038,21995969.71683,15624969.71683,54.92814913364,14.16916962322,0.026130132256853414,0.16092669234434764,0.026130060905961507,7.124148958811469e-08,1.0940231854972215e-10,0,0,0,0
172,43,788961712.1839,788961643.0,0,GPS,2,0,L1,-331372913.3987,-91321828.22356,-164184995.7103,17257785.49883,3663379.178773,20402379.13157,10205344.97109,3834344.971093,22.23231825205,17.09255855193,0.5901835938953595,3.63538046666781,0.5902856240101497,-0.00010207697593588358,4.686114559431675e-08,0,0,0,0
173,43,788961712.1839,788961643.0,0,GPS,4,0,L1,-331372913.3987,-91321828.22356,-164184995.7103,25348604.65273,-258701.7058959,-8065406.078633,18197369.59521,11826369.59521,43.16162640937,12.73258014923,0.1525431579610839,0.9394642826461798,0.1525431149233606,4.175643702075771e-08,1.2812862677696931e-09,0,0,0,0
174,43,788961712.1839,788961643.0,0,GPS,21,0,L1,-331372913.3987,-91321828.22356,-164184995.7103,18255290.33538,11099838.99963,16779605.54197,8040411.793326,1669411.793326,17.21560375515,22.69424387692,2.819793733077118,17.374289304835017,2.821105878207535,-0.0013135513004509207,1.406170033956329e-06,0,0,0,0
175,43,788961712.1839,788961643.0,0,GPS,27,0,L1,-331372913.3987,-91321828.22356,-164184995.7103,19391186.47995,12843915.54526,-13465535.33064,21997918.62644,15626918.62644,54.93541122085,14.16940381665,0.026123296524520237,0.16088459351062773,0.026123225215293002,7.119986981906879e-08,1.0935741754230098e-10,0,0,0,0
176,44,788961713.1839,788961644.0,0,GPS,2,0,L1,-331380502.5203,-91297592.18283,-164185530.2779,17258762.00281,3665640.829326,20401132.64814,10203322.4921,3832322.4921,22.22768638148,17.10349292534,0.5908829285845232,3.639688561006543,0.5909851398320425,-0.00010225822021595894,4.6972696668678575e-08,0,0,0,0
177,44,788961713.1839,788961644.0,0,GPS,4,0,L1,-331380502.5203,-91297592.18283,-164185530.2779,25349532.76907,-258263.9209434,-8062449.337484,18194791.92093,11823791.92093,43.15404825585,12.74671183194,0.1527877871863786,0.9409708741505945,0.1527877438733332,4.202977075715677e-08,1.2832746466392294e-09,0,0,0,0
178,44,788961713.1839,788961644.0,0,GPS,21,0,L1,-331380502.5203,-91297592.18283,-164185530.2779,18256056.48586,11101689.07271,16777577.71819,8040898.535507,1669898.535507,17.21666645429,22.6919479562,2.8197566749164076,17.37405966333009,2.8210685907543294,-0.0013133214956336423,1.4056577119696617e-06,0,0,0,0
179,44,788961713.1839,788961644.0,0,GPS,27,0,L1,-331380502.5203,-91297592.18283,-164185530.2779,19389518.02955,12843840.37344,-13467990.32123,21999867.67198,15628867.67198,54.94267347844,14.16963766589,0.02612876573513442,0.1609182768170037,0.02612869445618957,7.116952918221772e-08,1.0941566892561401e-10,0,0,0,0
180,45,788961714.1839,788961645.0,0,GPS,2,0,L1,-331388089.7196,-91273355.83029,-164186065.4763,17259738.92831,3667902.357301,20399886.1647,10201300.78085,3830300.780845,22.22305595706,17.11442186079,0.5915826714491393,3.643999205930075,0.5916850697986314,-0.00010244543795957427,4.7088467467283564e-08,0,0,0,0
181,45,788961714.1839,788961645.0,0,GPS,4,0,L1,-331388089.7196,-91273355.83029,-164186065.4763,25350461.08405,-257826.2721839,-8059492.596334,18192214.37129,11821214.37129,43.14647027254,12.76084744488,0.152906435982416,0.9417015937550864,0.15290639260395952,4.209305479760472e-08,1.2854016552893395e-09,0,0,0,0
182,45,788961714.1839,788961645.0,0,GPS,21,0,L1,-331388089.7196,-91273355.83029,-164186065.4763,18256823.00301,11103539.09296,16775549.89468,8041386.774042,1670386.774042,17.21773211961,22.68964563573,2.8196585312737867,17.3734538964742,2.820970230907317,-0.00131310482052565,1.4051869956848774e-06,0,0,0,0
183,45,788961714.1839,788961645.0,0,GPS,27,0,L1,-331388089.7196,-91273355.83029,-164186065.4763,19387849.67102,12843765.51365,-13470445.31182,22001816.85312,15630816.85312,54.94993590508,14.16987117103,0.026107009840366704,0.16078428957462323,0.026106938619708867,7.111135819116746e-08,1.0929964482912092e-10,0,0,0,0
184,46,788961715.1839,788961646.0,0,GPS,2,0,L1,-331395675.0008,-91249119.14951,-164186601.3054,17260716.27552,3670163.76177,20398639.68126,10199279.83778,3828279.837779,22.21842697993,17.12534535863,0.5923974822407263,3.6490187631409974,0.5925001075883954,-0.0001026725834917478,4.7235822590223215e-08,0,0,0,0
185,46,788961715.1839,788961646.0,0,GPS,4,0,L1,-331395675.0008,-91249119.14951,-164186601.3054,25351389.59764,-257388.7609352,-8056535.855186,18189636.94632,11818636.94632,43.13889245982,12.77498698957,0.152987243242452,0.9421992597071324,0.15298719984263662,4.2113050531357596e-08,1.2867648472976887e-09,0,0,0,0
186,46,788961715.1839,788961646.0,0,GPS,21,0,L1,-331395675.0008,-91249119.14951,-164186601.3054,18257589.88738,11105389.0599,16773522.07116,8041876.508775,1670876.508775,17.21880075076,22.68733691683,2.819581375368493,17.372977316172264,2.8208928473972557,-0.0013128767111098652,1.4046823472798954e-06,0,0,0,0
187,46,788961715.1839,788961646.0,0,GPS,27,0,L1,-331395675.0008,-91249119.14951,-164186601.3054,19386181.40541,12843690.96463,-13472900.30208,22003766.16952,15632766.16952,54.95719849943,14.17010433214,0.026088441501596966,0.16066993367989868,0.026088370373195016,7.101925779626925e-08,1.0914415298752927e-10,0,0,0,0
188,47,788961716.1839,788961647.0,0,GPS,2,0,L1,-331403258.3592,-91224882.15782,-164187137.7648,17261694.04423,3672425.043563,20397393.19782,10197259.66335,3826259.663351,22.21379945123,17.13626341916,0.5927843631983793,3.6514021165313744,0.592887098511677,-0.00010278260855676895,4.7295259146831614e-08,0,0,0,0
189,47,788961716.1839,788961647.0,0,GPS,4,0,L1,-331403258.3592,-91224882.15782,-164187137.7648,25352318.30984,-256951.3859329,-8053579.114037,18187059.64605,11816059.64605,43.13131481807,12.78913046757,0.1530686742172001,0.9427007674407962,0.1530686308807978,4.2048323296285164e-08,1.288079017286395e-09,0,0,0,0
190,47,788961716.1839,788961647.0,0,GPS,21,0,L1,-331403258.3592,-91224882.15782,-164187137.7648,18258357.13836,11107238.97492,16771494.24738,8042367.73955,1671367.73955,17.21987234735,22.68502180088,2.8195090409418255,17.372530502192166,2.8208202971177245,-0.001312660378175813,1.4042022768022226e-06,0,0,0,0
191,47,788961716.1839,788961647.0,0,GPS,27,0,L1,-331403258.3592,-91224882.15782,-164187137.7648,19384513.23141,12843616.7279,-13475355.29267,22005715.62173,15634715.62173,54.96446126297,14.1703371494,0.02607650080853627,0.1605963949171701,0.026076429704303773,7.099516419637341e-08,1.0906830032506635e-10,0,0,0,0
192,48,788961717.1839,788961648.0,0,GPS,2,0,L1,-331410839.7969,-91200644.84601,-164187674.8544,17262669.25794,3674685.796299,20396143.56676,10195238.87003,3824238.870032,22.20917395191,17.14715336106,0.5933465550620535,3.6548653935661313,0.5934494392802225,-0.00010293160376387397,4.738559478660319e-08,0,0,0,0
193,48,788961717.1839,788961648.0,0,GPS,4,0,L1,-331410839.7969,-91200644.84601,-164187674.8544,25353242.85347,-256513.87165,-8050621.074851,18184479.5061,11813479.5061,43.12373779345,12.80341974473,0.15316139978340743,0.9432718343607588,0.15316135641428527,4.207939750012526e-08,1.2897246496582828e-09,0,0,0,0
194,48,788961717.1839,788961648.0,0,GPS,21,0,L1,-331410839.7969,-91200644.84601,-164187674.8544,18259121.74756,11109087.2961,16769463.92493,8042859.540749,1671859.540749,17.22094760769,22.68269341954,2.8194464122537646,17.372143456776932,2.8207574516063545,-0.0013124430773688927,1.4037247789109262e-06,0,0,0,0
195,48,788961717.1839,788961648.0,0,GPS,27,0,L1,-331410839.7969,-91200644.84601,-164187674.8544,19382841.82561,12843540.36433,-13477807.96373,22007661.48498,15636661.48498,54.97172473447,14.17058608284,0.026070823431562338,0.16056142992019654,0.026070752352167926,7.09703354440013e-08,1.0905896958360754e-10,0,0,0,0
196,49,788961718.1839,788961649.0,0,GPS,2,0,L1,-331418419.3131,-91176407.21694,-164188212.574,17263636.74942,3676947.358702,20394890.26334,10193218.75151,3822218.751506,22.20455650148,17.15802286763,0.5940211063880024,3.6590208235861463,0.5941241666230371,-0.00010310772874353549,4.749370880205242e-08,0,0,0,0
197,49,788961718.1839,788961649.0,0,GPS,4,0,L1,-331418419.3131,-91176407.21694,-164188212.574,25354160.84219,-256075.0152899,-8047661.495506,18181895.03195,11810895.03195,43.11616173031,12.81770123302,0.15324463252438508,0.9437844388326014,0.15324458925698395,4.1976345072064106e-08,1.2910560547884208e-09,0,0,0,0
198,49,788961718.1839,788961649.0,0,GPS,21,0,L1,-331418419.3131,-91176407.21694,-164188212.574,18259879.17927,11110934.30859,16767430.58794,8043353.88574,1672353.88574,17.22203301452,22.68034337037,2.8193951325445537,17.371826250885015,2.8207059461093187,-0.0013122167889525465,1.403224187382698e-06,0,0,0,0
199,49,788961718.1839,788961649.0,0,GPS,27,0,L1,-331418419.3131,-91176407.21694,-164188212.574,19381166.20214,12843458.22164,-13480258.44429,22009602.22062,15638602.22062,54.97899047785,14.17083370333,0.026068051251882097,0.16054435728232078,0.026067980226170552,7.09166674827112e-08,1.0904406367176273e-10,0,0,0,0
200,50,788961719.1839,788961650.0,0,GPS,2,0,L1,-331425996.9075,-91152169.27106,-164188750.9233,17264604.66246,3679208.798987,20393636.96009,10191199.40486,3820199.404859,22.19994050242,17.16888669211,0.5947422877615637,3.6634634770927432,0.594845531146351,-0.00010329099114217197,4.760635483098727e-08,0,0,0,0
201,50,788961719.1839,788961650.0,0,GPS,4,0,L1,-331425996.9075,-91152169.27106,-164188750.9233,25355079.02973,-255636.2941876,-8044701.916161,18179310.68278,11808310.68278,43.10858583269,12.83198680894,0.1533312572085061,0.944317932192485,0.15333121387955967,4.2036322921041184e-08,1.292623506361593e-09,0,0,0,0
202,50,788961719.1839,788961650.0,0,GPS,21,0,L1,-331425996.9075,-91152169.27106,-164188750.9233,18260636.97748,11112781.26917,16765397.25122,8043849.725948,1672849.725948,17.22312138582,22.67798691983,2.8194774629520816,17.37233178700765,2.8207880312468565,-0.0013119709623555806,1.4026675807810578e-06,0,0,0,0
203,50,788961719.1839,788961650.0,0,GPS,27,0,L1,-331425996.9075,-91152169.27106,-164188750.9233,19379490.67012,12843376.39134,-13482708.92454,22011543.09088,15640543.09088,54.98625639359,14.17108099557,0.02604798544654084,0.16042077862898518,0.026047914457768218,7.087986852407905e-08,1.0890410092900942e-10,0,0,0,0
204,51,788961720.1839,788961651.0,0,GPS,2,0,L1,-331433572.5797,-91127931.00881,-164189289.9021,17265572.99711,3681470.117644,20392383.65684,10189180.83027,3818180.830267,22.19532595524,17.17974483592,0.5953951751504365,3.667485470392229,0.5954985920422654,-0.00010346460498841985,4.771315951677022e-08,0,0,0,0
205,51,788961720.1839,788961651.0,0,GPS,4,0,L1,-331433572.5797,-91127931.00881,-164189289.9021,25355997.41607,-255197.7083695,-8041742.336817,18176726.45863,11805726.45863,43.10101010096,12.84627647412,0.15340173671076063,0.9447519935862227,0.1534016934904313,4.192646515539658e-08,1.2938641473304096e-09,0,0,0,0
206,51,788961720.1839,788961651.0,0,GPS,21,0,L1,-331433572.5797,-91127931.00881,-164189289.9021,18261395.14212,11114628.1788,16763363.91422,8044347.06133,1673347.06133,17.22421272146,22.67562406897,2.819431822441408,17.37204948480735,2.8207421931476557,-0.0013117729103025034,1.4022040548430595e-06,0,0,0,0
207,51,788961720.1839,788961651.0,0,GPS,27,0,L1,-331433572.5797,-91127931.00881,-164189289.9021,19377815.2289,12843294.87397,-13485159.4051,22013484.0963,15642484.0963,54.99352248313,14.17132795969,0.026043705882270483,0.1603944224071502,0.026043634933521707,7.083985756805627e-08,1.0889120657610091e-10,0,0,0,0
208,52,788961721.1839,788961652.0,0,GPS,2,0,L1,-331441146.3282,-91103692.43546,-164189829.5103,17266541.75336,3683731.315411,20391130.35342,10187163.02791,3816163.027909,22.19071286047,17.19059730051,0.5960635726448593,3.6716030344759623,0.5961671710003287,-0.00010364618075417815,4.782528478586922e-08,0,0,0,0
209,52,788961721.1839,788961652.0,0,GPS,4,0,L1,-331441146.3282,-91103692.43546,-164189829.5103,25356916.0012,-254759.2574936,-8038782.757473,18174142.35954,11803142.35954,43.09343453553,12.86057023016,0.15349485826662398,0.945325499801635,0.15349481509829113,4.1872724078738275e-08,1.295608770566148e-09,0,0,0,0
210,52,788961721.1839,788961652.0,0,GPS,21,0,L1,-331441146.3282,-91103692.43546,-164189829.5103,18262153.67305,11116475.03719,16761330.57723,8044845.891493,1673845.891493,17.22530702056,22.67325481967,2.8193206820473784,17.371363403915396,2.820630792514038,-0.0013115121287566507,1.4016620970674616e-06,0,0,0,0
211,52,788961721.1839,788961652.0,0,GPS,27,0,L1,-331441146.3282,-91103692.43546,-164189829.5103,19376139.87866,12843213.66952,-13487609.88567,22015425.23654,15644425.23654,55.00078874515,14.17146189007,0.02602747896906917,0.16029448646863306,0.026027408090590263,7.076971703796924e-08,1.0876186741387626e-10,0,0,0,0
212,53,788961722.1839,788961653.0,0,GPS,2,0,L1,-331448718.156,-91079453.53939,-164190369.7475,17267510.93122,3685992.390536,20389877.05017,10185145.99879,3814145.998787,22.18610122048,17.20144408345,0.5966961853210982,3.6755001754614502,0.5967999593204417,-0.00010382193342347567,4.7934080000288246e-08,0,0,0,0
213,53,788961722.1839,788961653.0,0,GPS,4,0,L1,-331448718.156,-91079453.53939,-164190369.7475,25357834.78509,-254320.9425088,-8035823.178129,18171558.38554,11800558.38554,43.08585913675,12.8748680787,0.1536172423597459,0.9460792230860394,0.15361719899272666,4.206947253651748e-08,1.2975466799473996e-09,0,0,0,0
214,53,788961722.1839,788961653.0,0,GPS,21,0,L1,-331448718.156,-91079453.53939,-164190369.7475,18262912.57072,11118321.84315,16759297.2405,8045346.216042,1674346.216042,17.22640428227,22.67087917383,2.8192232401289736,17.370761800750753,2.820533108735764,-0.0013112697597941847,1.4011530038486678e-06,0,0,0,0
215,53,788961722.1839,788961653.0,0,GPS,27,0,L1,-331448718.156,-91079453.53939,-164190369.7475,19374464.61992,12843132.77727,-13490060.36623,22017366.51155,15646366.51155,55.00805517925,14.17118564738,0.026016757404188524,0.16022845632870975,0.02601668661516136,7.068028760053547e-08,1.0873956341597255e-10,0,0,0,0
216,54,788961723.1839,788961654.0,0,GPS,2,0,L1,-331456288.0588,-91055214.33552,-164190910.6135,17268480.53056,3688253.34426,20388623.74691,10183129.74308,3812129.743077,22.1814910358,17.21228518619,0.5974192495786964,3.6799544786338783,0.5975232154285092,-0.00010401390329548531,4.805348277756565e-08,0,0,0,0
217,54,788961723.1839,788961654.0,0,GPS,4,0,L1,-331456288.0588,-91055214.33552,-164190910.6135,25358753.76775,-253882.7623349,-8032863.598786,18168974.53666,11797974.53666,43.07828390503,12.88917002134,0.1537585756826925,0.9469496500269567,0.1537585323455038,4.203820454320244e-08,1.298984162737713e-09,0,0,0,0
218,54,788961723.1839,788961654.0,0,GPS,21,0,L1,-331456288.0588,-91055214.33552,-164190910.6135,18263671.83456,11120168.59841,16757263.90351,8045848.034934,1674848.034934,17.22750450643,22.6684971325,2.819093278703693,17.369959905354822,2.8204029030176785,-0.0013110249511196314,1.4006371344068367e-06,0,0,0,0
219,54,788961723.1839,788961654.0,0,GPS,27,0,L1,-331456288.0588,-91055214.33552,-164190910.6135,19372789.45214,12843052.19806,-13492510.84679,22019307.92129,15648307.92129,55.01532178505,14.17090918563,0.026003127287750633,0.16014451314608244,0.026003056555146217,7.062397027194252e-08,1.0863414517691462e-10,0,0,0,0
220,55,788961724.1839,788961655.0,0,GPS,2,0,L1,-331463856.041,-91030974.80741,-164191452.1082,17269450.55163,3690514.176192,20387370.44349,10181114.26096,3810114.260959,22.17688230696,17.22312061018,0.5985516713296792,3.686930781232835,0.5986559747560861,-0.00010435176315174242,4.83367448905894e-08,0,0,0,0
221,55,788961724.1839,788961655.0,0,GPS,4,0,L1,-331463856.041,-91030974.80741,-164191452.1082,25359672.94914,-253444.71829,-8029904.019443,18166390.81294,11795390.81294,43.07070884073,12.90347605972,0.15377980043890963,0.9470803623962396,0.15377975643282435,4.270632778887659e-08,1.2997574890111608e-09,0,0,0,0
222,55,788961724.1839,788961655.0,0,GPS,21,0,L1,-331463856.041,-91030974.80741,-164191452.1082,18264431.4652,11122015.30103,16755230.56679,8046351.347653,1675351.347653,17.22860769193,22.66610869786,2.8190925072473862,17.36995395223489,2.8204019363950246,-0.0013108293261306124,1.4001784924548275e-06,0,0,0,0
223,55,788961724.1839,788961655.0,0,GPS,27,0,L1,-331463856.041,-91030974.80741,-164191452.1082,19371114.37636,12842971.9306,-13494961.32703,22021249.46544,15650249.46544,55.02258856121,14.17063250494,0.02600309943908154,0.16014434158643087,0.026003028698585697,7.063181303623122e-08,1.0868280585833238e-10,0,0,0,0
224,56,788961725.1839,788961656.0,0,GPS,2,0,L1,-331471422.0969,-91006734.9748,-164191994.2313,17270420.99408,3692774.886213,20386117.14024,10179099.55343,3808099.553433,22.17227503632,17.233950353,0.5987143126433268,3.6879324104201014,0.5988186117387221,-0.00010434735260972013,4.8257214365638456e-08,0,0,0,0
225,56,788961725.1839,788961656.0,0,GPS,4,0,L1,-331471422.0969,-91006734.9748,-164191994.2313,25360592.32926,-253006.8089247,-8026944.4401,18163807.21442,11792807.21442,43.06313394425,12.91778619546,0.1539588712807566,0.9481832060623172,0.15395882785810847,4.212030467848784e-08,1.3023434689690005e-09,0,0,0,0
226,56,788961725.1839,788961656.0,0,GPS,21,0,L1,-331471422.0969,-91006734.9748,-164191994.2313,18265191.46193,11123861.95299,16753197.22979,8046856.154156,1675856.154156,17.22971383862,22.66371387097,2.8189284045817593,17.36894156938171,2.8202375533133353,-0.0013105483341624114,1.3996025865033933e-06,0,0,0,0
227,56,788961725.1839,788961656.0,0,GPS,27,0,L1,-331471422.0969,-91006734.9748,-164191994.2313,19369439.39119,12842891.97656,-13497411.8076,22023191.14452,15652191.14452,55.02985550919,14.17035560533,0.02599717453433464,0.16010785220940904,0.025997103829130477,7.05965542404923e-08,1.0864992205077485e-10,0,0,0,0
228,57,788961726.1839,788961657.0,0,GPS,2,0,L1,-331478986.2309,-90982494.82125,-164192536.9825,17271391.85815,3695035.473931,20384863.83699,10177085.62068,3806085.62068,22.16766922442,17.24477441611,0.599332704562919,3.691741929784136,0.5994371727217047,-0.00010451652004455065,4.836125885183844e-08,0,0,0,0
229,57,788961726.1839,788961657.0,0,GPS,4,0,L1,-331478986.2309,-90982494.82125,-164192536.9825,25361511.90809,-252569.0355573,-8023984.860758,18161223.74113,11790223.74113,43.05555921596,12.93210043017,0.15403350048156753,0.9486428237024946,0.15403345709926375,4.207864798516977e-08,1.303655786681566e-09,0,0,0,0
230,57,788961726.1839,788961657.0,0,GPS,21,0,L1,-331478986.2309,-90982494.82125,-164192536.9825,18265951.82535,11125708.55285,16751163.8928,8047362.454044,1676362.454044,17.23082294564,22.66131265374,2.8189756558721495,17.369231243398037,2.8202845883923464,-0.0013103316464178733,1.3991262207732847e-06,0,0,0,0
231,57,788961726.1839,788961657.0,0,GPS,27,0,L1,-331478986.2309,-90982494.82125,-164192536.9825,19367764.49766,12842812.33466,-13499862.28816,22025132.95821,15654132.95821,55.03712262768,14.17007848694,0.025981846781320202,0.1600134539063772,0.025981776145626218,7.052716602043104e-08,1.0852796457697095e-10,0,0,0,0
232,58,788961727.1839,788961658.0,0,GPS,2,0,L1,-331486548.4395,-90958254.35926,-164193080.3617,17272363.14374,3697295.940462,20383610.53356,10175072.46288,3804072.462878,22.16306487178,17.25559280096,0.5999214935178702,3.695369189763385,0.6000261398022976,-0.00010469475632803899,4.84719006261028e-08,0,0,0,0
233,58,788961727.1839,788961658.0,0,GPS,4,0,L1,-331486548.4395,-90958254.35926,-164193080.3617,25362431.68571,-252131.3969012,-8021025.281089,18158640.39278,11787640.39278,43.04798465532,12.9464187672,0.1541361112665534,0.9492747705968216,0.15413606786319323,4.2097980103833e-08,1.3053800791330314e-09,0,0,0,0
234,58,788961727.1839,788961658.0,0,GPS,21,0,L1,-331486548.4395,-90958254.35926,-164193080.3617,18266712.55507,11127555.10071,16749130.55607,8047870.246917,1676870.246917,17.23193501208,22.65890504808,2.818824099778048,17.368296224919632,2.8201327671535386,-0.00131006593392691,1.3985584360166053e-06,0,0,0,0
235,58,788961727.1839,788961658.0,0,GPS,27,0,L1,-331486548.4395,-90958254.35926,-164193080.3617,19366089.69534,12842733.00561,-13502312.76871,22027074.90646,15656074.90646,55.04438991627,14.16980114983,0.025968011946222246,0.1599282498168945,0.025967941349078878,7.048870328029421e-08,1.0844008698900953e-10,0,0,0,0
236,59,788961728.1839,788961659.0,0,GPS,2,0,L1,-331494108.7235,-90934013.58445,-164193624.3687,17273334.85078,3699556.284432,20382357.23031,10173060.08103,3802060.081028,22.15846198078,17.26640550515,0.6005530280829064,3.699259701553345,0.6006578517237077,-0.00010487222287504184,4.858207378719025e-08,0,0,0,0
237,59,788961728.1839,788961659.0,0,GPS,4,0,L1,-331494108.7235,-90934013.58445,-164193624.3687,25363351.66192,-251693.8941332,-8018065.701747,18156057.17005,11785057.17005,43.04041026457,12.96074120474,0.15421627230488144,0.949768457552592,0.1542162290225064,4.197548484439507e-08,1.3068902123829156e-09,0,0,0,0
238,59,788961728.1839,788961659.0,0,GPS,21,0,L1,-331494108.7235,-90934013.58445,-164193624.3687,18267473.65119,11129401.59727,16747097.21908,8048379.53273,1677379.53273,17.23305003782,22.65649105507,2.8187571057685847,17.36788225530496,2.8200655498940086,-0.0013098422027799108,1.3980773562030207e-06,0,0,0,0
239,59,788961728.1839,788961659.0,0,GPS,27,0,L1,-331494108.7235,-90934013.58445,-164193624.3687,19364414.98445,12842653.98909,-13504763.24927,22029016.98923,15658016.98923,55.05165737457,14.1695235941,0.025957182255149605,0.15986155352115644,0.02595711170829991,7.043848208518148e-08,1.0836761093244879e-10,0,0,0,0
240,60,788961729.1839,788961660.0,0,GPS,2,0,L1,-331501667.0849,-90909772.49003,-164194169.0031,17274306.97939,3701816.50595,20381103.92705,10171048.47531,3800048.47531,22.15386055194,17.27721253015,0.6012796565122457,3.7037359651985176,0.6013846736074833,-0.00010506579750735503,4.870226981372377e-08,0,0,0,0
241,60,788961729.1839,788961660.0,0,GPS,4,0,L1,-331501667.0849,-90909772.49003,-164194169.0031,25364271.83679,-251256.5274432,-8015106.122406,18153474.07266,11782474.07266,43.03283604315,12.97506774611,0.1543096140927815,0.9503433196258546,0.1543095707843239,4.1999942420733984e-08,1.308515182004614e-09,0,0,0,0
242,60,788961729.1839,788961660.0,0,GPS,21,0,L1,-331501667.0849,-90909772.49003,-164194169.0031,18268235.11402,11131248.04109,16745063.88235,8048890.310962,1677890.310962,17.23416802171,22.6540706769,2.818713822893626,17.36761423077903,2.8200220300957404,-0.0013096047562729635,1.3975541585207833e-06,0,0,0,0
243,60,788961729.1839,788961660.0,0,GPS,27,0,L1,-331501667.0849,-90909772.49003,-164194169.0031,19362740.36564,12842575.28441,-13507213.72951,22030959.20618,15659959.20618,55.05892500125,14.16924581987,0.025947744717007445,0.15980343102614086,0.025947674216528722,7.039217324253925e-08,1.083054782370413e-10,0,0,0,0
244,61,788961730.1839,788961661.0,0,GPS,2,0,L1,-331509223.5185,-90885531.09333,-164194714.2648,17275279.52944,3704076.606385,20379850.62362,10169037.6459,3798037.645904,22.14926058579,17.28801387742,0.6019263144660183,3.7077195913880674,0.6020315047418534,-0.00010523908538613267,4.880955107832605e-08,0,0,0,0
245,61,788961730.1839,788961661.0,0,GPS,4,0,L1,-331509223.5185,-90885531.09333,-164194714.2648,25365192.21033,-250819.295566,-8012146.543065,18150891.10064,11779891.10064,43.02526199145,12.98939839296,0.15436999291794,0.9507151739120472,0.15436994967489082,4.1933501839201386e-08,1.3095473602663984e-09,0,0,0,0
246,61,788961730.1839,788961661.0,0,GPS,21,0,L1,-331509223.5185,-90885531.09333,-164194714.2648,18268996.94292,11133094.43405,16743030.54536,8049402.581569,1678402.581569,17.23528896362,22.65164391465,2.818558344197265,17.366655002329512,2.8198662778246693,-0.0013093306270149125,1.3969996106803811e-06,0,0,0,0
247,61,788961730.1839,788961661.0,0,GPS,27,0,L1,-331509223.5185,-90885531.09333,-164194714.2648,19361065.83763,12842496.89308,-13509664.21007,22032901.55785,15661901.55785,55.06619279777,14.16896782717,0.025938955511555718,0.15974930139223728,0.02593888505538887,7.034788620065207e-08,1.0828064759702879e-10,0,0,0,0
248,62,788961731.1839,788961662.0,0,GPS,2,0,L1,-331516778.0288,-90861289.3779,-164195260.1536,17276252.50098,3706336.583733,20378597.32037,10167027.59381,3796027.593812,22.14466208471,17.29880954457,0.6026650395434847,3.7122703429724377,0.6027704214146268,-0.00010543079993392819,4.892879183062959e-08,0,0,0,0
249,62,788961731.1839,788961662.0,0,GPS,4,0,L1,-331516778.0288,-90861289.3779,-164195260.1536,25366112.78249,-250382.1998199,-8009186.963724,18148308.25402,11777308.25402,43.01768810985,13.0037331469,0.15460493688862978,0.952162124379476,0.15460489456371584,4.1011362471145605e-08,1.3135514735329153e-09,0,0,0,0
250,62,788961731.1839,788961662.0,0,GPS,21,0,L1,-331516778.0288,-90861289.3779,-164195260.1536,18269759.13852,11134940.77417,16740997.20863,8049916.344026,1678916.344026,17.23641286239,22.64921077055,2.8184609668521685,17.366053714365638,2.8197686452263153,-0.0013090748236102706,1.3964494634450468e-06,0,0,0,0
251,62,788961731.1839,788961662.0,0,GPS,27,0,L1,-331516778.0288,-90861289.3779,-164195260.1536,19359391.40144,12842418.81382,-13512114.69063,22034844.04392,15663844.04392,55.07346076282,14.16868961611,0.025935692238080312,0.15972920413494113,0.025935621814533415,7.031526326116501e-08,1.0828363421790435e-10,0,0,0,0
252,63,788961732.1839,788961663.0,0,GPS,2,0,L1,-331524330.6115,-90837047.35866,-164195806.6691,17277225.8939,3708596.439235,20377344.01712,10165018.31921,3794018.319214,22.14006504921,17.30959953308,0.6034834345330463,3.7173119651158646,0.6035890419414857,-0.00010565648280295879,4.9074363594783346e-08,0,0,0,0
253,63,788961732.1839,788961663.0,0,GPS,4,0,L1,-331524330.6115,-90837047.35866,-164195806.6691,25367033.55328,-249945.2391243,-8006227.384384,18145725.53285,11774725.53285,43.01011439874,13.01807200956,0.15458542995072264,0.9520419814046228,0.15458538665483756,4.198254956913687e-08,1.3133355000347227e-09,0,0,0,0
254,63,788961732.1839,788961663.0,0,GPS,21,0,L1,-331524330.6115,-90837047.35866,-164195806.6691,18270521.70026,11136787.06322,16738963.87163,8050431.598287,1679431.598287,17.23753971789,22.64677124567,2.818659514862717,17.367275428766874,2.8199670179838043,-0.0013088991111671927,1.3959900802001669e-06,0,0,0,0
255,63,788961732.1839,788961663.0,0,GPS,27,0,L1,-331524330.6115,-90837047.35866,-164195806.6691,19357717.05655,12842341.04747,-13514565.17118,22036786.66432,15665786.66432,55.08072889598,14.16841118678,0.025920762688266243,0.1596372581926983,0.02592069232685265,7.025323677420648e-08,1.0817681575499548e-10,0,0,0,0
256,64,788961733.1839,788961664.0,0,GPS,2,0,L1,-331531881.2709,-90812805.01917,-164196353.8113,17278199.70837,3710856.171962,20376090.71386,10163009.82256,3792009.822564,22.13546948046,17.32038384313,0.6040558543358211,3.7208383163903536,0.6041616242287114,-0.00010581906592996105,4.9173039604887134e-08,0,0,0,0
257,64,788961733.1839,788961664.0,0,GPS,4,0,L1,-331531881.2709,-90812805.01917,-164196353.8113,25367954.52268,-249508.4147979,-8003267.805044,18143142.93715,11772142.93715,43.00254085849,13.03241498255,0.15482396032358034,0.9535110122426348,0.15482391678747617,4.2221029340655334e-08,1.3150748350673915e-09,0,0,0,0
258,64,788961733.1839,788961664.0,0,GPS,21,0,L1,-331531881.2709,-90812805.01917,-164196353.8113,18271284.62878,11138633.29922,16736930.53491,8050948.343827,1679948.343827,17.23866952896,22.64432534223,2.818512994406007,17.366371252197247,2.8198202046212115,-0.001308605609686066,1.3953944816679336e-06,0,0,0,0
259,64,788961733.1839,788961664.0,0,GPS,27,0,L1,-331531881.2709,-90812805.01917,-164196353.8113,19356042.80398,12842263.59276,-13517015.65142,22038729.41874,15667729.41874,55.08799719594,14.1681325393,0.025901448715917607,0.1595183099317551,0.025901378406596003,7.020129975163109e-08,1.0802185361208074e-10,0,0,0,0
260,65,788961734.1839,788961665.0,0,GPS,2,0,L1,-331539430.0015,-90788562.37916,-164196901.5798,17279173.94422,3713115.783408,20374837.41043,10161002.10404,3790002.104044,22.13087537898,17.3311624762,0.6045655771436296,3.7239783005085023,0.6046714711351241,-0.00010594323626843167,4.9244773951163656e-08,0,0,0,0
261,65,788961734.1839,788961665.0,0,GPS,4,0,L1,-331539430.0015,-90788562.37916,-164196901.5798,25368875.69067,-249071.7253906,-8000308.225704,18140560.46696,11769560.46696,42.99496748948,13.04676206752,0.15493057661459725,0.9541676270802814,0.15493053294573755,4.23519904179708e-08,1.3168692842362247e-09,0,0,0,0
262,65,788961734.1839,788961665.0,0,GPS,21,0,L1,-331539430.0015,-90788562.37916,-164196901.5798,18272047.92335,11140479.48418,16734897.19791,8051466.5806,1680466.5806,17.23980229546,22.64187306134,2.8184677407134213,17.366091117055287,2.819774718392577,-0.001308372572390692,1.3948932349548367e-06,0,0,0,0
263,65,788961734.1839,788961665.0,0,GPS,27,0,L1,-331539430.0015,-90788562.37916,-164196901.5798,19354368.64236,12842186.45135,-13519466.13198,22040672.30771,15669672.30771,55.09526566416,14.1678536737,0.025894209053819197,0.15947372336069743,0.025894138775927205,7.016990065692374e-08,1.0799133396248387e-10,0,0,0,0
264,66,788961735.1839,788961666.0,0,GPS,2,0,L1,-331546976.8069,-90764319.42461,-164197449.9745,17280148.60149,3715375.271694,20373584.10718,10158995.16466,3787995.164655,22.12628274714,17.34193542992,0.6052651121750561,3.728287644128169,0.6053711898058195,-0.00010612698908409313,4.9358320704321124e-08,0,0,0,0
265,66,788961735.1839,788961666.0,0,GPS,4,0,L1,-331546976.8069,-90764319.42461,-164197449.9745,25369797.05724,-248635.1720366,-7997348.646365,18137978.12232,11766978.12232,42.9873942921,13.06111326608,0.15501067829182247,0.9546609485371907,0.1550106347581061,4.221536562881391e-08,1.3183507502177135e-09,0,0,0,0
266,66,788961735.1839,788961666.0,0,GPS,21,0,L1,-331546976.8069,-90764319.42461,-164197449.9745,18272811.58449,11142325.61676,16732863.86092,8051986.308197,1680986.308197,17.24093801649,22.63941440493,2.8183489750375754,17.365358184046425,2.819655710266066,-0.0013081296058881225,1.3943773974008096e-06,0,0,0,0
267,66,788961735.1839,788961666.0,0,GPS,27,0,L1,-331546976.8069,-90764319.42461,-164197449.9745,19352694.57261,12842109.62209,-13521916.61253,22042615.33089,15671615.33089,55.10253429931,14.16757459009,0.025886773217901983,0.15942792879422518,0.02588670300008636,7.010988526153825e-08,1.0793036423361246e-10,0,0,0,0
268,67,788961736.1839,788961667.0,0,GPS,2,0,L1,-331554521.6856,-90740076.16078,-164197998.9951,17281123.68017,3717634.63756,20372330.80392,10156989.00458,3785989.004579,22.12169158546,17.35270270578,0.6059540342415419,3.732531599828083,0.6060602912799471,-0.00010630650831051169,4.9469905317327154e-08,0,0,0,0
269,67,788961736.1839,788961667.0,0,GPS,4,0,L1,-331554521.6856,-90740076.16078,-164197998.9951,25370718.62237,-248198.7543934,-7994389.067026,18135395.90326,11764395.90326,42.97982126673,13.07546857986,0.15511690366297032,0.9553151559193928,0.15511686001193464,4.2330914279880864e-08,1.3201213996194794e-09,0,0,0,0
270,67,788961736.1839,788961667.0,0,GPS,21,0,L1,-331554521.6856,-90740076.16078,-164197998.9951,18273575.61207,11144171.6967,16730830.52419,8052507.526209,1681507.526209,17.24207669113,22.63694937496,2.8181820891482956,17.364328556716952,2.8194885271565537,-0.0013078317846558906,1.3937763975849063e-06,0,0,0,0
271,67,788961736.1839,788961667.0,0,GPS,27,0,L1,-331554521.6856,-90740076.16078,-164197998.9951,19351020.59458,12842033.10527,-13524367.09309,22044558.48824,15673558.48824,55.109803101,14.16729528857,0.025886153587376615,0.1594241128921509,0.02588608340272709,7.007670756898137e-08,1.0794195704141765e-10,0,0,0,0
272,68,788961737.1839,788961668.0,0,GPS,2,0,L1,-331562064.6365,-90715832.59053,-164198548.6414,17282099.18021,3719893.881082,20371077.50066,10154983.62427,3783983.624269,22.1171018951,17.36346430397,0.6066266468755731,3.736675141433075,0.6067330882717173,-0.00010649098067897943,4.958453473080912e-08,0,0,0,0
273,68,788961737.1839,788961668.0,0,GPS,4,0,L1,-331562064.6365,-90715832.59053,-164198548.6414,25371640.38605,-247762.4723029,-7991429.487687,18132813.80981,11761813.80981,42.97224841375,13.08982801048,0.15519816578618742,0.955815623461406,0.15519812215163162,4.2312917944213255e-08,1.3216378446842228e-09,0,0,0,0
274,68,788961737.1839,788961668.0,0,GPS,21,0,L1,-331562064.6365,-90715832.59053,-164198548.6414,18274340.00593,11146017.72508,16728797.18719,8053030.234589,1682030.234589,17.24321831925,22.63447797253,2.8180375783406446,17.36343693932596,2.8193437530585346,-0.0013075679602272741,1.3932423374472402e-06,0,0,0,0
275,68,788961737.1839,788961668.0,0,GPS,27,0,L1,-331562064.6365,-90715832.59053,-164198548.6414,19349346.70856,12841956.90073,-13526817.57332,22046501.77943,15675501.77943,55.11707206789,14.16701576925,0.025865211820009327,0.1592951393795014,0.02586514165781397,7.005437824915452e-08,1.0781710626836817e-10,0,0,0,0
276,69,788961738.1839,788961669.0,0,GPS,2,0,L1,-331569605.6607,-90691588.70947,-164199098.9131,17283075.10166,3722153.001959,20369824.19741,10152979.02418,3781979.024183,22.11251367721,17.3742202247,0.6071929555466578,3.7401639844665513,0.6072995802540481,-0.00010667440670373702,4.9699313377520154e-08,0,0,0,0
277,69,788961738.1839,788961669.0,0,GPS,4,0,L1,-331569605.6607,-90691588.70947,-164199098.9131,25372562.34826,-247326.3261612,-7988469.908349,18130231.84201,11759231.84201,42.96467573354,13.10419155957,0.15529842660152393,0.9564330975087478,0.15529838292397366,4.235421276949175e-08,1.323337512309568e-09,0,0,0,0
278,69,788961738.1839,788961669.0,0,GPS,21,0,L1,-331569605.6607,-90691588.70947,-164199098.9131,18275104.76631,11147863.70058,16726763.85046,8053554.432805,1682554.432805,17.24436289968,22.63200019989,2.8179417221373697,17.362844998936964,2.819247638248792,-0.001307308798341013,1.3926869188964158e-06,0,0,0,0
279,69,788961738.1839,788961669.0,0,GPS,27,0,L1,-331569605.6607,-90691588.70947,-164199098.9131,19347672.91409,12841881.00873,-13529268.05387,22048445.205,15677445.205,55.12434120145,14.16673603215,0.025850684660590338,0.1592056720177332,0.025850614623311226,6.992953151235003e-08,1.077475980285738e-10,0,0,0,0
280,70,788961739.1839,788961670.0,0,GPS,2,0,L1,-331577144.7573,-90667344.52045,-164199649.81,17284051.44454,3724412.000805,20368570.89398,10150975.2045,3779975.204502,22.10792693231,17.38497046946,0.6079086912801657,3.7445731268437656,0.6080155034932653,-0.00010686202922329102,4.981612366378742e-08,0,0,0,0
281,70,788961739.1839,788961670.0,0,GPS,4,0,L1,-331577144.7573,-90667344.52045,-164199649.81,25373484.50899,-246890.31581,-7985510.329011,18127649.9999,11756649.9999,42.95710322648,13.11855922876,0.15536978460617754,0.9568725693003342,0.15536974103438603,4.224711451565603e-08,1.3246769901703017e-09,0,0,0,0
282,70,788961739.1839,788961670.0,0,GPS,21,0,L1,-331577144.7573,-90667344.52045,-164199649.81,18275869.89305,11149709.6243,16724730.51347,8054080.12081,1683080.12081,17.24551043227,22.62951605814,2.8177857800257953,17.361882961196887,2.8190914298263365,-0.0013070419467656033,1.392146224383885e-06,0,0,0,0
283,70,788961739.1839,788961670.0,0,GPS,27,0,L1,-331577144.7573,-90667344.52045,-164199649.81,19345999.21146,12841805.42912,-13531718.53442,22050388.76461,15679388.76461,55.13161050036,14.16645607741,0.025839847678101675,0.1591389306879044,0.025839777670236725,6.990017809475586e-08,1.0768685637298268e-10,0,0,0,0
284,71,788961740.1839,788961671.0,0,GPS,2,0,L1,-331584681.926,-90643100.02393,-164200201.3319,17285028.20871,3726670.876495,20367317.59072,10148972.16623,3777972.166227,22.10334166277,17.3957150359,0.6085942065792073,3.74879614863205,0.6087012058769253,-0.00010704923110930675,4.99333912870155e-08,0,0,0,0
285,71,788961740.1839,788961671.0,0,GPS,4,0,L1,-331584681.926,-90643100.02393,-164200201.3319,25374406.86822,-246454.4412763,-7982550.749674,18125068.28351,11754068.28351,42.94953089295,13.13293101968,0.15546180215242633,0.95743927570343,0.1554617585400774,4.228602807949821e-08,1.3263208532922246e-09,0,0,0,0
286,71,788961740.1839,788961671.0,0,GPS,21,0,L1,-331584681.926,-90643100.02393,-164200201.3319,18276635.38622,11151555.4952,16722697.17674,8054607.298067,1683607.298067,17.24666091585,22.62702554955,2.8176625386500875,17.361122198481244,2.818967902922222,-0.0013067558341837504,1.391562049105254e-06,0,0,0,0
287,71,788961740.1839,788961671.0,0,GPS,27,0,L1,-331584681.926,-90643100.02393,-164200201.3319,19344325.6007,12841730.16189,-13534169.01498,22052332.45822,15681332.45822,55.13887996422,14.1661759051,0.025828798466499964,0.1590708825143177,0.025828728521742728,6.983715990411181e-08,1.075973330742081e-10,0,0,0,0
288,72,788961741.1839,788961672.0,0,GPS,2,0,L1,-331592217.1658,-90618855.22274,-164200753.4786,17286005.3942,3728929.629644,20366064.28746,10146969.90954,3775969.909542,22.09875786913,17.40645392552,0.6093867310509912,3.7536784285850495,0.6094939536223327,-0.00010727265123989774,5.007989836715956e-08,0,0,0,0
289,72,788961741.1839,788961672.0,0,GPS,4,0,L1,-331592217.1658,-90618855.22274,-164200753.4786,25375329.42586,-246018.7027922,-7979591.170664,18122486.69319,11751486.69319,42.94195873426,13.14730693222,0.1555468632586826,0.9579631401697796,0.15554681969564316,4.2235282991941204e-08,1.3277564517608017e-09,0,0,0,0
290,72,788961741.1839,788961672.0,0,GPS,21,0,L1,-331592217.1658,-90618855.22274,-164200753.4786,18277401.24566,11153401.31436,16720663.83974,8055135.964529,1684135.964529,17.24781435026,22.62452867522,2.8175280894109007,17.360292656890877,2.818833208223881,-0.0013065098674229754,1.391054442623542e-06,0,0,0,0
291,72,788961741.1839,788961672.0,0,GPS,27,0,L1,-331592217.1658,-90618855.22274,-164200753.4786,19342652.08209,12841655.20688,-13536619.49521,22054276.2855,15683276.2855,55.14614959169,14.16589551535,0.025818872042339604,0.15900974901676193,0.025818802126119627,6.980867008097955e-08,1.0754989554079996e-10,0,0,0,0
292,73,788961742.1839,788961673.0,0,GPS,2,0,L1,-331599750.4777,-90594610.11252,-164201306.2498,17286983.00105,3731188.25995,20364810.9842,10144968.4349,3773968.434902,22.09417555254,17.41718713854,0.6099103257750541,3.756903800700506,0.6100176651868563,-0.00010738955559824025,5.0143796085634703e-08,0,0,0,0
293,73,788961742.1839,788961673.0,0,GPS,4,0,L1,-331599750.4777,-90594610.11252,-164201306.2498,25376252.18205,-245583.0999729,-7976631.591327,18119905.22835,11748905.22835,42.93438674894,13.16168697148,0.15566601248039222,0.9586969416681927,0.15566596884092848,4.230964822291567e-08,1.3298155126745462e-09,0,0,0,0
294,73,788961742.1839,788961673.0,0,GPS,21,0,L1,-331599750.4777,-90594610.11252,-164201306.2498,18278167.47159,11155247.08047,16718630.50301,8055666.11966,1684666.11966,17.24897073434,22.62202543743,2.817618340686618,17.360847078191128,2.8189232309673558,-0.0013062808101304332,1.390529392871452e-06,0,0,0,0
295,73,788961742.1839,788961673.0,0,GPS,27,0,L1,-331599750.4777,-90594610.11252,-164201306.2498,19340978.65519,12841580.56435,-13539069.97576,22056220.24697,15685220.24697,55.15341938425,14.16561490818,0.025806842585894493,0.15893566359519945,0.02580677269489557,6.978351013731993e-08,1.0748878577088552e-10,0,0,0,0
296,74,788961743.1839,788961674.0,0,GPS,2,0,L1,-331607281.8608,-90570364.6961,-164201859.6453,17287961.02922,3733446.76749,20363557.68095,10142967.74276,3771967.742764,22.08959471413,17.42791467518,0.6105730854174103,3.7609867094751985,0.6106806170775714,-0.0001075819238648264,5.0263703733340467e-08,0,0,0,0
297,74,788961743.1839,788961674.0,0,GPS,4,0,L1,-331607281.8608,-90570364.6961,-164201859.6453,25377175.1367,-245147.6330508,-7973672.01199,18117323.88932,11746323.88932,42.92681493829,13.17607113734,0.15579538865092943,0.9594937280019122,0.1557953449880786,4.2331961452578666e-08,1.3308893823310265e-09,0,0,0,0
298,74,788961743.1839,788961674.0,0,GPS,21,0,L1,-331607281.8608,-90570364.6961,-164201859.6453,18278934.06391,11157092.79413,16716597.16628,8056197.763286,1685197.763286,17.25013006766,22.61951583759,2.817508097946636,17.36016642950437,2.818812712374191,-0.0013060043835499049,1.3899559947523568e-06,0,0,0,0
299,74,788961743.1839,788961674.0,0,GPS,27,0,L1,-331607281.8608,-90570364.6961,-164201859.6453,19339305.32026,12841506.23416,-13541520.45631,22058164.34232,15687164.34232,55.16068934056,14.16533408372,0.025803235162867567,0.15891344690481804,0.025803165316502726,6.973890229057582e-08,1.0746255019847927e-10,0,0,0,0
300,75,788961744.1839,788961675.0,0,GPS,2,0,L1,-331614811.3149,-90546118.97393,-164202413.6648,17288939.47875,3735705.152751,20362304.37751,10140967.83331,3769967.833312,22.08501535446,17.43863653694,0.6112579565296556,3.765205717177712,0.6113656676843005,-0.00010776153007888626,5.037543413108887e-08,0,0,0,0
301,75,788961744.1839,788961675.0,0,GPS,4,0,L1,-331614811.3149,-90546118.97393,-164202413.6648,25378098.2898,-244712.3020525,-7970712.432654,18114742.67615,11743742.67615,42.91924330269,13.19045943145,0.15592741255250567,0.9603068206659948,0.15592736883399977,4.238528936262109e-08,1.3332165252504833e-09,0,0,0,0
302,75,788961744.1839,788961675.0,0,GPS,21,0,L1,-331614811.3149,-90546118.97393,-164202413.6648,18279701.02257,11158938.45578,16714563.82928,8056730.895238,1685730.895238,17.25129234983,22.61699987709,2.8173482153857208,17.35918006510926,2.818652553973218,-0.0013057279810699954,1.3893935727504119e-06,0,0,0,0
303,75,788961744.1839,788961675.0,0,GPS,27,0,L1,-331614811.3149,-90546118.97393,-164202413.6648,19337632.07769,12841432.21602,-13543970.93654,22060108.57121,15689108.57121,55.1679594593,14.16505304208,0.025795811547687095,0.15886772743542987,0.025795741734359216,6.970590471741128e-08,1.0742316230946805e-10,0,0,0,0
304,76,788961745.1839,788961676.0,0,GPS,2,0,L1,-331622338.8396,-90521872.94646,-164202968.3082,17289918.34951,3737963.414609,20361051.07425,10138968.70755,3767968.707545,22.08043747587,17.4493527215,0.6119073759174051,3.7692064412244135,0.6120152750395834,-0.00010794961517867287,5.049300033585131e-08,0,0,0,0
305,76,788961745.1839,788961676.0,0,GPS,4,0,L1,-331622338.8396,-90521872.94646,-164202968.3082,25379021.64132,-244277.1070047,-7967752.853318,18112161.58888,11741161.58888,42.91167184253,13.20485185542,0.1559670752228353,0.9605510885238644,0.15596703120393055,4.26847363471179e-08,1.3341683942336132e-09,0,0,0,0
306,76,788961745.1839,788961676.0,0,GPS,21,0,L1,-331622338.8396,-90521872.94646,-164202968.3082,18280468.34763,11160784.06439,16712530.49255,8057265.514973,1686265.514973,17.25245757966,22.61447755824,2.817255296978956,17.35860614673866,2.8185593654427117,-0.0013054572896490093,1.3888258932724341e-06,0,0,0,0
307,76,788961745.1839,788961676.0,0,GPS,27,0,L1,-331622338.8396,-90521872.94646,-164202968.3082,19335958.92684,12841358.51046,-13546421.41709,22062052.93416,15691052.93416,55.17522974193,14.16477178329,0.02579418858808112,0.15885773231029493,0.025794118801427866,6.967922770046181e-08,1.074255537956407e-10,0,0,0,0
308,77,788961746.1839,788961677.0,0,GPS,2,0,L1,-331629864.434,-90497626.61653,-164203523.5752,17290895.57385,3740221.351965,20359795.73319,10136969.51157,3765969.511568,22.07586161241,17.46004265765,0.6126015972862012,3.773483092007316,0.6127096852943574,-0.00010813861962907486,5.061147288489668e-08,0,0,0,0
309,77,788961746.1839,788961677.0,0,GPS,4,0,L1,-331629864.434,-90497626.61653,-164203523.5752,25379942.24577,-243841.7767109,-7964792.431201,18109578.63577,11738578.63577,42.90410083707,13.219358746,0.15610723648268252,0.961414298299154,0.1561071926878606,4.245852505527655e-08,1.33629686149555e-09,0,0,0,0
310,77,788961746.1839,788961677.0,0,GPS,21,0,L1,-331629864.434,-90497626.61653,-164203523.5752,18281233.97327,11162628.66852,16710495.54679,8057801.105854,1686801.105854,17.25362643119,22.61194321372,2.817123059840889,17.357790206741335,2.818426879268323,-0.0013052077320815302,1.38830464767708e-06,0,0,0,0
311,77,788961746.1839,788961677.0,0,GPS,27,0,L1,-331629864.434,-90497626.61653,-164203523.5752,19334283.60344,12841283.35762,-13548870.33519,22063994.86911,15692994.86911,55.18250060784,14.16450295891,0.025773624067483823,0.15873108237584427,0.025773554341593882,6.961856967758483e-08,1.0732026402002611e-10,0,0,0,0
312,78,788961747.1839,788961678.0,0,GPS,2,0,L1,-331637388.0991,-90473379.97976,-164204079.4655,17291864.12436,3742480.118516,20358536.0711,10134970.85759,3763970.85759,22.07129439312,17.47071285977,0.6132989669276027,3.7777791425921143,0.6134072455424465,-0.00010832934568491492,5.0730841098852965e-08,0,0,0,0
313,78,788961747.1839,788961678.0,0,GPS,4,0,L1,-331637388.0991,-90473379.97976,-164204079.4655,25380855.26337,-243404.9940029,-7961830.176312,18106990.65485,11735990.65485,42.89653084567,13.23384743946,0.15618888663894412,0.9619171566136678,0.15618884302313996,4.2278005793450233e-08,1.3377983830447233e-09,0,0,0,0
314,78,788961747.1839,788961678.0,0,GPS,21,0,L1,-331637388.0991,-90473379.97976,-164204079.4655,18281991.51449,11164471.67713,16708457.05808,8058339.176367,1687339.176367,17.25480598899,22.60938645398,2.8169977249995357,17.357016486780804,2.8183012484646426,-0.0013049111735572124,1.3877084502531415e-06,0,0,0,0
315,78,788961747.1839,788961678.0,0,GPS,27,0,L1,-331637388.0991,-90473379.97976,-164204079.4655,19332603.33235,12841201.67166,-13551316.64846,22065930.84599,15694930.84599,55.1897740603,14.16423169012,0.025772733157150108,0.1587255957206091,0.025772663459954694,6.95898703069788e-08,1.0732510610682956e-10,0,0,0,0
316,79,788961748.1839,788961679.0,0,GPS,2,0,L1,-331644909.834,-90449133.039,-164204635.9789,17292833.09618,3744738.763145,20357276.40918,10132972.99044,3761972.990443,22.06672865774,17.48137721972,0.6140678807969799,3.782515835224152,0.6141763539182225,-0.0001085239740021147,5.0852759593139425e-08,0,0,0,0
317,79,788961748.1839,788961679.0,0,GPS,4,0,L1,-331644909.834,-90449133.039,-164204635.9789,25381768.4797,-242968.3453694,-7958867.921096,18104402.79979,11733402.79979,42.8889610236,13.24834037248,0.15627413340679977,0.9624421642430628,0.1562740897968873,4.227059187099082e-08,1.339320574253471e-09,0,0,0,0
318,79,788961748.1839,788961679.0,0,GPS,21,0,L1,-331644909.834,-90449133.039,-164204635.9789,18282749.42175,11166314.6341,16706418.56963,8058878.734005,1687878.734005,17.25598849384,22.60682333308,2.8168043955533864,17.355823952000925,2.8181076136736904,-0.0013046052361520115,1.3871158478618107e-06,0,0,0,0
319,79,788961748.1839,788961679.0,0,GPS,27,0,L1,-331644909.834,-90449133.039,-164204635.9789,19330923.15218,12841120.29903,-13553762.96172,22067866.95601,15696866.95601,55.19704768049,14.16396020803,0.02575719440164569,0.15862989782174414,0.025757124757894236,6.953653698897784e-08,1.0721446360560491e-10,0,0,0,0
320,80,788961749.1839,788961680.0,0,GPS,2,0,L1,-331652429.6384,-90424885.79469,-164205193.1153,17293802.48941,3746997.286876,20356016.74708,10130975.91004,3759975.910043,22.06216440623,17.49203574016,0.614753165671397,3.786737502981824,0.6148618364446181,-0.00010872175176326987,5.097854222729155e-08,0,0,0,0
321,80,788961749.1839,788961680.0,0,GPS,4,0,L1,-331652429.6384,-90424885.79469,-164205193.1153,25382681.8946,-242531.8316185,-7955905.666207,18101815.07127,11730815.07127,42.88139137308,13.26283754327,0.15634079928188083,0.962852738278706,0.15634075570793957,4.223342292192606e-08,1.3405183519032306e-09,0,0,0,0
322,80,788961749.1839,788961680.0,0,GPS,21,0,L1,-331652429.6384,-90424885.79469,-164205193.1153,18283507.69497,11168157.54039,16704380.08092,8059419.778718,1688419.778718,17.25717394561,22.6042538521,2.8169503526491955,17.35672145068865,2.8182533427322554,-0.00130437665516524,1.3865721051295947e-06,0,0,0,0
323,80,788961749.1839,788961680.0,0,GPS,27,0,L1,-331652429.6384,-90424885.79469,-164205193.1153,19329243.06329,12841039.23945,-13556209.27467,22069803.19885,15698803.19885,55.20432146709,14.16368851276,0.025738949659889918,0.1585175349458059,0.025738880122718657,6.943012079572895e-08,1.0705046339520366e-10,0,0,0,0
324,81,788961750.1839,788961681.0,0,GPS,2,0,L1,-331659947.512,-90400638.24727,-164205750.8743,17294772.30391,3749255.688585,20354757.08516,10128979.61739,3757979.617391,22.05760164095,17.50268841867,0.6157444121082045,3.7928441849390704,0.6158533933401935,-0.00010903243496536172,5.1202976411797446e-08,0,0,0,0
325,81,788961750.1839,788961681.0,0,GPS,4,0,L1,-331659947.512,-90400638.24727,-164205750.8743,25383595.50811,-242095.4523864,-7952943.411318,18099227.469,11728227.469,42.87382189358,13.27733895526,0.15643879337292912,0.9634562528228768,0.15643874984158565,4.218915118042901e-08,1.3421923017535408e-09,0,0,0,0
326,81,788961750.1839,788961681.0,0,GPS,21,0,L1,-331659947.512,-90400638.24727,-164205750.8743,18284266.33418,11170000.39544,16702341.59221,8059962.310083,1688962.310083,17.25836234334,22.60167801304,2.816805875940102,17.35582981065878,2.8181085649583055,-0.0013040749889128129,1.385970708872502e-06,0,0,0,0
327,81,788961750.1839,788961681.0,0,GPS,27,0,L1,-331659947.512,-90400638.24727,-164205750.8743,19327563.06505,12840958.49344,-13558655.58793,22071739.57504,15700739.57504,55.21159542157,14.16341660432,0.025735434690513377,0.15849588738282513,0.025735365154934797,6.942852408970165e-08,1.0705448994351335e-10,0,0,0,0
328,82,788961751.1839,788961682.0,0,GPS,2,0,L1,-331667463.4538,-90376390.3996,-164206309.2557,17295742.53972,3751513.968886,20353497.42324,10126984.11268,3755984.112675,22.05304036243,17.51333525663,0.615927875802426,3.7939742460110977,0.6160368841222966,-0.00010905950724099931,5.118737036840694e-08,0,0,0,0
329,82,788961751.1839,788961682.0,0,GPS,4,0,L1,-331667463.4538,-90376390.3996,-164206309.2557,25384509.32024,-241659.2075148,-7949981.15643,18096639.99302,11725639.99302,42.86625258547,13.29184461013,0.15655531696706435,0.964173883247375,0.1565552732500205,4.2372926931364263e-08,1.3441169209911092e-09,0,0,0,0
330,82,788961751.1839,788961682.0,0,GPS,21,0,L1,-331667463.4538,-90376390.3996,-164206309.2557,18285025.3393,11171843.19936,16700303.10349,8060506.3278,1689506.3278,17.25955368637,22.59909581762,2.816648109154435,17.354856496958405,2.817950525630579,-0.0013038018883311147,1.385412187311576e-06,0,0,0,0
331,82,788961751.1839,788961682.0,0,GPS,27,0,L1,-331667463.4538,-90376390.3996,-164206309.2557,19325883.15773,12840878.06087,-13561101.9012,22073676.08425,15702676.08425,55.2188695426,14.16314448282,0.02572221250755946,0.1584144566106795,0.025722143041158718,6.935944326655333e-08,1.0695747581373165e-10,0,0,0,0
332,83,788961752.1839,788961683.0,0,GPS,2,0,L1,-331674977.4649,-90352142.24728,-164206868.2593,17296713.19692,3753772.128015,20352237.76115,10124989.39608,3753989.396084,22.04848057124,17.52397625544,0.6166389116543401,3.798354462994895,0.6167481106745895,-0.00010925032731543322,5.130706607757948e-08,0,0,0,0
333,83,788961752.1839,788961683.0,0,GPS,4,0,L1,-331674977.4649,-90352142.24728,-164206868.2593,25385423.33097,-241223.0973998,-7947018.901543,18094052.64336,11723052.64336,42.85868344914,13.30635450956,0.15677280520214354,0.9655133296839392,0.15677276244623664,4.1407845544253076e-08,1.3480613511077233e-09,0,0,0,0
334,83,788961752.1839,788961683.0,0,GPS,21,0,L1,-331674977.4649,-90352142.24728,-164206868.2593,18285784.71051,11173685.95133,16698264.61505,8061051.831444,1690051.831444,17.26074797376,22.59650726784,2.8166255972660226,17.354716275477067,2.81792775752546,-0.00130354511162356,1.384852185747802e-06,0,0,0,0
335,83,788961752.1839,788961683.0,0,GPS,27,0,L1,-331674977.4649,-90352142.24728,-164206868.2593,19324203.34156,12840797.94142,-13563548.21446,22075612.72643,15704612.72643,55.22614382978,14.16287214833,0.0257052929598122,0.15831025462150575,0.02570522350914096,6.934380521132962e-08,1.0686602844914331e-10,0,0,0,0
336,84,788961753.1839,788961684.0,0,GPS,2,0,L1,-331682489.5444,-90327893.79317,-164207427.8848,17297684.27537,3756030.164975,20350978.09923,10122995.46862,3751995.468617,22.04392226972,17.53461141268,0.6173417619677907,3.80268426131948,0.6174511506257856,-0.00010944008429529063,5.142630038883724e-08,0,0,0,0
337,84,788961753.1839,788961684.0,0,GPS,4,0,L1,-331682489.5444,-90327893.79317,-164207427.8848,25386337.54028,-240787.1218834,-7944056.646655,18091465.42005,11720465.42005,42.85111448496,13.32086865525,0.15690464826119352,0.9663253014500934,0.15690460428921774,4.2623812154982265e-08,1.3481636411310583e-09,0,0,0,0
338,84,788961753.1839,788961684.0,0,GPS,21,0,L1,-331682489.5444,-90327893.79317,-164207427.8848,18286544.44768,11175528.65244,16696226.12634,8061598.820962,1690598.820962,17.26194520534,22.59391236481,2.816443525268872,17.35359311978658,2.8177453879870593,-0.0013032469916538746,1.3842734664794792e-06,0,0,0,0
339,84,788961753.1839,788961684.0,0,GPS,27,0,L1,-331682489.5444,-90327893.79317,-164207427.8848,19322523.61649,12840718.13525,-13565994.52772,22077549.50155,15706549.50155,55.23341828272,14.16259960094,0.025692417829243978,0.15823096109231313,0.02569234842473409,6.929772274187115e-08,1.0678714828958118e-10,0,0,0,0
340,85,788961754.1839,788961685.0,0,GPS,2,0,L1,-331689999.6919,-90303645.03771,-164207988.1321,17298655.77517,3758288.080789,20349718.43713,10121002.33019,3750002.330195,22.03936545784,17.54524073103,0.6180274102481467,3.80690806418482,0.6181369798348391,-0.00010962112605735376,5.153936493369635e-08,0,0,0,0
341,85,788961754.1839,788961685.0,0,GPS,4,0,L1,-331689999.6919,-90303645.03771,-164207988.1321,25387251.94815,-240351.2809921,-7941094.391768,18088878.32313,11717878.32313,42.84354569332,13.33538704889,0.15698578836806207,0.9668250176620492,0.15698574443361443,4.25848654805324e-08,1.3495821675876042e-09,0,0,0,0
342,85,788961754.1839,788961685.0,0,GPS,21,0,L1,-331689999.6919,-90303645.03771,-164207988.1321,18287304.55082,11177371.30214,16694187.63762,8062147.29593,1691147.29593,17.26314538017,22.59131111054,2.816294208526929,17.352671594268813,2.817595757633294,-0.001302932754158661,1.3836477938163312e-06,0,0,0,0
343,85,788961754.1839,788961685.0,0,GPS,27,0,L1,-331689999.6919,-90303645.03771,-164207988.1321,19320843.98254,12840638.64232,-13568440.84099,22079486.40956,15708486.40956,55.24069290101,14.16232684072,0.02568567172750441,0.1581894146251678,0.025685602423178223,6.919754415158464e-08,1.0678203587083722e-10,0,0,0,0
344,86,788961755.1839,788961686.0,0,GPS,2,0,L1,-331697507.9066,-90279395.98374,-164208549.0008,17299627.69615,3760545.87446,20348458.77521,10119009.98182,3748009.981816,22.03481013795,17.55586420809,0.6187279838112203,3.8112238459434495,0.6188377438819154,-0.00010981172968419392,5.165898915037501e-08,0,0,0,0
345,86,788961755.1839,788961686.0,0,GPS,4,0,L1,-331697507.9066,-90279395.98374,-164208549.0008,25388166.55458,-239915.574568,-7938132.136882,18086291.35264,11715291.35264,42.8359770746,13.34990969216,0.15708450853041486,0.9674330029551182,0.15708446449370134,4.268540221261415e-08,1.3513113079351442e-09,0,0,0,0
346,86,788961755.1839,788961686.0,0,GPS,21,0,L1,-331697507.9066,-90279395.98374,-164208549.0008,18288065.01986,11179213.90054,16692149.14891,8062697.256044,1691697.256044,17.26434849757,22.58870350676,2.816118469605159,17.351587527211514,2.817419735011933,-0.0013026484960394988,1.3830892652414873e-06,0,0,0,0
347,86,788961755.1839,788961686.0,0,GPS,27,0,L1,-331697507.9066,-90279395.98374,-164208549.0008,19319164.43967,12840559.46276,-13570887.15425,22081423.45042,15710423.45042,55.24796768426,14.16205386774,0.025669474698490805,0.15808966243426004,0.02566940541579585,6.917600619645029e-08,1.066887609638146e-10,0,0,0,0
348,87,788961756.1839,788961687.0,0,GPS,2,0,L1,-331705014.1887,-90255146.6293,-164209110.4907,17300600.03846,3762803.546888,20347199.11311,10117018.4234,3746018.423401,22.03025630999,17.56648184651,0.6193836493432859,3.815263052874884,0.6194935997973797,-0.00011000223302477043,5.177893103256251e-08,0,0,0,0
349,87,788961756.1839,788961687.0,0,GPS,4,0,L1,-331705014.1887,-90255146.6293,-164209110.4907,25389081.35963,-239480.0024317,-7935169.881668,18083704.50828,11712704.50828,42.82840862825,13.3644365885,0.15717765833053887,0.9680066830190014,0.1571776143297629,4.26478816882497e-08,1.3528942879201707e-09,0,0,0,0
350,87,788961756.1839,788961687.0,0,GPS,21,0,L1,-331705014.1887,-90255146.6293,-164209110.4907,18288825.8549,11181056.44695,16690110.66046,8063248.700874,1692248.700874,17.26555455658,22.5860895555,2.816097615735175,17.351457400828032,2.8173986060725618,-0.0013023728437367597,1.3825063499079824e-06,0,0,0,0
351,87,788961756.1839,788961687.0,0,GPS,27,0,L1,-331705014.1887,-90255146.6293,-164209110.4907,19317484.98834,12840480.59615,-13573333.46719,22083360.62379,15712360.62379,55.25524263114,14.16178068212,0.025673318331917685,0.15811333427588145,0.02567324907065703,6.915453410444311e-08,1.0672654913602407e-10,0,0,0,0
352,88,788961757.1839,788961688.0,0,GPS,2,0,L1,-331712518.5394,-90230896.97,-164209672.6017,17301572.80201,3765061.096696,20345939.45119,10115027.65595,3744027.65595,22.02570397633,17.57709364392,0.6200571921683502,3.8194123187929745,0.6201673262598781,-0.00011018598571411401,5.1894186123079394e-08,0,0,0,0
353,88,788961757.1839,788961688.0,0,GPS,4,0,L1,-331712518.5394,-90230896.97,-164209672.6017,25389996.36311,-239044.5657607,-7932207.626782,18081117.79074,11710117.79074,42.8208403565,13.37896773609,0.15728722893234545,0.9686814931233716,0.1572871848980153,4.267948915572172e-08,1.3548410039810962e-09,0,0,0,0
354,88,788961757.1839,788961688.0,0,GPS,21,0,L1,-331712518.5394,-90230896.97,-164209672.6017,18289587.05603,11182898.94205,16688072.17175,8063801.630369,1692801.630369,17.26676355705,22.58346925787,2.815824188473563,17.3497715352173,2.8171248679471708,-0.0013020613812359007,1.3819076280321449e-06,0,0,0,0
355,88,788961757.1839,788961688.0,0,GPS,27,0,L1,-331712518.5394,-90230896.97,-164209672.6017,19315805.62811,12840402.04274,-13575779.78045,22085297.93021,15714297.93021,55.26251774312,14.16150728388,0.0256626152476602,0.15804741787433638,0.025662546063206976,6.907781166130081e-08,1.0664156428244824e-10,0,0,0,0
356,89,788961758.1839,788961689.0,0,GPS,2,0,L1,-331720020.955,-90206647.01833,-164210235.3334,17302545.98678,3767318.525539,20344679.78909,10113037.67938,3742037.679383,22.02115313691,17.58769960298,0.6208612698070444,3.8243656835314392,0.6209716162158824,-0.00011039843796220925,5.202912418747412e-08,0,0,0,0
357,89,788961758.1839,788961689.0,0,GPS,4,0,L1,-331720020.955,-90206647.01833,-164210235.3334,25390911.56511,-238609.2632672,-7929245.371896,18078531.19973,11707531.19973,42.8132722588,13.39350313838,0.15733554659295887,0.968979066480001,0.1573355026122456,4.2624936337676274e-08,1.3557769149767211e-09,0,0,0,0
358,89,788961758.1839,788961689.0,0,GPS,21,0,L1,-331720020.955,-90206647.01833,-164210235.3334,18290348.62289,11184741.38598,16686033.68303,8064356.044097,1693356.044097,17.26797549803,22.58084261591,2.815830195397535,17.349806720118195,2.8171305810056446,-0.001301766893342471,1.381285232804037e-06,0,0,0,0
359,89,788961758.1839,788961689.0,0,GPS,27,0,L1,-331720020.955,-90206647.01833,-164210235.3334,19314126.35886,12840323.80295,-13578226.09371,22087235.36935,15716235.36935,55.26979301886,14.16123367311,0.025650599223404534,0.15797341514269508,0.025650530058547807,6.905827552748196e-08,1.0658120023559894e-10,0,0,0,0
360,90,788961759.1839,788961690.0,0,GPS,2,0,L1,-331727521.4399,-90182396.75785,-164210798.6856,17303519.59282,3769575.831412,20343420.12717,10111048.4947,3740048.494701,22.0166037941,17.59829972132,0.6216974086235616,3.8295167741228746,0.6218080114025697,-0.00011065498843653721,5.220942844249689e-08,0,0,0,0
361,90,788961759.1839,788961690.0,0,GPS,4,0,L1,-331727521.4399,-90182396.75785,-164210798.6856,25391826.96559,-238174.096271,-7926283.117011,18075944.73528,11704944.73528,42.80570433555,13.40804279706,0.15743800866088317,0.9696100978724163,0.15743796472388893,4.257951149351677e-08,1.3574827327989665e-09,0,0,0,0
362,90,788961759.1839,788961690.0,0,GPS,21,0,L1,-331727521.4399,-90182396.75785,-164210798.6856,18291110.55607,11186583.77725,16683995.19459,8064911.941627,1693911.941627,17.26919037854,22.57820963166,2.8156865308912056,17.348920164560955,2.81698662880996,-0.0013014786154518757,1.380696697494265e-06,0,0,0,0
363,90,788961759.1839,788961690.0,0,GPS,27,0,L1,-331727521.4399,-90182396.75785,-164210798.6856,19312447.18131,12840245.87578,-13580672.40697,22089172.94117,15718172.94117,55.27706845798,14.16095984991,0.025650206040972644,0.15797099390188848,0.02565013691575202,6.901863425288698e-08,1.065863715943584e-10,0,0,0,0
364,91,788961760.1839,788961691.0,0,GPS,2,0,L1,-331735019.9892,-90158146.20589,-164211362.6581,17304493.62,3771833.015684,20342160.46524,10109060.10209,3738060.102093,22.01205594845,17.60889400035,0.6219573084800469,3.8311175827020008,0.6220679386095607,-0.00011068234067134578,5.2211157566097626e-08,0,0,0,0
365,91,788961760.1839,788961691.0,0,GPS,4,0,L1,-331735019.9892,-90158146.20589,-164211362.6581,25392742.56455,-237739.0635056,-7923320.862126,18073358.39743,11702358.39743,42.79813658711,13.42258671382,0.15753062754944533,0.9701805083084108,0.15753058366246778,4.252776265257912e-08,1.3592149066251178e-09,0,0,0,0
366,91,788961760.1839,788961691.0,0,GPS,21,0,L1,-331735019.9892,-90158146.20589,-164211362.6581,18291872.85492,11188426.11776,16681956.70587,8065469.322904,1694469.322904,17.27040819844,22.57557030626,2.81553536031004,17.347987299667352,2.8168351572539874,-0.0013011770532124483,1.3801092651769718e-06,0,0,0,0
367,91,788961760.1839,788961691.0,0,GPS,27,0,L1,-331735019.9892,-90158146.20589,-164211362.6581,19310768.09483,12840168.26219,-13583118.72023,22091110.64561,15720110.64561,55.28434406006,14.16068581434,0.025634978588549656,0.15787721311569208,0.025634909499967714,6.89820923558343e-08,1.0648958617677827e-10,0,0,0,0
368,92,788961761.1839,788961692.0,0,GPS,2,0,L1,-331742516.6053,-90133895.35322,-164211927.2506,17305468.06846,3774090.078339,20340900.80315,10107072.50175,3736072.501752,22.00750960051,17.61948244148,0.6228398855716468,3.8365546696243262,0.6229507717204742,-0.00011093851579354019,5.236696618288142e-08,0,0,0,0
369,92,788961761.1839,788961692.0,0,GPS,4,0,L1,-331742516.6053,-90133895.35322,-164211927.2506,25393658.36198,-237304.1657367,-7920358.607241,18070772.18621,11699772.18621,42.79056901386,13.43713489034,0.1576390803929419,0.970848433850606,0.15763903636750978,4.266437931380542e-08,1.3610528048891416e-09,0,0,0,0
370,92,788961761.1839,788961692.0,0,GPS,21,0,L1,-331742516.6053,-90133895.35322,-164211927.2506,18292635.51981,11190268.40643,16679918.21715,8066028.187496,1695028.187496,17.27162895675,22.57292464175,2.8153899582274757,17.347089949025506,2.816689452233995,-0.0013008735101968027,1.3795036777227639e-06,0,0,0,0
371,92,788961761.1839,788961692.0,0,GPS,27,0,L1,-331742516.6053,-90133895.35322,-164211927.2506,19309089.10016,12840090.96134,-13585565.03317,22093048.48236,15722048.48236,55.29161982379,14.16041156651,0.02562225268114809,0.15779883867104857,0.025622183649568555,6.892518572785315e-08,1.0639380918611296e-10,0,0,0,0
372,93,788961762.1839,788961693.0,0,GPS,2,0,L1,-331750011.2871,-90109644.20271,-164212492.4629,17306442.93805,3776347.01838,20339641.14122,10105085.69468,3734085.694677,22.00296475264,17.63006504236,0.6234259811164918,3.8401653683198265,0.6235370497048908,-0.00011112107062992778,5.2482230972709674e-08,0,0,0,0
373,93,788961762.1839,788961693.0,0,GPS,4,0,L1,-331750011.2871,-90109644.20271,-164212492.4629,25394574.35785,-236869.402806,-7917396.352357,18068186.10166,11697186.10166,42.78300161619,13.45168732832,0.15773412370425494,0.971433775672912,0.15773407975182874,4.258971964454965e-08,1.3627065551812142e-09,0,0,0,0
374,93,788961762.1839,788961693.0,0,GPS,21,0,L1,-331750011.2871,-90109644.20271,-164212492.4629,18293398.55066,11192110.64335,16677879.72844,8066588.535095,1695588.535095,17.27285265279,22.57027263987,2.815236316583724,17.34614185983276,2.816535508671309,-0.0013005709786615344,1.3788910768465225e-06,0,0,0,0
375,93,788961762.1839,788961693.0,0,GPS,27,0,L1,-331750011.2871,-90109644.20271,-164212492.4629,19307410.19658,12840013.9739,-13588011.34642,22094986.45194,15723986.45194,55.29889575063,14.16013710645,0.02555690156927511,0.157396361544927,0.025556832453532602,6.900953960684536e-08,1.0620290024349094e-10,0,0,0,0
376,94,788961763.1839,788961694.0,0,GPS,2,0,L1,-331757504.0331,-90085392.75961,-164213058.2948,17307418.22882,3778603.837082,20338381.47912,10103099.68079,3732099.68079,21.99842140479,17.640063771,0.6241132607246511,3.844399298622765,0.6242245233307742,-0.00011131521094746547,5.2604824425537643e-08,0,0,0,0
377,94,788961763.1839,788961694.0,0,GPS,4,0,L1,-331757504.0331,-90085392.75961,-164213058.2948,25395490.55216,-236434.7743707,-7914434.097473,18065600.14381,11694600.14381,42.77543439448,13.46624402945,0.15791922017966512,0.9725737240091962,0.15791917595322844,4.2861616976344875e-08,1.3648197124452667e-09,0,0,0,0
378,94,788961763.1839,788961694.0,0,GPS,21,0,L1,-331757504.0331,-90085392.75961,-164213058.2948,18294161.94731,11193952.82824,16675841.23999,8067150.365265,1696150.365265,17.27407928558,22.5676143027,2.815143862354628,17.345570593373598,2.8164427507381533,-0.0013002666728904766,1.3782893654306356e-06,0,0,0,0
379,94,788961763.1839,788961694.0,0,GPS,27,0,L1,-331757504.0331,-90085392.75961,-164213058.2948,19305731.38428,12839937.29987,-13590457.65968,22096924.55403,15725924.55403,55.30617183925,14.15986243426,0.025549259357172914,0.1573492959388098,0.025549190295873714,6.895515271006475e-08,1.0614649146100179e-10,0,0,0,0
380,95,788961764.1839,788961695.0,0,GPS,2,0,L1,-331764994.8463,-90061141.0123,-164213624.7459,17308393.94077,3780860.532693,20337121.8172,10101114.46109,3730114.461092,21.99387955932,17.64947943111,0.6248299829189942,3.848814572510403,0.6249414421583458,-0.0001115119687590724,5.2729407495941056e-08,0,0,0,0
381,95,788961764.1839,788961695.0,0,GPS,4,0,L1,-331764994.8463,-90061141.0123,-164213624.7459,25396406.94489,-236000.2813812,-7911471.84259,18063014.3127,11692014.3127,42.76786734911,13.48080499541,0.1579865537800455,0.97298841082255,0.15798650966606365,4.274787164997727e-08,1.3661101934726709e-09,0,0,0,0
382,95,788961764.1839,788961695.0,0,GPS,21,0,L1,-331764994.8463,-90061141.0123,-164213624.7459,18294925.71013,11195794.96139,16673802.75128,8067713.67795,1696713.67795,17.27530885497,22.56494963136,2.8149811082264904,17.34456637841794,2.816279693897975,-0.0012999633633054232,1.3776918211164937e-06,0,0,0,0
383,95,788961764.1839,788961695.0,0,GPS,27,0,L1,-331764994.8463,-90061141.0123,-164213624.7459,19304052.66376,12839860.93853,-13592903.97293,22098862.78857,15727862.78857,55.31344808924,14.15958755002,0.025538830689919585,0.15728506953239424,0.025538761697069125,6.888678035657731e-08,1.0607010529338018e-10,0,0,0,0
384,96,788961765.1839,788961696.0,0,GPS,2,0,L1,-331772483.7231,-90036888.97327,-164214191.8162,17309370.07382,3783117.10633,20335862.15527,10099130.03577,3728130.035774,21.98933921678,17.65889258174,0.625532154096577,3.8531402245254527,0.6256438088631145,-0.00011170761953022369,5.285299276109595e-08,0,0,0,0
385,96,788961765.1839,788961696.0,0,GPS,4,0,L1,-331772483.7231,-90036888.97327,-164214191.8162,25397323.53602,-235565.9229403,-7908509.587706,18060428.60836,11689428.60836,42.76030048045,13.49537022791,0.1580747829953851,0.9735317863082888,0.15807473887360107,4.275415359934001e-08,1.3676304343952885e-09,0,0,0,0
386,96,788961765.1839,788961696.0,0,GPS,21,0,L1,-331772483.7231,-90036888.97327,-164214191.8162,18295689.83875,11197637.04243,16671764.26283,8068278.472586,1697278.472586,17.2765413597,22.56227862825,2.814819115570341,17.34356681534322,2.81611739239509,-0.0012996538962074527,1.3770714583293913e-06,0,0,0,0
387,96,788961765.1839,788961696.0,0,GPS,27,0,L1,-331772483.7231,-90036888.97327,-164214191.8162,19302374.03458,12839784.89057,-13595350.28619,22100801.15553,15729801.15553,55.32072450023,14.15931245381,0.025540595130510792,0.1572959360122679,0.02554052611400205,6.891037033785569e-08,1.0613840715747733e-10,0,0,0,0
388,97,788961766.1839,788961697.0,0,GPS,2,0,L1,-331779970.666,-90012636.63331,-164214759.5052,17310346.62812,3785373.557977,20334602.49317,10097146.40503,3726146.405029,21.98480037774,17.66830322107,0.6262743502701039,3.85771240714264,0.626386205345139,-0.00011190805521737328,5.298018232594981e-08,0,0,0,0
389,97,788961766.1839,788961697.0,0,GPS,4,0,L1,-331779970.666,-90012636.63331,-164214759.5052,25398240.32554,-235131.6998139,-7905547.332823,18057843.03082,11686843.03082,42.75273378888,13.50993972862,0.1582242552369886,0.9744523413594556,0.15822421165032857,4.22173330972364e-08,1.3693269275409418e-09,0,0,0,0
390,97,788961766.1839,788961697.0,0,GPS,21,0,L1,-331779970.666,-90012636.63331,-164214759.5052,18296454.33344,11199479.07177,16669725.77411,8068844.749118,1697844.749118,17.27777679961,22.55960129449,2.8146274242385547,17.342384302652988,2.815925384915363,-0.0012993371316172015,1.376454808772522e-06,0,0,0,0
391,97,788961766.1839,788961697.0,0,GPS,27,0,L1,-331779970.666,-90012636.63331,-164214759.5052,19300695.49749,12839709.15513,-13597796.59913,22102739.65458,15731739.65458,55.32800107086,14.15903714574,0.025517027846460316,0.1571507933743797,0.025516958948649793,6.879189009222514e-08,1.0592043052898845e-10,0,0,0,0
392,98,788961767.1839,788961698.0,0,GPS,2,0,L1,-331787455.6712,-89988384.00493,-164215327.8129,17311323.60341,3787629.887139,20333342.83124,10095163.56986,3724163.569857,21.98026304454,17.6777113439,0.6270560061892477,3.8625276706485745,0.6271680714660128,-0.00011211839121780954,5.3114452702685073e-08,0,0,0,0
393,98,788961767.1839,788961698.0,0,GPS,4,0,L1,-331787455.6712,-89988384.00493,-164215327.8129,25399157.31343,-234697.6111044,-7902585.077941,18055257.58012,11684257.58012,42.74516727479,13.52451349926,0.15832169135520333,0.9750524187215174,0.15832164768030305,4.2303771564611995e-08,1.3711287192955656e-09,0,0,0,0
394,98,788961767.1839,788961698.0,0,GPS,21,0,L1,-331787455.6712,-89988384.00493,-164215327.8129,18297219.19381,11201321.04955,16667687.28539,8069412.507106,1698412.507106,17.27901517373,22.55691763217,2.8148080862728357,17.343495434005757,2.8161058020326197,-0.0012990916580811133,1.375898296997067e-06,0,0,0,0
395,98,788961767.1839,788961698.0,0,GPS,27,0,L1,-331787455.6712,-89988384.00493,-164215327.8129,19299017.0514,12839633.73347,-13600242.91238,22104678.28624,15733678.28624,55.33527780261,14.15876162582,0.025506522846942423,0.15708609646797178,0.025506453953609884,6.87874469880605e-08,1.0588555089375305e-10,0,0,0,0
396,99,788961768.1839,788961699.0,0,GPS,2,0,L1,-331794938.7432,-89964131.07167,-164215896.7389,17312300.99991,3789886.093424,20332083.16932,10093181.53045,3722181.530451,21.97572721775,17.6871169484,0.6280092177675969,3.8683999477157656,0.6281215674658812,-0.00011240301199266122,5.331370832501719e-08,0,0,0,0
397,99,788961768.1839,788961699.0,0,GPS,4,0,L1,-331794938.7432,-89964131.07167,-164215896.7389,25400074.49968,-234263.6581323,-7899622.823059,18052672.2563,11681672.2563,42.73760093855,13.5390915415,0.15840522029791657,0.9755668473815906,0.15840517672090948,4.220443219953458e-08,1.3725748773522443e-09,0,0,0,0
398,99,788961768.1839,788961699.0,0,GPS,21,0,L1,-331794938.7432,-89964131.07167,-164215896.7389,18297984.42048,11203162.97428,16665648.79695,8069981.74611,1698981.74611,17.28025648108,22.55422764337,2.814644085051602,17.34248348930359,2.8159414900945823,-0.0012987803327187322,1.3752897383829582e-06,0,0,0,0
399,99,788961768.1839,788961699.0,0,GPS,27,0,L1,-331794938.7432,-89964131.07167,-164215896.7389,19297338.69733,12839558.62429,-13602689.22563,22106617.0502,15735617.0502,55.34255469416,14.15848589417,0.025504956741816517,0.15707645158290878,0.02550488789001623,6.874592570284353e-08,1.0587458362432922e-10,0,0,0,0
400,100,788961769.1839,788961700.0,0,GPS,2,0,L1,-331802419.8763,-89939877.85326,-164216466.2829,17313278.81747,3792142.178327,20330823.50721,10091200.287,3720200.287004,21.97119289792,17.69652003274,0.6280884931988062,3.8688881720727273,0.6282008416496561,-0.00011240174325919133,5.3292409327591024e-08,0,0,0,0
401,100,788961769.1839,788961700.0,0,GPS,4,0,L1,-331802419.8763,-89939877.85326,-164216466.2829,25400991.88437,-233829.8390549,-7896660.567849,18050087.05906,11679087.05906,42.73003477962,13.5536738588,0.15851100007872945,0.9762183107376095,0.15851095642049062,4.2283752773933716e-08,1.3744860501450511e-09,0,0,0,0
402,100,788961769.1839,788961700.0,0,GPS,21,0,L1,-331802419.8763,-89939877.85326,-164216466.2829,18298750.01271,11205004.84799,16663610.30823,8070552.466073,1699552.466073,17.28150072149,22.55153132925,2.8144447774924783,17.341253943049107,2.8157418456599124,-0.0012984428022082138,1.3746347742068817e-06,0,0,0,0
403,100,788961769.1839,788961700.0,0,GPS,27,0,L1,-331802419.8763,-89939877.85326,-164216466.2829,19295660.43456,12839483.82872,-13605135.53889,22108555.94639,15737555.94639,55.34983174509,14.15820995085,0.025499572410388853,0.15704329138914738,0.02549950358819522,6.871633249035544e-08,1.0586113964571084e-10,0,0,0,0
404,101,788961770.1839,788961701.0,0,GPS,2,0,L1,-331809899.0743,-89915624.33567,-164217036.4449,17314257.0561,3794398.139967,20329563.84529,10089219.84052,3718219.840516,21.9666600874,17.70592059171,0.6289520942703059,3.8742083874263766,0.629064698037919,-0.00011265722029045403,5.345267737667154e-08,0,0,0,0
405,101,788961770.1839,788961701.0,0,GPS,4,0,L1,-331809899.0743,-89915624.33567,-164217036.4449,25401909.4673,-233396.1557891,-7893698.312968,18047501.98908,11676501.98908,42.72246880023,13.56826044933,0.15861128437171607,0.9768359296925866,0.15861124072184007,4.2273536674951444e-08,1.3763393027372352e-09,0,0,0,0
406,101,788961770.1839,788961701.0,0,GPS,21,0,L1,-331809899.0743,-89915624.33567,-164217036.4449,18299515.97103,11206846.66933,16661571.81951,8071124.666554,1700124.666554,17.28274789397,22.54882869189,2.8143264445449723,17.34052331328835,2.8156232115174333,-0.0012981410039336766,1.3740314724734888e-06,0,0,0,0
407,101,788961770.1839,788961701.0,0,GPS,27,0,L1,-331809899.0743,-89915624.33567,-164217036.4449,19293982.26404,12839409.34562,-13607581.85182,22110494.9745,15739494.9745,55.35710895409,14.15793379599,0.02548324674382587,0.15694274725437157,0.0254831779909487,6.864715256491764e-08,1.0572460480891204e-10,0,0,0,0
408,102,788961771.1839,788961702.0,0,GPS,2,0,L1,-331817376.335,-89891370.52658,-164217607.2244,17315235.71584,3796653.979748,20328304.18318,10087240.19091,3716240.190913,21.96212878616,17.71531862459,0.6297066950375394,3.8788569553375254,0.629819497387078,-0.00011285592799616197,5.3578457579754105e-08,0,0,0,0
409,102,788961771.1839,788961702.0,0,GPS,4,0,L1,-331817376.335,-89891370.52658,-164217607.2244,25402827.24854,-232962.6074162,-7890736.058087,18044917.04609,11673917.04609,42.71490299983,13.58285131655,0.1586796572291252,0.9772570168050128,0.15867961366690048,4.218463520546156e-08,1.3775895173019564e-09,0,0,0,0
410,102,788961771.1839,788961702.0,0,GPS,21,0,L1,-331817376.335,-89891370.52658,-164217607.2244,18300282.29521,11208688.43816,16659533.33106,8071698.347108,1700698.347108,17.28399799755,22.5461197334,2.814134269121624,17.33933779958596,2.815430716756017,-0.0012978210405376624,1.373406144424911e-06,0,0,0,0
411,102,788961771.1839,788961702.0,0,GPS,27,0,L1,-331817376.335,-89891370.52658,-164217607.2244,19292304.18484,12839335.17596,-13610028.16507,22112434.13506,15741434.13506,55.36438632261,14.1576574296,0.02546890312791191,0.1568544100062054,0.025468834455757483,6.856646954053941e-08,1.0568488701789278e-10,0,0,0,0
412,103,788961772.1839,788961703.0,0,GPS,1,0,L1,-331824851.6592,-89867116.42158,-164218178.6213,16019913.27715,2456473.408077,21017420.87295,11445268.56,5074268.559997,25.54603260688,10.0050248474,0.3200831313000805,1.9715394142436984,0.3201236800571137,-4.056235227987276e-05,1.3595246649248278e-08,0,0,0,0
413,103,788961772.1839,788961703.0,0,GPS,2,0,L1,-331824851.6592,-89867116.42158,-164218178.6213,17316214.79662,3798909.696294,20327044.52126,10085261.33919,3714261.339193,21.95759899656,17.72471412619,0.629749504355391,3.8791212949860903,0.6298624188627899,-0.00011296814468557676,5.363728665241735e-08,0,0,0,0
414,103,788961772.1839,788961703.0,0,GPS,4,0,L1,-331824851.6592,-89867116.42158,-164218178.6213,25403745.22808,-232529.1943328,-7887773.803206,18042332.2301,11671332.2301,42.7073373788,13.59744646216,0.15876082665424446,0.9777569122314455,0.15876078291079038,4.236421713066908e-08,1.3792369627089028e-09,0,0,0,0
415,103,788961772.1839,788961703.0,0,GPS,21,0,L1,-331824851.6592,-89867116.42158,-164218178.6213,18301048.98536,11210530.15517,16657494.84234,8072273.507679,1701273.507679,17.28525103204,22.54340445493,2.8103201935410542,17.31583704670206,2.811614841991884,-0.0012960188058092471,1.3703549797254508e-06,0,0,0,0
416,103,788961772.1839,788961703.0,0,GPS,27,0,L1,-331824851.6592,-89867116.42158,-164218178.6213,19290626.19752,12839261.31915,-13612474.47832,22114373.42774,15743373.42774,55.37166384933,14.15738085179,0.025470591339937433,0.15686480725129437,0.025470522681889964,6.855232688573046e-08,1.0572058314752743e-10,0,0,0,0
417,104,788961773.1839,788961704.0,0,GPS,1,0,L1,-331832325.0462,-89842862.02353,-164218750.6353,16020569.13094,2459053.532388,21016608.92493,11443484.05416,5072484.054163,25.54177129089,10.01649495454,0.3203779539285897,1.9733554543209055,0.3204185549292297,-4.06146194141998e-05,1.3618774174800977e-08,0,0,0,0
418,104,788961773.1839,788961704.0,0,GPS,2,0,L1,-331832325.0462,-89842862.02353,-164218750.6353,17317194.29843,3801165.290219,20325784.85933,10083283.28555,3712283.285552,21.95307071914,17.73410709468,0.6304258480542733,3.8832878046092993,0.6305389452278926,-0.00011315092618261823,5.3752563322174594e-08,0,0,0,0
419,104,788961773.1839,788961704.0,0,GPS,4,0,L1,-331832325.0462,-89842862.02353,-164218750.6353,25404663.40591,-232095.9163805,-7884811.548325,18039747.54117,11668747.54117,42.69977193752,13.61204588783,0.15918108608320847,0.9803451588312788,0.15918104284596993,4.185311407856536e-08,1.3841244696908241e-09,0,0,0,0
420,104,788961773.1839,788961704.0,0,GPS,21,0,L1,-331832325.0462,-89842862.02353,-164218750.6353,18301816.04146,11212371.81945,16655456.35389,8072850.147692,1701850.147692,17.28650699619,22.5406828589,2.8101619639216797,17.314860627563476,2.8114562984265543,-0.0012957042482665152,1.3697433920831734e-06,0,0,0,0
421,104,788961773.1839,788961704.0,0,GPS,27,0,L1,-331832325.0462,-89842862.02353,-164218750.6353,19288948.30204,12839187.77533,-13614920.79157,22116312.85248,15745312.85248,55.37894153385,14.15710406264,0.025446121826417874,0.1567141076469422,0.025446053218292214,6.850256355353842e-08,1.0556210607789598e-10,0,0,0,0
422,105,788961774.1839,788961705.0,0,GPS,1,0,L1,-331839796.4955,-89818607.33287,-164219323.2662,16021225.44623,2461633.574655,21015796.97678,11441700.35047,5070700.350474,25.53751146246,10.02796425595,0.3206040173328131,1.9747479359261204,0.32064465557558386,-4.0651878410353964e-05,1.363563959019099e-08,0,0,0,0
423,105,788961774.1839,788961705.0,0,GPS,2,0,L1,-331839796.4955,-89818607.33287,-164219323.2662,17318174.22129,3803420.761473,20324525.1974,10081306.03045,3710306.030451,21.94854395507,17.74349752707,0.6311740557125697,3.8878970210526766,0.6312873549829163,-0.00011335315147244267,5.388112584157291e-08,0,0,0,0
424,105,788961774.1839,788961705.0,0,GPS,4,0,L1,-331839796.4955,-89818607.33287,-164219323.2662,25405581.78201,-231662.7735859,-7881849.293445,18037162.97931,11666162.97931,42.69220667637,13.62664959529,0.1591113187462031,0.9799154790496832,0.1591112746881858,4.26749957501967e-08,1.3830215472685718e-09,0,0,0,0
425,105,788961774.1839,788961705.0,0,GPS,21,0,L1,-331839796.4955,-89818607.33287,-164219323.2662,18302583.46343,11214213.43195,16653417.86518,8073428.267089,1702428.267089,17.28776588982,22.53795494648,2.810055213958625,17.314201394409167,2.811349257125808,-0.0012954123220411285,1.3691548576315901e-06,0,0,0,0
426,105,788961774.1839,788961705.0,0,GPS,27,0,L1,-331839796.4955,-89818607.33287,-164219323.2662,19287270.49875,12839114.54421,-13617367.1045,22118252.40897,15747252.40897,55.38621937484,14.15682706226,0.02543875008502432,0.15666870778560646,0.02543868153169042,6.84478341939836e-08,1.0549970643035352e-10,0,0,0,0
427,106,788961775.1839,788961706.0,0,GPS,1,0,L1,-331847266.0077,-89794352.34761,-164219896.5136,16021882.223,2464213.534142,21014985.02863,11439917.44955,5068917.449547,25.53325312312,10.03943274476,0.32089558847760175,1.9765439515002592,0.32093627902012645,-4.070420173655872e-05,1.3659211871364283e-08,0,0,0,0
428,106,788961775.1839,788961706.0,0,GPS,2,0,L1,-331847266.0077,-89794352.34761,-164219896.5136,17319154.56526,3805676.110418,20323265.53529,10079329.57409,3708329.574087,21.9440187049,17.75288542153,0.6318557518561128,3.8920965762042976,0.6319692470313466,-0.00011354918098301934,5.400574915858799e-08,0,0,0,0
429,106,788961775.1839,788961706.0,0,GPS,4,0,L1,-331847266.0077,-89794352.34761,-164219896.5136,25406500.35637,-231229.7661605,-7878887.038565,18034578.54456,11663578.54456,42.68464159572,13.6412575862,0.1591875707963081,0.9803850914382938,0.15918752680110648,4.261079716844786e-08,1.3844044457793137e-09,0,0,0,0
430,106,788961775.1839,788961706.0,0,GPS,21,0,L1,-331847266.0077,-89794352.34761,-164219896.5136,18303351.25138,11216054.99201,16651379.37646,8074007.865424,1703007.865424,17.28902771195,22.53522071978,2.8098555990998606,17.312969823237086,2.811149283900312,-0.0012950532683916997,1.3684679403000037e-06,0,0,0,0
431,106,788961775.1839,788961706.0,0,GPS,27,0,L1,-331847266.0077,-89794352.34761,-164219896.5136,19285592.78713,12839041.62619,-13619813.41775,22120192.09773,15749192.09773,55.39349737376,14.15654985066,0.025418731384076115,0.15654541943073264,0.025418662899759827,6.837896895674019e-08,1.0534733009450177e-10,0,0,0,0
432,107,788961776.1839,788961707.0,0,GPS,1,0,L1,-331854733.5797,-89770097.07784,-164220470.3775,16022526.60115,2466794.082084,21014165.3434,11438133.61235,5067133.612351,25.52900636898,10.05078575867,0.32118282604687204,1.9783132754866288,0.32122356848623496,-4.075612193581137e-05,1.368257288363178e-08,0,0,0,0
433,107,788961776.1839,788961707.0,0,GPS,2,0,L1,-331854733.5797,-89770097.07784,-164220470.3775,17320123.01888,3807932.15528,20321998.72918,10077352.6346,3706352.634598,21.9395033047,17.76222690752,0.6325184967718749,3.8961794518553385,0.6326321935436933,-0.00011375090645377398,5.4134635422673114e-08,0,0,0,0
434,107,788961776.1839,788961707.0,0,GPS,4,0,L1,-331854733.5797,-89770097.07784,-164220470.3775,25407406.99562,-230794.7595824,-7875921.753877,18031986.1535,11660986.1535,42.67707784692,13.65600686815,0.15929263977357858,0.981032177505493,0.15929259574958854,4.2637636248722123e-08,1.386353796345182e-09,0,0,0,0
435,107,788961776.1839,788961707.0,0,GPS,21,0,L1,-331854733.5797,-89770097.07784,-164220470.3775,18304107.8009,11217893.72796,16649335.12439,8074589.397573,1703589.397573,17.29030166987,22.53245487974,2.8097567021917453,17.312358753239966,2.811050062969278,-0.00129472859559802,1.3678180654550801e-06,0,0,0,0
436,107,788961776.1839,788961707.0,0,GPS,27,0,L1,-331854733.5797,-89770097.07784,-164220470.3775,19283906.74734,12838959.30727,-13622254.88058,22122121.97302,15751121.97302,55.40077880085,14.15628835484,0.025420503615174228,0.15655633412520106,0.025420435145414512,6.836438164634363e-08,1.0537807062237907e-10,0,0,0,0
437,108,788961777.1839,788961708.0,0,GPS,1,0,L1,-331862199.2147,-89745841.51193,-164221044.8575,16023172.61142,2469374.574543,21013346.8494,11436351.12008,5065351.120084,25.52476069261,10.06219168264,0.32149447834481854,1.9802329824845004,0.32153527600998527,-4.081137266848565e-05,1.3707501775867946e-08,0,0,0,0
438,108,788961777.1839,788961708.0,0,GPS,2,0,L1,-331862199.2147,-89745841.51193,-164221044.8575,17321093.02973,3810188.146649,20320732.9976,10075376.93513,3704376.935131,21.93498909915,17.7715827244,0.6332776134384561,3.9008559488169334,0.6333915278011298,-0.00011396864009448758,5.427742079408827e-08,0,0,0,0
439,108,788961777.1839,788961708.0,0,GPS,4,0,L1,-331862199.2147,-89745841.51193,-164221044.8575,25408315.48121,-230360.1108263,-7872956.917792,18029395.002,11658395.002,42.66951413783,13.67067373775,0.15937804336088413,0.9815581510670982,0.15937799936411298,4.260888637118558e-08,1.387884767162682e-09,0,0,0,0
440,108,788961777.1839,788961708.0,0,GPS,21,0,L1,-331862199.2147,-89745841.51193,-164221044.8575,18304865.84105,11219732.87242,16647291.70852,8075172.634519,1704172.634519,17.2915780976,22.52968707196,2.8096138962183934,17.31147735944114,2.8109069489009415,-0.0012944198893846488,1.3672068365511546e-06,0,0,0,0
441,108,788961777.1839,788961708.0,0,GPS,27,0,L1,-331862199.2147,-89745841.51193,-164221044.8575,19282222.11592,12838878.36036,-13624697.25123,22124053.48336,15753053.48336,55.40806012991,14.15601683474,0.025423539009587857,0.1565750279347103,0.02542347050501785,6.839910728013767e-08,1.0546272455464658e-10,0,0,0,0
442,109,788961778.1839,788961709.0,0,GPS,1,0,L1,-331869662.9096,-89721585.65998,-164221619.9534,16023819.08324,2471954.986681,21012528.35528,11434569.4331,5063569.433104,25.52051650692,10.07359686188,0.3217717665805633,1.9819410199530911,0.32181261423420254,-4.0861383687287434e-05,1.3730048043790626e-08,0,0,0,0
443,109,788961778.1839,788961709.0,0,GPS,2,0,L1,-331869662.9096,-89721585.65998,-164221619.9534,17322063.4617,3812444.01757,20319467.26584,10073402.03767,3702402.037672,21.9304764107,17.78093600909,0.6339549184964659,3.905028423103966,0.634069022663296,-0.00011415856352712132,5.439669705946772e-08,0,0,0,0
444,109,788961778.1839,788961709.0,0,GPS,4,0,L1,-331869662.9096,-89721585.65998,-164221619.9534,25409224.16537,-229925.5950449,-7869992.08138,18026803.97758,11655803.97758,42.66195060331,13.6853449595,0.15949610107135903,0.9822852299499516,0.15949605694185617,4.273967478068092e-08,1.3898280867340384e-09,0,0,0,0
445,109,788961778.1839,788961709.0,0,GPS,21,0,L1,-331869662.9096,-89721585.65998,-164221619.9534,18305624.24653,11221571.96721,16645248.29212,8075757.349926,1704757.349926,17.29285745365,22.52691294857,2.8093006631620256,17.309546116322817,2.8105933682290782,-0.0012940716316051965,1.3665645524580442e-06,0,0,0,0
446,109,788961778.1839,788961709.0,0,GPS,27,0,L1,-331869662.9096,-89721585.65998,-164221619.9534,19280537.57473,12838797.72796,-13627139.6222,22125985.12532,15754985.12532,55.41534162152,14.15574510556,0.02539940891204219,0.1564264187924067,0.02539934047485936,6.833189984547912e-08,1.0528298578146412e-10,0,0,0,0
447,110,788961779.1839,788961710.0,0,GPS,1,0,L1,-331877124.6669,-89697329.51275,-164222195.6648,16024466.01662,2474535.317415,21011709.86116,11432788.55203,5061788.552029,25.51627381346,10.08500128958,0.3220693557081854,1.9837741021506,0.3221102562771027,-4.0914322855989e-05,1.3753938703352147e-08,0,0,0,0
448,110,788961779.1839,788961710.0,0,GPS,2,0,L1,-331877124.6669,-89697329.51275,-164222195.6648,17323034.31477,3814699.766413,20318201.53426,10071427.94322,3700427.943221,21.92596524171,17.79028675641,0.6345537154189421,3.9087172340246856,0.6346679839209024,-0.0001143229990204009,5.4497060140082945e-08,0,0,0,0
449,110,788961779.1839,788961710.0,0,GPS,4,0,L1,-331877124.6669,-89697329.51275,-164222195.6648,25410133.0481,-229491.213004,-7867027.244641,18024213.08027,11653213.08027,42.65438724373,13.70002053516,0.15958470375317702,0.98283090587616,0.159584659677543,4.268418143800942e-08,1.39145257776733e-09,0,0,0,0
450,110,788961779.1839,788961710.0,0,GPS,21,0,L1,-331877124.6669,-89697329.51275,-164222195.6648,18306383.01773,11223411.01077,16643204.87571,8076343.543215,1705343.543215,17.29413973675,22.52413251201,2.809253078464214,17.309251140731828,2.810545472320413,-0.0012937597868103517,1.3659306113156317e-06,0,0,0,0
451,110,788961779.1839,788961710.0,0,GPS,27,0,L1,-331877124.6669,-89697329.51275,-164222195.6648,19278853.12451,12838717.40923,-13629581.99317,22127916.89857,15756916.89857,55.42262327438,14.15547316742,0.025399146973410235,0.15642480614821128,0.02539907862587438,6.824223565424683e-08,1.0530020157748557e-10,0,0,0,0
452,111,788961780.1839,788961711.0,0,GPS,1,0,L1,-331884584.4856,-89673073.0731,-164222771.9917,16025113.41154,2477115.566807,21010891.36703,11431008.47723,5060008.477226,25.51203261317,10.09640496026,0.3223645606647306,1.9855925052499768,0.3224055148389119,-4.096795233573362e-05,1.3778154478258248e-08,0,0,0,0
453,111,788961780.1839,788961711.0,0,GPS,2,0,L1,-331884584.4856,-89673073.0731,-164222771.9917,17324005.58902,3816955.39433,20316935.8025,10069454.65171,3698454.651707,21.92145559216,17.79963496562,0.6353045853603013,3.9133428215344743,0.6354190518860477,-0.00011452114865692664,5.4622910497880126e-08,0,0,0,0
454,111,788961780.1839,788961711.0,0,GPS,4,0,L1,-331884584.4856,-89673073.0731,-164222771.9917,25411042.12919,-229056.965327,-7864062.408229,18021622.31077,11650622.31077,42.64682406133,13.71470046289,0.15968938111081038,0.9834755799102785,0.15968933697831023,4.273924097215161e-08,1.3932591841445025e-09,0,0,0,0
455,111,788961780.1839,788961711.0,0,GPS,21,0,L1,-331884584.4856,-89673073.0731,-164222771.9917,18307142.15455,11225250.00319,16641161.45931,8076931.214063,1705931.214063,17.29542494616,22.52134576408,2.8090658156124104,17.30809578033447,2.8103578736249353,-0.001293423302513394,1.3652899886751619e-06,0,0,0,0
456,111,788961780.1839,788961711.0,0,GPS,27,0,L1,-331884584.4856,-89673073.0731,-164222771.9917,19277168.76521,12838637.40428,-13632024.36413,22129848.80307,15758848.80307,55.42990508807,14.15520102037,0.025391644432002675,0.15637860066254952,0.025391576128079005,6.819867077819133e-08,1.0525289148693622e-10,0,0,0,0
457,112,788961781.1839,788961712.0,0,GPS,1,0,L1,-331892042.3634,-89648816.3487,-164223348.9337,16025761.26798,2479695.735718,21010072.87279,11429229.20881,5058229.208808,25.50779290647,10.10780786982,0.3226550621692906,1.9873819313605623,0.32269606833612957,-4.101996853029712e-05,1.3801691314399674e-08,0,0,0,0
458,112,788961781.1839,788961712.0,0,GPS,2,0,L1,-331892042.3634,-89648816.3487,-164223348.9337,17324977.28428,3819210.901113,20315670.07074,10067482.16386,3696482.163864,21.91694746381,17.80898063263,0.6360272472152187,3.917794688102085,0.6361419123566274,-0.00011471989080218305,5.474939351919886e-08,0,0,0,0
459,112,788961781.1839,788961712.0,0,GPS,4,0,L1,-331892042.3634,-89648816.3487,-164223348.9337,25411951.40874,-228622.8510953,-7861097.571818,18019031.66878,11648031.66878,42.63926105556,13.7293847462,0.1597873356783372,0.9840788508478808,0.15978729155696159,4.2726256414281754e-08,1.3951191957116825e-09,0,0,0,0
460,112,788961781.1839,788961712.0,0,GPS,21,0,L1,-331892042.3634,-89648816.3487,-164223348.9337,18307901.65677,11227088.94482,16639118.04291,8077520.362149,1706520.362149,17.29671308117,22.5185527066,2.809027383775242,17.3078571736094,2.8103191304669934,-0.0012931113260123723,1.36463426134213e-06,0,0,0,0
461,112,788961781.1839,788961712.0,0,GPS,27,0,L1,-331892042.3634,-89648816.3487,-164223348.9337,19275484.49658,12838557.71352,-13634466.7351,22131780.83877,15760780.83877,55.43718706219,14.1549286645,0.02537785935026736,0.15629370298862447,0.025377791084975718,6.816013882599098e-08,1.0515281672879539e-10,0,0,0,0
462,113,788961782.1839,788961713.0,0,GPS,1,0,L1,-331899498.3027,-89624559.33033,-164223926.4906,16026409.58593,2482275.822499,21009254.37866,11427450.74765,5056450.747646,25.50355469545,10.11921001007,0.32295104332912594,1.9892051212056487,0.3229921041335552,-4.1074630761389903e-05,1.3826332116982565e-08,0,0,0,0
463,113,788961782.1839,788961713.0,0,GPS,2,0,L1,-331899498.3027,-89624559.33033,-164223926.4906,17325949.40061,3821466.28567,20314404.33915,10065510.48043,3694510.480426,21.9124408584,17.81832375337,0.636649415135991,3.9216276062202393,0.6367642726525853,-0.0001149123890305113,5.4872436255054945e-08,0,0,0,0
464,113,788961782.1839,788961713.0,0,GPS,4,0,L1,-331899498.3027,-89624559.33033,-164223926.4906,25412860.88671,-228188.8710747,-7858132.735407,18016441.15433,11645441.15433,42.63169822679,13.74407338684,0.15984333879395807,0.9844237567138666,0.15984329476658293,4.263126556651378e-08,1.3961095666712817e-09,0,0,0,0
465,113,788961782.1839,788961713.0,0,GPS,21,0,L1,-331899498.3027,-89624559.33033,-164223926.4906,18308661.52468,11228927.8351,16637074.6265,8078110.987151,1707110.987151,17.29800414104,22.51575334137,2.8085718008127065,17.30504915197753,2.80986318512196,-0.0012927483054862383,1.363996232565762e-06,0,0,0,0
466,113,788961782.1839,788961713.0,0,GPS,27,0,L1,-331899498.3027,-89624559.33033,-164223926.4906,19273800.31903,12838478.33638,-13636909.10607,22133713.00564,15762713.00564,55.44446919636,14.15465609988,0.02536862077548213,0.15623680573304483,0.025368552538330535,6.813203630982971e-08,1.0511528437224311e-10,0,0,0,0
467,114,788961783.1839,788961714.0,0,GPS,1,0,L1,-331906952.3,-89600302.03049,-164224504.6621,16027058.36533,2484855.828243,21008435.88454,11425673.09385,5054673.093853,25.49931798051,10.13061137688,0.32325896979539787,1.9911018799861284,0.3233000854990816,-4.1129554879904474e-05,1.3851196134691115e-08,0,0,0,0
468,114,788961783.1839,788961714.0,0,GPS,2,0,L1,-331906952.3,-89600302.03049,-164224504.6621,17326921.93797,3823721.549657,20313138.60739,10063539.60132,3692539.601324,21.90793577593,17.82766432709,0.6374092879130019,3.926308668397264,0.6375243481752245,-0.00011511526395921218,5.500173654351901e-08,0,0,0,0
469,114,788961783.1839,788961714.0,0,GPS,4,0,L1,-331906952.3,-89600302.03049,-164224504.6621,25413770.56311,-227755.0243677,-7855167.898997,18013850.76746,11642850.76746,42.62413557541,13.75876638651,0.16003193533751942,0.9855852609507229,0.16003189105231683,4.288685935947578e-08,1.3983432179165444e-09,0,0,0,0
470,114,788961783.1839,788961714.0,0,GPS,21,0,L1,-331906952.3,-89600302.03049,-164224504.6621,18309421.7579,11230766.67463,16635031.2101,8078703.088744,1707703.088744,17.29929812503,22.5129476702,2.8084046135723124,17.304017375686648,2.8096956530803245,-0.0012924028310904972,1.3633230784164166e-06,0,0,0,0
471,114,788961783.1839,788961714.0,0,GPS,27,0,L1,-331906952.3,-89600302.03049,-164224504.6621,19272116.23248,12838399.27327,-13639351.47671,22135645.30334,15764645.30334,55.45175148923,14.1543833266,0.025356061098125153,0.15615945514361076,0.025355992933807633,6.805930971466762e-08,1.05007806220272e-10,0,0,0,0
472,115,788961784.1839,788961715.0,0,GPS,1,0,L1,-331914404.3595,-89576044.43272,-164225083.448,16027707.60629,2487435.752081,21007617.39041,11423896.2478,5052896.247795,25.49508276262,10.14201196477,0.3235800596142235,1.9930797244691845,0.3236212329485935,-4.1187211572237835e-05,1.3877202180842815e-08,0,0,0,0
473,115,788961784.1839,788961715.0,0,GPS,2,0,L1,-331914404.3595,-89576044.43272,-164225083.448,17327894.89641,3825976.691067,20311872.87581,10061569.52756,3690569.527557,21.90343221873,17.8370023486,0.6381279799823609,3.9307361206277225,0.6382432444301266,-0.00011531957979548514,5.5132029869398455e-08,0,0,0,0
474,115,788961784.1839,788961715.0,0,GPS,4,0,L1,-331914404.3595,-89576044.43272,-164225083.448,25414680.43799,-227321.3119043,-7852203.062259,18011260.50788,11640260.50788,42.61657310088,13.77346374874,0.16013710998220143,0.9862329980087275,0.1601370657037693,4.287819215758644e-08,1.4002399981621988e-09,0,0,0,0
475,115,788961784.1839,788961715.0,0,GPS,21,0,L1,-331914404.3595,-89576044.43272,-164225083.448,18310182.35697,11232605.46246,16632987.79369,8079296.666606,1708296.666606,17.30059503242,22.51013569492,2.8082051117378044,17.302786576054864,2.809495805131715,-0.001292056054920263,1.362661009628835e-06,0,0,0,0
476,115,788961784.1839,788961715.0,0,GPS,27,0,L1,-331914404.3595,-89576044.43272,-164225083.448,19270432.23693,12838320.52375,-13641793.84768,22137577.7324,15766577.7324,55.45903394228,14.15411034468,0.02534073081576466,0.15606504109064748,0.025340662692948455,6.801790252869455e-08,1.0491367504624484e-10,0,0,0,0
477,116,788961785.1839,788961716.0,0,GPS,1,0,L1,-331921854.4758,-89551786.55677,-164225662.848,16028357.30866,2490015.594892,21006798.89629,11422120.20984,5051120.209838,25.49084904273,10.15341176826,0.32389590722479944,1.995025281774203,0.3239371378499842,-4.124452836711278e-05,1.390318236379079e-08,0,0,0,0
478,116,788961785.1839,788961716.0,0,GPS,2,0,L1,-331921854.4758,-89551786.55677,-164225662.848,17328868.27583,3828231.711935,20310607.14405,10059600.25906,3688600.25906,21.8989301868,17.84633781715,0.6388649947216408,3.93527637500318,0.6389804566453966,-0.00011551718224001595,5.5258484221280865e-08,0,0,0,0
479,116,788961785.1839,788961716.0,0,GPS,4,0,L1,-331921854.4758,-89551786.55677,-164225662.848,25415590.51117,-226887.7330135,-7849238.225849,18008670.37628,11637670.37628,42.60901080541,13.7881654717,0.16024797207911184,0.9869157614262895,0.16024792767095047,4.300589209598601e-08,1.4022692745018122e-09,0,0,0,0
480,116,788961785.1839,788961716.0,0,GPS,21,0,L1,-331921854.4758,-89551786.55677,-164225662.848,18310943.32129,11234444.19909,16630944.37756,8079891.720278,1708891.720278,17.30189486218,22.50731741767,2.808065852420093,17.301927000427263,2.80935623373324,-0.0012917433545995443,1.3620414527940771e-06,0,0,0,0
481,116,788961785.1839,788961716.0,0,GPS,27,0,L1,-331921854.4758,-89551786.55677,-164225662.848,19268748.33202,12838242.08865,-13644236.21864,22139510.2925,15768510.2925,55.46631655418,14.15383715423,0.02533663765883391,0.15603983262221008,0.025336569532230246,6.802168507604628e-08,1.0491858960698895e-10,0,0,0,0
482,117,788961786.1839,788961717.0,0,GPS,1,0,L1,-331929302.6524,-89527528.38857,-164226242.8619,16029007.47257,2492595.356488,21005980.40204,11420344.9801,5049344.980098,25.48661682125,10.1648107832,0.32424854559497107,1.997197481711706,0.324289843270322,-4.131160909521286e-05,1.3933744274488923e-08,0,0,0,0
483,117,788961786.1839,788961717.0,0,GPS,2,0,L1,-331929302.6524,-89527528.38857,-164226242.8619,17329842.07632,3830486.610917,20309341.41229,10057631.79656,3686631.796564,21.89442968188,17.85567072865,0.6395840103408316,3.9397058845977746,0.6396996869595487,-0.00011573201726322193,5.5398546089072145e-08,0,0,0,0
484,117,788961786.1839,788961717.0,0,GPS,4,0,L1,-331929302.6524,-89527528.38857,-164226242.8619,25416500.78273,-226454.2884406,-7846273.38944,18006080.37235,11635080.37235,42.60144868846,13.80287155891,0.16031067449681763,0.987301926498413,0.1603106302388548,4.285460683408081e-08,1.4033559910420463e-09,0,0,0,0
485,117,788961786.1839,788961717.0,0,GPS,21,0,L1,-331929302.6524,-89527528.38857,-164226242.8619,18311704.65126,11236282.88469,16628900.96115,8080488.2497,1709488.2497,17.30319761414,22.50449283963,2.808139696652315,17.30237983717855,2.8094297619448696,-0.0012914266852159881,1.3613926614774078e-06,0,0,0,0
486,117,788961786.1839,788961717.0,0,GPS,27,0,L1,-331929302.6524,-89527528.38857,-164226242.8619,19267064.51834,12838163.96712,-13646678.5896,22141442.98359,15770442.98359,55.47359932452,14.15356375531,0.025320034329513127,0.15593757834275576,0.02531996625460667,6.797010873366127e-08,1.0479772559018684e-10,0,0,0,0
487,118,788961787.1839,788961718.0,0,GPS,1,0,L1,-331936748.8872,-89503269.93581,-164226823.4894,16029658.0979,2495175.036035,21005161.90792,11418570.55944,5047570.559443,25.48238610027,10.17620900139,0.3247500909675052,2.000286960449219,0.32479148949446823,-4.141250862229649e-05,1.3981659266014358e-08,0,0,0,0
488,118,788961787.1839,788961718.0,0,GPS,2,0,L1,-331936748.8872,-89503269.93581,-164226823.4894,17330816.29773,3832741.387804,20308075.6807,10055664.1408,3684664.140804,21.88993070573,17.86500107902,0.6416489461347612,3.9524271216436984,0.6417652653540756,-0.00011637528722113698,5.606790675452458e-08,0,0,0,0
489,118,788961787.1839,788961718.0,0,GPS,4,0,L1,-331936748.8872,-89503269.93581,-164226823.4894,25417411.25264,-226020.9776574,-7843308.553031,18003490.49615,11632490.49615,42.59388675041,13.81758201208,0.1604132117576757,0.9879334203338618,0.1604131674385054,4.291386406595587e-08,1.4053062498134685e-09,0,0,0,0
490,118,788961787.1839,788961718.0,0,GPS,21,0,L1,-331936748.8872,-89503269.93581,-164226823.4894,18312466.34668,11238121.51911,16626857.54475,8081086.254413,1710086.254413,17.30450328728,22.50166196296,2.807972170658584,17.30134595801292,2.8092618884543143,-0.0012910785129377133,1.3607172072544203e-06,0,0,0,0
491,118,788961787.1839,788961718.0,0,GPS,27,0,L1,-331936748.8872,-89503269.93581,-164226823.4894,19265380.79565,12838086.15955,-13649120.96056,22143375.80562,15772375.80562,55.48088225291,14.15329014801,0.02530709088391197,0.15585786440054566,0.025307022906709192,6.787244578390054e-08,1.0475699374050015e-10,0,0,0,0
492,119,788961788.1839,788961719.0,0,GPS,1,0,L1,-331944193.1812,-89479011.19409,-164227404.7303,16030309.18471,2497754.633812,21004343.41379,11416796.94799,5045796.947988,25.47815688021,10.18760641869,0.32533743240809404,2.0039049377934157,0.32537894933088835,-4.1530964036135795e-05,1.4041241856930898e-08,0,0,0,0
493,119,788961788.1839,788961719.0,0,GPS,2,0,L1,-331944193.1812,-89479011.19409,-164227404.7303,17331790.94021,3834996.04337,20306809.94894,10053697.29171,3682697.291713,21.88543325834,17.8743288675,0.640939026411464,3.9480531873200726,0.6410550589326919,-0.00011608814207062034,5.562084281493332e-08,0,0,0,0
494,119,788961788.1839,788961719.0,0,GPS,4,0,L1,-331944193.1812,-89479011.19409,-164227404.7303,25418321.92089,-225587.8010604,-7840343.716622,18000900.74769,11629900.74769,42.58632499164,13.83229683297,0.16049554720141346,0.9884404979197174,0.1604955028671992,4.2927450800079756e-08,1.406763433039654e-09,0,0,0,0
495,119,788961788.1839,788961719.0,0,GPS,21,0,L1,-331944193.1812,-89479011.19409,-164227404.7303,18313228.40771,11239960.10203,16624814.12834,8081685.734091,1710685.734091,17.30581188086,22.49882478948,2.8078267746117547,17.300448462102242,2.8091161598466656,-0.0012907453030084912,1.360068097648855e-06,0,0,0,0
496,119,788961788.1839,788961719.0,0,GPS,27,0,L1,-331944193.1812,-89479011.19409,-164227404.7303,19263697.16416,12838008.66567,-13651563.33152,22145308.75857,15774308.75857,55.48816533895,14.15301633239,0.025301337473424924,0.15582243124961853,0.025301269539270088,6.782943371788374e-08,1.047211171782891e-10,0,0,0,0
497,120,788961789.1839,788961720.0,0,GPS,1,0,L1,-331951635.5334,-89454752.16626,-164227986.5843,16030960.73296,2500334.149881,21003524.91967,11415024.1461,5044024.146099,25.47392916201,10.19900302958,0.3249455774606507,2.0014909834289574,0.324986989652549,-4.142617735618879e-05,1.3985457907977867e-08,0,0,0,0
498,120,788961789.1839,788961720.0,0,GPS,2,0,L1,-331951635.5334,-89454752.16626,-164227986.5843,17332766.00361,3837250.576616,20305544.21736,10051731.25029,3680731.250291,21.88093734206,17.88365408889,0.6415338755854547,3.9517178988768222,0.6416501071175869,-0.00011628728126024156,5.5749128050262696e-08,0,0,0,0
499,120,788961789.1839,788961720.0,0,GPS,4,0,L1,-331951635.5334,-89454752.16626,-164227986.5843,25419232.78748,-225154.7584913,-7837378.880214,17998311.12702,11627311.12702,42.57876341253,13.8470160233,0.16058635504826937,0.9889997546132406,0.16058631074531404,4.28946331695729e-08,1.4083221616219625e-09,0,0,0,0
500,120,788961789.1839,788961720.0,0,GPS,21,0,L1,-331951635.5334,-89454752.16626,-164227986.5843,18313990.83425,11241798.63357,16622770.71194,8082286.688406,1711286.688406,17.30712339413,22.49598132103,2.80753771290317,17.298665958862287,2.808826730432896,-0.0012903769200061806,1.3593902796073345e-06,0,0,0,0
501,120,788961789.1839,788961720.0,0,GPS,27,0,L1,-331951635.5334,-89454752.16626,-164227986.5843,19262013.62384,12837931.48558,-13654005.70249,22147241.84237,15776241.84237,55.49544858223,14.15274230852,0.025284275945062287,0.15571735515276586,0.02528420807624911,6.776422121205165e-08,1.0459196536149654e-10,0,0,0,0
502,121,788961790.1839,788961721.0,0,GPS,1,0,L1,-331959075.9436,-89430492.85274,-164228569.0512,16031612.74266,2502913.584188,21002706.42554,11413252.15414,5042252.154143,25.46970294664,10.21039882856,0.325237380604724,2.0032884328714986,0.32527884591781353,-4.147932258397418e-05,1.4009494437086461e-08,0,0,0,0
503,121,788961790.1839,788961721.0,0,GPS,2,0,L1,-331959075.9436,-89430492.85274,-164228569.0512,17333741.48804,3839504.988569,20304278.48559,10049766.01647,3678766.016472,21.87644295686,17.89297674244,0.6422405587353889,3.9560713627001425,0.6423569896937342,-0.00011648683498832228,5.5876642923625144e-08,0,0,0,0
504,121,788961790.1839,788961721.0,0,GPS,4,0,L1,-331959075.9436,-89430492.85274,-164228569.0512,25420143.85246,-224721.8495863,-7834414.043478,17995721.63384,11624721.63384,42.57120201254,13.86173958658,0.1606515718343355,0.989401402015686,0.16065152721708595,4.3207438151501383e-08,1.4098113974902068e-09,0,0,0,0
505,121,788961790.1839,788961721.0,0,GPS,21,0,L1,-331959075.9436,-89430492.85274,-164228569.0512,18314753.62631,11243637.11365,16620727.29553,8082889.117029,1711889.117029,17.30843782635,22.49313155946,2.8074011754403276,17.297823043716445,2.808689864237621,-0.001290047541693722,1.3587444004081275e-06,0,0,0,0
506,121,788961790.1839,788961721.0,0,GPS,27,0,L1,-331959075.9436,-89430492.85274,-164228569.0512,19260330.1747,12837854.61929,-13656448.07344,22149175.057,15778175.057,55.50273198237,14.15246807649,0.025279146226199426,0.15568576302369433,0.025279078384929654,6.773669305982732e-08,1.0457671243756654e-10,0,0,0,0
507,122,788961791.1839,788961722.0,0,GPS,1,0,L1,-331966514.4109,-89406233.25639,-164229152.1307,16032265.21377,2505492.936798,21001887.93141,11411480.97249,5040480.972485,25.46547823507,10.22179381012,0.3255361714782589,2.0051289198414506,0.32557769029173855,-4.1532847314379814e-05,1.4033834745533453e-08,0,0,0,0
508,122,788961791.1839,788961722.0,0,GPS,2,0,L1,-331966514.4109,-89406233.25639,-164229152.1307,17334717.39332,3841759.278229,20303012.75401,10047801.59126,3676801.591256,21.8719501051,17.90229682295,0.6430853212504113,3.9612752359937033,0.643201955336952,-0.00011669009251353165,5.600597277326533e-08,0,0,0,0
509,122,788961791.1839,788961722.0,0,GPS,4,0,L1,-331966514.4109,-89406233.25639,-164229152.1307,25421055.11566,-224289.0749679,-7831449.20707,17993132.26884,11622132.26884,42.56364079388,13.87646752099,0.16078316359853456,0.9902118353780114,0.1607831192656721,4.292089869014277e-08,1.411963780659266e-09,0,0,0,0
510,122,788961791.1839,788961722.0,0,GPS,21,0,L1,-331966514.4109,-89406233.25639,-164229152.1307,18315516.78383,11245475.54189,16618683.87939,8083493.019498,1712493.019498,17.30975517649,22.49027550695,2.8072047645194886,17.29661126536052,2.8084931048201276,-0.0012896983827645164,1.3580821256740877e-06,0,0,0,0
511,122,788961791.1839,788961722.0,0,GPS,27,0,L1,-331966514.4109,-89406233.25639,-164229152.1307,19258646.81704,12837778.06664,-13658890.44409,22151108.40211,15780108.40211,55.51001553804,14.15219363639,0.025274591910896812,0.15565771473089843,0.02527452411497985,6.76913762392871e-08,1.0454072170804845e-10,0,0,0,0
512,123,788961792.1839,788961723.0,0,GPS,1,0,L1,-331973950.9362,-89381973.37281,-164229735.8225,16032918.14635,2508072.207988,21001069.43716,11409710.60124,5038710.601243,25.46125502769,10.23318797009,0.3259565039906309,2.0077179432948427,0.32599807636653183,-4.158643353319935e-05,1.4057632310019465e-08,0,0,0,0
513,123,788961792.1839,788961723.0,0,GPS,2,0,L1,-331973950.9362,-89381973.37281,-164229735.8225,17335693.71964,3844013.44637,20301747.02224,10045837.97458,3674837.97458,21.86745878676,17.91161432965,0.6436880203218842,3.9649882667465257,0.6438048492279751,-0.00011688503744616548,5.613135527265676e-08,0,0,0,0
514,123,788961792.1839,788961723.0,0,GPS,4,0,L1,-331973950.9362,-89381973.37281,-164229735.8225,25421966.57714,-223856.4346424,-7828484.370663,17990543.03173,11619543.03173,42.55607975601,13.89119983004,0.16088150609595617,0.9908174952697754,0.16088146174465767,4.293755345832412e-08,1.4137450274905516e-09,0,0,0,0
515,123,788961792.1839,788961723.0,0,GPS,21,0,L1,-331973950.9362,-89381973.37281,-164229735.8225,18316280.30691,11247313.91897,16616640.46299,8084098.395751,1713098.395751,17.31107544436,22.48741316467,2.807153096208419,17.29629101272582,2.808441104616009,-0.0012893658298233854,1.3574222336391727e-06,0,0,0,0
516,123,788961792.1839,788961723.0,0,GPS,27,0,L1,-331973950.9362,-89381973.37281,-164229735.8225,19256963.55039,12837701.82788,-13661332.81505,22153041.87825,15782041.87825,55.51729925069,14.15191898823,0.025261945702932335,0.155579831008911,0.025261877944419406,6.765404063961226e-08,1.0447229048111307e-10,0,0,0,0
517,124,788961793.1839,788961724.0,0,GPS,1,0,L1,-331981385.5187,-89357713.20484,-164230320.1264,16033571.54032,2510651.39669,21000250.94304,11407941.04128,5036941.041284,25.45703332661,10.24458130023,0.32624947822266853,2.0095226100190478,0.3262911045194844,-4.164037891526561e-05,1.4082099426621658e-08,0,0,0,0
518,124,788961793.1839,788961724.0,0,GPS,2,0,L1,-331981385.5187,-89357713.20484,-164230320.1264,17336670.46682,3846267.491995,20300481.29066,10043875.16744,3672875.167441,21.86296900419,17.92092925734,0.6443872287560385,3.96929573330116,0.6445042631150272,-0.00011709062231684831,5.626332811433957e-08,0,0,0,0
519,124,788961793.1839,788961724.0,0,GPS,4,0,L1,-331981385.5187,-89357713.20484,-164230320.1264,25422878.23689,-223423.9284512,-7825519.534256,17987953.92254,11616953.92254,42.54851889932,13.90593651547,0.16117443405680168,0.9926215420405078,0.1611743892342476,4.340602372392246e-08,1.4165303553573035e-09,0,0,0,0
520,124,788961793.1839,788961724.0,0,GPS,21,0,L1,-331981385.5187,-89357713.20484,-164230320.1264,18317044.1955,11249152.24447,16614597.04658,8084705.245322,1713705.245322,17.31239862894,22.48454453482,2.8067964385713835,17.2940921795705,2.8080840746949094,-0.0012889928699158682,1.3567463897687928e-06,0,0,0,0
521,124,788961793.1839,788961724.0,0,GPS,27,0,L1,-331981385.5187,-89357713.20484,-164230320.1264,19255280.37505,12837625.90288,-13663775.186,22154975.48508,15783975.48508,55.52458311899,14.15164413213,0.025249360923673914,0.15550232562859853,0.025249293206122722,6.761315494057579e-08,1.0439625134078029e-10,0,0,0,0
522,125,788961794.1839,788961725.0,0,GPS,1,0,L1,-331988818.158,-89333452.75291,-164230905.0422,16034225.3957,2513230.503417,20999432.44891,11406172.29272,5035172.292722,25.45281313222,10.25597379639,0.32653853553432194,2.011303133748372,0.3265802125152681,-4.169108614327814e-05,1.4105197121551654e-08,0,0,0,0
523,125,788961794.1839,788961725.0,0,GPS,2,0,L1,-331988818.158,-89333452.75291,-164230905.0422,17337647.63497,3848521.416127,20299215.55889,10041913.16978,3670913.169777,21.85848075737,17.93024160526,0.6451575507039938,3.974041169190724,0.6452747911549269,-0.0001172968463528822,5.639541981167393e-08,0,0,0,0
524,125,788961794.1839,788961725.0,0,GPS,4,0,L1,-331988818.158,-89333452.75291,-164230905.0422,25423790.0949,-222991.5564211,-7822554.697849,17985364.94131,11614364.94131,42.54095822417,13.92067757902,0.1613673597749224,0.9938097163391107,0.1613673160031826,4.2351730674747466e-08,1.4200091020167367e-09,0,0,0,0
525,125,788961794.1839,788961725.0,0,GPS,21,0,L1,-331988818.158,-89333452.75291,-164230905.0422,18317808.44958,11250990.51835,16612553.63017,8085313.567882,1714313.567882,17.31372472947,22.48166961924,2.8066165711491653,17.292982225143454,2.807903848677963,-0.0012886335835494609,1.356054751726614e-06,0,0,0,0
526,125,788961794.1839,788961725.0,0,GPS,27,0,L1,-331988818.158,-89333452.75291,-164230905.0422,19253597.29105,12837550.29161,-13666217.55696,22156909.22256,15785909.22256,55.53186714255,14.15136906815,0.025241404906457075,0.1554533271503449,0.02524133720328432,6.759881888796294e-08,1.0435386866483267e-10,0,0,0,0
527,126,788961795.1839,788961726.0,0,GPS,1,0,L1,-331996248.854,-89309192.01746,-164231490.5696,16034879.71247,2515809.528115,20998613.95478,11404404.35593,5033404.355926,25.44859444548,10.26736545302,0.3268306837598699,2.0131027103281007,0.3268724141690038,-4.17445385499345e-05,1.4129416004432534e-08,0,0,0,0
528,126,788961795.1839,788961726.0,0,GPS,2,0,L1,-331996248.854,-89309192.01746,-164231490.5696,17338625.22396,3850775.217644,20297949.8273,10039951.98259,3668951.982587,21.85399404866,17.93955136819,0.6458768604537132,3.978472439455032,0.6459943073533297,-0.0001175034281841825,5.652856763787942e-08,0,0,0,0
529,126,788961795.1839,788961726.0,0,GPS,4,0,L1,-331996248.854,-89309192.01746,-164231490.5696,25424702.15115,-222559.3185787,-7819589.861443,17982776.08806,11611776.08806,42.53339773095,13.93542302241,0.16134886979220248,0.9936958365376792,0.16134882506110199,4.331124697244189e-08,1.4198535189418726e-09,0,0,0,0
530,126,788961795.1839,788961726.0,0,GPS,21,0,L1,-331996248.854,-89309192.01746,-164231490.5696,18318573.06917,11252828.74057,16610510.21377,8085923.363097,1714923.363097,17.3150537452,22.47878841981,2.8063522149076037,17.291351905466698,2.807639129681821,-0.0012882701589923922,1.355384775210658e-06,0,0,0,0
531,126,788961795.1839,788961726.0,0,GPS,27,0,L1,-331996248.854,-89309192.01746,-164231490.5696,19251914.29843,12837474.99406,-13668659.92792,22158843.09065,15787843.09065,55.53915132098,14.15109379638,0.025236449335435406,0.15542280781110124,0.025236381703474878,6.752761350029503e-08,1.0434702671597724e-10,0,0,0,0
532,127,788961796.1839,788961727.0,0,GPS,1,0,L1,-332003677.6056,-89284931.00133,-164232076.7083,16035534.49062,2518388.470848,20997795.46066,11402637.23126,5031637.231262,25.44437726737,10.27875626459,0.3271260788244681,2.0149222802940994,0.3271678621978023,-4.179752680900302e-05,1.4153474794790559e-08,0,0,0,0
533,127,788961796.1839,788961727.0,0,GPS,2,0,L1,-332003677.6056,-89284931.00133,-164232076.7083,17339603.23388,3853028.897697,20296684.09554,10037991.60581,3666991.605807,21.84950887803,17.94885854538,0.6466572284262639,3.9832798895880375,0.6467749047977177,-0.00011773305195253088,5.668049880813008e-08,0,0,0,0
534,127,788961796.1839,788961727.0,0,GPS,4,0,L1,-332003677.6056,-89284931.00133,-164232076.7083,25425614.40562,-222127.2147653,-7816625.025037,17980187.36284,11609187.36284,42.52583742004,13.95017284739,0.161396866285891,0.9939914327875782,0.16139682174767345,4.3117520763748593e-08,1.4206968051931446e-09,0,0,0,0
535,127,788961796.1839,788961727.0,0,GPS,21,0,L1,-332003677.6056,-89284931.00133,-164232076.7083,18319338.0542,11254666.91073,16608466.79763,8086534.630501,1715534.630501,17.31638567509,22.47590093873,2.8063246311266687,17.291180008977253,2.8076112184281112,-0.001287942026990999,1.354725548702903e-06,0,0,0,0
536,127,788961796.1839,788961727.0,0,GPS,27,0,L1,-332003677.6056,-89284931.00133,-164232076.7083,19250231.39712,12837400.01036,-13671102.29887,22160777.08929,15789777.08929,55.54643565386,14.15081831687,0.025218874420603558,0.15531456971009572,0.025218806818100563,6.749825897620129e-08,1.0424401807101083e-10,0,0,0,0
537,128,788961797.1839,788961728.0,0,GPS,1,0,L1,-332011104.4139,-89260669.70012,-164232663.4581,16036189.73016,2520967.331327,20996976.96653,11400870.9191,5029870.919096,25.44016159884,10.29014622557,0.32742134728900596,2.0167410608975107,0.32746318205586555,-4.18489436899357e-05,1.4176830317747927e-08,0,0,0,0
538,128,788961797.1839,788961728.0,0,GPS,2,0,L1,-332011104.4139,-89260669.70012,-164232663.4581,17340581.66464,3855282.454908,20295418.36395,10036032.04044,3665032.040438,21.84502524784,17.95816313161,0.6474097246349008,3.9879154689528167,0.6475275951648131,-0.00011792733387407954,5.680396180037198e-08,0,0,0,0
539,128,788961797.1839,788961728.0,0,GPS,4,0,L1,-332011104.4139,-89260669.70012,-164232663.4581,25426526.8583,-221695.2453779,-7813660.188631,17977598.76568,11606598.76568,42.51827729181,13.96492705569,0.16152242932693087,0.9947647345987956,0.1615223846554263,4.3248507648141026e-08,1.4229969198851818e-09,0,0,0,0
540,128,788961797.1839,788961728.0,0,GPS,21,0,L1,-332011104.4139,-89260669.70012,-164232663.4581,18320103.40477,11256505.0295,16606423.38122,8087147.37003,1716147.37003,17.31772051894,22.47300717718,2.8061122694273415,17.289869933252962,2.807398498226332,-0.0012875828429371498,1.3540439470354857e-06,0,0,0,0
541,128,788961797.1839,788961728.0,0,GPS,27,0,L1,-332011104.4139,-89260669.70012,-164232663.4581,19248548.58769,12837325.33994,-13673544.66951,22162711.21817,15791711.21817,55.55372013986,14.15054262974,0.02520054095824791,0.15520166016578668,0.025200473419043634,6.743510191788041e-08,1.0410235547992236e-10,0,0,0,0
542,129,788961798.1839,788961729.0,0,GPS,1,0,L1,-332018529.278,-89236408.11667,-164233250.8187,16036845.43108,2523546.109616,20996158.4724,11399105.4198,5028105.419796,25.43594744085,10.3015353304,0.32771000219395985,2.018519118569692,0.3277518896319151,-4.1901638712065765e-05,1.4200756845083616e-08,0,0,0,0
543,129,788961798.1839,788961729.0,0,GPS,2,0,L1,-332018529.278,-89236408.11667,-164233250.8187,17341560.51632,3857535.890431,20294152.63218,10034073.28642,3663073.286417,21.84054315807,17.96746512612,0.6479967835283393,3.9915319733206385,0.6481148158304539,-0.0001180892050176647,5.6902903069425364e-08,0,0,0,0
544,129,788961798.1839,788961729.0,0,GPS,4,0,L1,-332018529.278,-89236408.11667,-164233250.8187,25427439.50927,-221263.4098674,-7810695.351898,17975010.29628,11604010.29628,42.51071734572,13.97968565083,0.16158333955803755,0.9951398620223993,0.16158329501332572,4.312066806406151e-08,1.4240437643676832e-09,0,0,0,0
545,129,788961798.1839,788961729.0,0,GPS,21,0,L1,-332018529.278,-89236408.11667,-164233250.8187,18320869.12083,11258343.09648,16604379.96481,8087761.581214,1716761.581214,17.31905827572,22.47010713738,2.8058886895013817,17.288490598714198,2.8071745323013353,-0.0012871961264198776,1.3533264664466967e-06,0,0,0,0
546,129,788961798.1839,788961729.0,0,GPS,27,0,L1,-332018529.278,-89236408.11667,-164233250.8187,19246865.86941,12837250.98347,-13675987.04047,22164645.47782,15793645.47782,55.56100478047,14.150266735,0.02519959020918659,0.15519580511887865,0.02519952272074688,6.738435254922577e-08,1.0408715824890062e-10,0,0,0,0
547,130,788961799.1839,788961730.0,0,GPS,1,0,L1,-332025952.1976,-89212146.25143,-164233838.7899,16037501.59336,2526124.805662,20995339.97827,11397340.73373,5026340.733728,25.43173479438,10.31292357353,0.32801912298814223,2.0204232475153616,0.32806106770920196,-4.19589479816195e-05,1.4226921909134233e-08,0,0,0,0
548,130,788961799.1839,788961730.0,0,GPS,2,0,L1,-332025952.1976,-89212146.25143,-164233838.7899,17342539.78879,3859789.20314,20292886.90059,10032115.34474,3661115.344742,21.83606261107,17.97676452369,0.64866714641016,3.9956617652231903,0.6487853802493866,-0.0001182908719898213,5.703276321888607e-08,0,0,0,0
549,130,788961799.1839,788961730.0,0,GPS,4,0,L1,-332025952.1976,-89212146.25143,-164233838.7899,25428352.35833,-220831.7090415,-7807730.515493,17972421.95533,11601421.95533,42.50315758398,13.99444863098,0.1617058155601306,0.995894151496887,0.16170577084143078,4.329250465430014e-08,1.4261951807711688e-09,0,0,0,0
550,130,788961799.1839,788961730.0,0,GPS,21,0,L1,-332025952.1976,-89212146.25143,-164233838.7899,18321635.20238,11260181.11163,16602336.54841,8088377.26372,1717377.26372,17.32039894466,22.4672008212,2.805723308036663,17.287470017969767,2.807008818107978,-0.0012868627556846305,1.3526843692834642e-06,0,0,0,0
551,130,788961799.1839,788961730.0,0,GPS,27,0,L1,-332025952.1976,-89212146.25143,-164233838.7899,19245183.24266,12837176.94067,-13678429.41142,22166579.8679,15795579.8679,55.56828957433,14.14999063275,0.025194881716500393,0.155166807144483,0.02519481424867137,6.736374335526006e-08,1.0408566454227641e-10,0,0,0,0
552,131,788961800.1839,788961731.0,0,GPS,1,0,L1,-332033373.1718,-89187884.10722,-164234427.3714,16038158.21698,2528703.419528,20994521.48414,11395576.86126,5024576.861258,25.42752366039,10.32431094943,0.3283036668056848,2.0221759694560366,0.3283456614605173,-4.2008904430197376e-05,1.4249597665928268e-08,0,0,0,0
553,131,788961800.1839,788961731.0,0,GPS,2,0,L1,-332033373.1718,-89187884.10722,-164234427.3714,17343519.48213,3862042.394187,20291621.16883,10030158.21535,3659158.215354,21.83158360683,17.98606132354,0.6493949756589036,4.000145524802527,0.6495134192663388,-0.00011850077521919456,5.7167784068309075e-08,0,0,0,0
554,131,788961800.1839,788961731.0,0,GPS,4,0,L1,-332033373.1718,-89187884.10722,-164234427.3714,25429265.40556,-220400.1423513,-7804765.679088,17969833.74255,11598833.74255,42.49559800607,14.00921599967,0.1617807946528459,0.9963559240341185,0.1617807499784949,4.32466728992596e-08,1.4276781066533189e-09,0,0,0,0
555,131,788961800.1839,788961731.0,0,GPS,21,0,L1,-332033373.1718,-89187884.10722,-164234427.3714,18322401.64936,11262019.07454,16600293.13227,8088994.417076,1717994.417076,17.32174252472,22.46428823087,2.8054792064749035,17.285964361089082,2.806764340915148,-0.0012864864298915467,1.3519896469830443e-06,0,0,0,0
556,131,788961800.1839,788961731.0,0,GPS,27,0,L1,-332033373.1718,-89187884.10722,-164234427.3714,19243500.70737,12837103.21166,-13680871.78237,22168514.38837,15797514.38837,55.57557452106,14.14971432308,0.02518872413687405,0.1551288846476874,0.0251886566800509,6.735275378799613e-08,1.0406935971432214e-10,0,0,0,0
557,132,788961801.1839,788961732.0,0,GPS,1,0,L1,-332040792.2016,-89163621.67966,-164235016.5629,16038815.30197,2531281.950926,20993702.99001,11393813.80275,5022813.802755,25.42331403983,10.33569745252,0.32861474434590676,2.0240921385637933,0.32865679452839064,-4.206445743949261e-05,1.4274955595188487e-08,0,0,0,0
558,132,788961801.1839,788961732.0,0,GPS,2,0,L1,-332040792.2016,-89163621.67966,-164235016.5629,17344499.59627,3864295.462196,20290355.43724,10028201.89925,3657201.89925,21.82710614769,17.99535552048,0.6501383753505374,4.004725122123083,0.6502570196918969,-0.00011870163824203905,5.729688261776834e-08,0,0,0,0
559,132,788961801.1839,788961732.0,0,GPS,4,0,L1,-332040792.2016,-89163621.67966,-164235016.5629,25430178.65093,-219968.7101934,-7801800.842684,17967245.65796,11596245.65796,42.48803861235,14.02398775862,0.1618775651495266,0.9969519028218584,0.16187752051292545,4.320713544817994e-08,1.4294656935172459e-09,0,0,0,0
560,132,788961801.1839,788961732.0,0,GPS,21,0,L1,-332040792.2016,-89163621.67966,-164235016.5629,18323168.46186,11263856.98589,16598249.71586,8089613.041217,1718613.041217,17.3230890157,22.46136936758,2.8052756855682857,17.284708743840547,2.8065604632693653,-0.001286129017289728,1.3513162101127003e-06,0,0,0,0
561,132,788961801.1839,788961732.0,0,GPS,27,0,L1,-332040792.2016,-89163621.67966,-164235016.5629,19241818.26377,12837029.79615,-13683314.15333,22170449.03919,15799449.03919,55.58285962025,14.14943780604,0.025170705427605806,0.1550179135100047,0.025170638024822174,6.72988386720563e-08,1.039449613533947e-10,0,0,0,0
562,133,788961802.1839,788961733.0,0,GPS,1,0,L1,-332048209.2861,-89139358.97158,-164235606.3642,16039472.84833,2533860.400485,20992884.49576,11392051.55833,5021051.558335,25.41910593312,10.3470830786,0.3288925867271349,2.025803589687347,0.3289346870361193,-4.211460662441499e-05,1.4297640023257393e-08,0,0,0,0
563,133,788961802.1839,788961733.0,0,GPS,2,0,L1,-332048209.2861,-89139358.97158,-164235606.3642,17345480.13127,3866548.408318,20289089.70547,10026246.39637,3655246.39637,21.82263023366,18.00464711371,0.6509124626365004,4.0094937962716415,0.6510313209847856,-0.00011891578335403776,5.743506880518557e-08,0,0,0,0
564,133,788961802.1839,788961733.0,0,GPS,4,0,L1,-332048209.2861,-89139358.97158,-164235606.3642,25431092.09445,-219537.4124094,-7798836.00628,17964657.70159,11593657.70159,42.4804794032,14.03876390958,0.16199878382141172,0.9976984490712486,0.16199873905461984,4.333518300435969e-08,1.4316088829228073e-09,0,0,0,0
565,133,788961802.1839,788961733.0,0,GPS,21,0,L1,-332048209.2861,-89139358.97158,-164235606.3642,18323935.63984,11265694.84527,16596206.29945,8090233.135671,1719233.135671,17.32443841655,22.45844423357,2.8053717751962477,17.285298494618743,2.8066562225466427,-0.0012857979808774996,1.3506304826227044e-06,0,0,0,0
566,133,788961802.1839,788961733.0,0,GPS,27,0,L1,-332048209.2861,-89139358.97158,-164235606.3642,19240135.91214,12836956.694,-13685756.52396,22172383.82003,15801383.82003,55.59014487058,14.14916108176,0.025168684284745106,0.15500546612580626,0.025168616912584752,6.726822255549985e-08,1.0393779953202849e-10,0,0,0,0
567,134,788961803.1839,788961734.0,0,GPS,1,0,L1,-332055624.4249,-89115095.98342,-164236196.7751,16040130.85598,2536438.767022,20992066.00163,11390290.12886,5019290.128864,25.41489934234,10.35846781941,0.32920589968085723,2.027733523130416,0.3292480550528056,-4.216969475780059e-05,1.4322809469364356e-08,0,0,0,0
568,134,788961803.1839,788961734.0,0,GPS,2,0,L1,-332055624.4249,-89115095.98342,-164236196.7751,17346461.08702,3868801.231429,20287823.97388,10024291.70771,3653291.707713,21.81815586706,18.01393609803,0.6516151267486622,4.013822531078976,0.6517341882500828,-0.00011911906754237849,5.756612178038958e-08,0,0,0,0
569,134,788961803.1839,788961734.0,0,GPS,4,0,L1,-332055624.4249,-89115095.98342,-164236196.7751,25432005.73609,-219106.2490258,-7795871.169877,17962069.87349,11591069.87349,42.472920379,14.05354445429,0.1620834387012411,0.9982198114140832,0.1620833939342665,4.333381465441045e-08,1.4331599368690302e-09,0,0,0,0
570,134,788961803.1839,788961734.0,0,GPS,21,0,L1,-332055624.4249,-89115095.98342,-164236196.7751,18324703.18329,11267532.65265,16594162.88304,8090854.7001,1719854.7001,17.32579072651,22.45551283072,2.8050962223591696,17.283599235020922,2.8063803096067863,-0.001285437205992292,1.3499583757575063e-06,0,0,0,0
571,134,788961803.1839,788961734.0,0,GPS,27,0,L1,-332055624.4249,-89115095.98342,-164236196.7751,19238453.65185,12836883.90573,-13688198.89491,22174318.73142,15803318.73142,55.5974302735,14.14888415023,0.025141769419645195,0.1548397068055469,0.025141702166056313,6.714979844020286e-08,1.0379044007478148e-10,0,0,0,0
572,135,788961804.1839,788961735.0,0,GPS,1,0,L1,-332063037.618,-89090832.7156,-164236787.7952,16040789.32496,2539017.051047,20991247.5075,11388529.51446,5017529.51446,25.41069426789,10.36985167072,0.32950043382210803,2.029547789587972,0.32954264193795785,-4.2222462644071636e-05,1.4346794261549368e-08,0,0,0,0
573,135,788961804.1839,788961735.0,0,GPS,2,0,L1,-332063037.618,-89090832.7156,-164236787.7952,17347442.46362,3871053.932554,20286558.24211,10022337.83322,3651337.83322,21.81368304789,18.02322247265,0.6523914299152707,4.018604852435425,0.6525107054735182,-0.00011933326299845279,5.770475096908646e-08,0,0,0,0
574,135,788961804.1839,788961735.0,0,GPS,4,0,L1,-332063037.618,-89090832.7156,-164236787.7952,25432919.57583,-218675.2200693,-7792906.333473,17959482.17368,11588482.17368,42.46536154012,14.06832939448,0.16224664093357138,0.9992249211756395,0.1622465960662686,4.343224711317156e-08,1.4350556696015574e-09,0,0,0,0
575,135,788961804.1839,788961735.0,0,GPS,21,0,L1,-332063037.618,-89090832.7156,-164236787.7952,18325471.09223,11269370.40748,16592119.4669,8091477.734029,1720477.734029,17.32714594451,22.45257516128,2.804886862987351,17.28230746830242,2.8061705622830884,-0.0012850485300271116,1.3492342896565946e-06,0,0,0,0
576,135,788961804.1839,788961735.0,0,GPS,27,0,L1,-332063037.618,-89090832.7156,-164236787.7952,19236771.48326,12836811.43105,-13690641.26586,22176253.77303,15805253.77303,55.60471582769,14.14860701158,0.025139756704006068,0.15482731134732577,0.025139689485166917,6.711505229160448e-08,1.0378686089583726e-10,0,0,0,0
577,136,788961805.1839,788961736.0,0,GPS,1,0,L1,-332070448.8642,-89066569.17097,-164237379.4243,16041436.33828,2541596.021554,20990422.36087,11386768.52726,5015768.527257,25.40650057603,10.38115369646,0.32979530322988093,2.031364129961331,0.32983756556989496,-4.227671162077154e-05,1.4371606730852014e-08,0,0,0,0
578,136,788961805.1839,788961736.0,0,GPS,2,0,L1,-332070448.8642,-89066569.17097,-164237379.4243,17348412.90837,3873307.475008,20285286.36496,10020383.95459,3649383.954589,21.80921992241,18.03247269889,0.6531676264828967,4.023386592088066,0.6532871282442827,-0.00011955961427187828,5.785288594529884e-08,0,0,0,0
579,136,788961805.1839,788961736.0,0,GPS,4,0,L1,-332070448.8642,-89066569.17097,-164237379.4243,25433822.80827,-218242.2624213,-7789938.855151,17956887.4167,11585887.4167,42.4578038279,14.08320557566,0.16234788617672827,0.9998484579849246,0.162347841264106,4.347581610958072e-08,1.436806155955459e-09,0,0,0,0
580,136,788961805.1839,788961736.0,0,GPS,21,0,L1,-332070448.8642,-89066569.17097,-164237379.4243,18326228.73654,11271205.84447,16590071.08266,8092102.979436,1721102.979436,17.32851304259,22.4496083451,2.804713280579689,17.281236286198915,2.8059966318232115,-0.001284699813382539,1.3485698598092425e-06,0,0,0,0
581,136,788961805.1839,788961736.0,0,GPS,27,0,L1,-332070448.8642,-89066569.17097,-164237379.4243,19235081.94531,12836730.24547,-13693079.48693,22178180.08711,15807180.08711,55.61200474546,14.14833980754,0.025128051147434063,0.15475522093296035,0.025127983988144247,6.705559788388556e-08,1.0369193347749863e-10,0,0,0,0
582,137,788961806.1839,788961737.0,0,GPS,1,0,L1,-332077858.1647,-89042305.34513,-164237971.6622,16042084.03387,2544174.885554,20989597.47418,11385008.49544,5014008.495442,25.40230838614,10.39249524541,0.3301109167562371,2.033308237986565,0.33015323514818,-4.233278907315095e-05,1.4397130249962667e-08,0,0,0,0
583,137,788961806.1839,788961737.0,0,GPS,2,0,L1,-332077858.1647,-89042305.34513,-164237971.6622,17349383.96379,3875560.879237,20284014.70353,10018431.00135,3647431.001347,21.80475835489,18.0417329891,0.6541245266378183,4.0292817477696765,0.6542443391007701,-0.00011987054136733006,5.8078415536381935e-08,0,0,0,0
584,137,788961806.1839,788961737.0,0,GPS,4,0,L1,-332077858.1647,-89042305.34513,-164237971.6622,25434726.67809,-217809.5848607,-7786971.473118,17954293.08647,11583293.08647,42.45024628093,14.09801597694,0.16244321128287253,1.0004355346679692,0.16244316634200917,4.3502321206546716e-08,1.438542150013682e-09,0,0,0,0
585,137,788961806.1839,788961737.0,0,GPS,21,0,L1,-332077858.1647,-89042305.34513,-164237971.6622,18326986.9333,11273041.26663,16588022.84409,8092729.71277,1721729.71277,17.32988293896,22.44663826637,2.8044625916231154,17.279689988143907,2.805745555623437,-0.0012843118521820183,1.3478518606136503e-06,0,0,0,0
586,137,788961806.1839,788961737.0,0,GPS,27,0,L1,-332077858.1647,-89042305.34513,-164237971.6622,19233392.94789,12836649.71507,-13695518.03639,22180107.05215,15809107.05215,55.61929375633,14.14806459108,0.02511641742355706,0.15468357271830224,0.025116350292170346,6.702775719468464e-08,1.0362951748486384e-10,0,0,0,0
587,138,788961807.1839,788961738.0,0,GPS,1,0,L1,-332085265.5172,-89018041.24575,-164238564.5086,16042732.1908,2546753.668255,20988772.58761,11383249.28178,5012249.281776,25.39811771549,10.40383591335,0.3304095777977659,2.0351479250637703,0.330451949641562,-4.238626537060898e-05,1.442157450846813e-08,0,0,0,0
588,138,788961807.1839,788961738.0,0,GPS,2,0,L1,-332085265.5172,-89018041.24575,-164238564.5086,17350355.4401,3877814.163212,20282743.04192,10016478.86561,3645478.865612,21.80029833823,18.05099066517,0.6543982427434814,4.030967812699637,0.6545181095901119,-0.00011992493209399953,5.808546338403124e-08,0,0,0,0
589,138,788961807.1839,788961738.0,0,GPS,4,0,L1,-332085265.5172,-89018041.24575,-164238564.5086,25435630.74618,-217377.0403159,-7784004.091414,17951698.88515,11580698.88515,42.44268891528,14.11283080294,0.16254670424456175,1.0010729145685835,0.16254665927646686,4.3527705029855674e-08,1.4403898600659559e-09,0,0,0,0
590,138,788961807.1839,788961738.0,0,GPS,21,0,L1,-332085265.5172,-89018041.24575,-164238564.5086,18327745.49504,11274876.6384,16585974.60552,8093357.914924,1722357.914924,17.33125574282,22.44366192217,2.804231873462639,17.278266898747773,2.805514485115158,-0.0012839588437173737,1.3471911982387047e-06,0,0,0,0
591,138,788961807.1839,788961738.0,0,GPS,27,0,L1,-332085265.5172,-89018041.24575,-164238564.5086,19231704.04083,12836569.49954,-13697956.58586,22182034.14674,15811034.14674,55.62658292303,14.14778916837,0.02511185122336054,0.15465545119921378,0.025111784132288196,6.698746901544855e-08,1.036033282438553e-10,0,0,0,0
592,139,788961808.1839,788961739.0,0,GPS,1,0,L1,-332092670.9254,-88993776.85877,-164239157.9632,16043380.8092,2549332.36947,20987947.70105,11381490.88638,5010490.886379,25.3939285645,10.41517569604,0.33069484452571113,2.0369051078017524,0.33073726770345396,-4.243762270304645e-05,1.444496021051865e-08,0,0,0,0
593,139,788961808.1839,788961739.0,0,GPS,2,0,L1,-332092670.9254,-88993776.85877,-164239157.9632,17351327.3374,3880067.325589,20281471.38032,10014527.54812,3643527.548121,21.79583987418,18.060245723,0.6551271376263536,4.035458126827876,0.6552472128852118,-0.0001201334790987915,5.822024053823118e-08,0,0,0,0
594,139,788961808.1839,788961739.0,0,GPS,4,0,L1,-332092670.9254,-88993776.85877,-164239157.9632,25436535.01258,-216944.6295329,-7781036.70971,17949104.81246,11578104.81246,42.43513173039,14.12765005721,0.16261641944405206,1.0015022684987382,0.162616374524955,4.3477395035166535e-08,1.441702027591557e-09,0,0,0,0
595,139,788961808.1839,788961739.0,0,GPS,21,0,L1,-332092670.9254,-88993776.85877,-164239157.9632,18328504.42223,11276711.95894,16583926.36696,8093987.585558,1722987.585558,17.33263145341,22.44067931441,2.803989964409348,17.276774515329993,2.805272163166987,-0.0012835451838987663,1.346426259799104e-06,0,0,0,0
596,139,788961808.1839,788961739.0,0,GPS,27,0,L1,-332092670.9254,-88993776.85877,-164239157.9632,19230015.22474,12836489.59801,-13700395.13532,22183961.37086,15812961.37086,55.63387224516,14.14751353947,0.025097532255474904,0.15456726548035934,0.0250974652012822,6.69506746050032e-08,1.0351809984924195e-10,0,0,0,0
597,140,788961809.1839,788961740.0,0,GPS,1,0,L1,-332100074.3837,-88969512.20393,-164239752.0257,16044029.88894,2551910.990643,20987122.81435,11379733.30937,5008733.30937,25.38974093355,10.42651458926,0.33099699705094854,2.0387663043514874,0.3310394747425353,-4.249216146777531e-05,1.446988099053299e-08,0,0,0,0
598,140,788961809.1839,788961740.0,0,GPS,2,0,L1,-332100074.3837,-88969512.20393,-164239752.0257,17352299.65545,3882320.36733,20280199.71871,10012577.04934,3641577.049344,21.79138296393,18.06949815957,0.6559118451282148,4.0402922007389055,0.6560321332975996,-0.00012034652709204448,5.835770720149962e-08,0,0,0,0
599,140,788961809.1839,788961740.0,0,GPS,4,0,L1,-332100074.3837,-88969512.20393,-164239752.0257,25437439.4774,-216512.3506672,-7778069.327679,17946510.8681,11575510.8681,42.42757472572,14.14247374328,0.16271696919355966,1.0021215226491302,0.1627169243369861,4.3412946679306754e-08,1.4436268771932975e-09,0,0,0,0
600,140,788961809.1839,788961740.0,0,GPS,21,0,L1,-332100074.3837,-88969512.20393,-164239752.0257,18329263.71421,11278547.22926,16581878.12839,8094618.724329,1723618.724329,17.33401006995,22.43769044499,2.8037227236285793,17.275126363647438,2.8050045487444195,-0.0012831708604084577,1.3457445683009476e-06,0,0,0,0
601,140,788961809.1839,788961740.0,0,GPS,27,0,L1,-332100074.3837,-88969512.20393,-164239752.0257,19228326.49889,12836410.01159,-13702833.68478,22185888.72444,15814888.72444,55.64116172232,14.14723770447,0.025079910073084185,0.15445873648007707,0.025079843081880337,6.688782614867797e-08,1.0337770031393016e-10,0,0,0,0
602,141,788961810.1839,788961741.0,0,GPS,1,0,L1,-332107475.8966,-88945247.26476,-164240346.696,16044679.43009,2554489.529775,20986297.92778,11377976.55162,5006976.551616,25.38555482476,10.43785258473,0.3313059397319585,2.040669326106706,0.33134847304259873,-4.254780591633749e-05,1.449527609897353e-08,0,0,0,0
603,141,788961810.1839,788961741.0,0,GPS,2,0,L1,-332107475.8966,-88945247.26476,-164240346.696,17353272.39437,3884573.286963,20278928.05728,10010627.37002,3639627.370018,21.78692760923,18.07874797078,0.6565736361931608,4.044369138256074,0.6566941156206155,-0.00012053790840823568,5.848095348975249e-08,0,0,0,0
604,141,788961810.1839,788961741.0,0,GPS,4,0,L1,-332107475.8966,-88945247.26476,-164240346.696,25438344.14042,-216080.2058225,-7775101.945975,17943917.05275,11572917.05275,42.42001790349,14.15730185935,0.16279893517576893,1.0026263247807816,0.16279889029461161,4.3435971805016434e-08,1.4451855198979135e-09,0,0,0,0
605,141,788961810.1839,788961741.0,0,GPS,21,0,L1,-332107475.8966,-88945247.26476,-164240346.696,18330023.37156,11280382.44839,16579829.88983,8095251.330894,1724251.330894,17.33539159165,22.43469531581,2.8035257534561397,17.273911106475826,2.804807224463109,-0.0012828160723466775,1.345065377457197e-06,0,0,0,0
606,141,788961810.1839,788961741.0,0,GPS,27,0,L1,-332107475.8966,-88945247.26476,-164240346.696,19226637.86399,12836330.7393,-13705272.23424,22187816.20747,15816816.20747,55.64845135411,14.14696166343,0.025087390449808417,0.15450480551719661,0.025087323424191958,6.692211190524156e-08,1.0350455399914999e-10,0,0,0,0
607,142,788961811.1839,788961742.0,0,GPS,1,0,L1,-332114875.461,-88920982.05135,-164240941.9737,16045329.4326,2557067.987842,20985473.04121,11376220.61324,5005220.613236,25.38137023852,10.44918967823,0.33161557338608394,2.0425766052834193,0.3316581626306103,-4.260376538127692e-05,1.4520854888326587e-08,0,0,0,0
608,142,788961811.1839,788961742.0,0,GPS,2,0,L1,-332114875.461,-88920982.05135,-164240941.9737,17354245.55417,3886826.086019,20277656.39567,10008678.51009,3637678.510087,21.78247381008,18.08799515582,0.6572989733379591,4.0488375120175695,0.657419656404668,-0.00012074167928635196,5.8612577359214316e-08,0,0,0,0
609,142,788961811.1839,788961742.0,0,GPS,4,0,L1,-332114875.461,-88920982.05135,-164240941.9737,25439249.00172,-215648.1938943,-7772134.564272,17941323.36613,11570323.36613,42.41246126315,14.17213440894,0.1628284691708346,1.0028082105890903,0.1628284235384744,4.4186246847162075e-08,1.4461133443117212e-09,0,0,0,0
610,142,788961811.1839,788961742.0,0,GPS,21,0,L1,-332114875.461,-88920982.05135,-164240941.9737,18330783.39395,11282217.61683,16577781.65126,8095885.404911,1724885.404911,17.33677601774,22.4316939288,2.8032774249030563,17.2723793093618,2.804558502816612,-0.0012824222685870153,1.3443550314504805e-06,0,0,0,0
611,142,788961811.1839,788961742.0,0,GPS,27,0,L1,-332114875.461,-88920982.05135,-164240941.9737,19224949.31969,12836251.78166,-13707710.7837,22189743.81988,15818743.81988,55.65574114013,14.14668541643,0.025070860408521148,0.15440300298690784,0.025070793498186056,6.680696538712255e-08,1.0336970331492065e-10,0,0,0,0
612,143,788961812.1839,788961743.0,0,GPS,1,0,L1,-332122273.0773,-88896716.56171,-164241537.8586,16045979.89649,2559646.36524,20984648.15452,11374465.49435,5003465.494351,25.37718717524,10.46052586549,0.3319269540274822,2.044494642287888,0.33196959899344447,-4.265951235535857e-05,1.4546393067074077e-08,0,0,0,0
613,143,788961812.1839,788961743.0,0,GPS,2,0,L1,-332122273.0773,-88896716.56171,-164241537.8586,17355219.13479,3889078.763785,20276384.73406,10006730.47029,3635730.470288,21.77802156826,18.09723971057,0.6580491617176008,4.053459005748748,0.6581700596529608,-0.00012095668747998352,5.8752119865619455e-08,0,0,0,0
614,143,788961812.1839,788961743.0,0,GPS,4,0,L1,-332122273.0773,-88896716.56171,-164241537.8586,25440154.0613,-215216.3150942,-7769167.18257,17938729.80827,11567729.80827,42.40490480509,14.18697139382,0.16289932608714475,1.003244596557618,0.16289928059624412,4.4043515497596236e-08,1.4473851302999608e-09,0,0,0,0
615,143,788961812.1839,788961743.0,0,GPS,21,0,L1,-332122273.0773,-88896716.56171,-164241537.8586,18331543.78146,11284052.73438,16575733.41269,8096520.946034,1725520.946034,17.33816334745,22.42868628586,2.8030905613919095,17.271226210439053,2.804371271322302,-0.0012820535824410297,1.3436520483998833e-06,0,0,0,0
616,143,788961812.1839,788961743.0,0,GPS,27,0,L1,-332122273.0773,-88896716.56171,-164241537.8586,19223260.86613,12836173.13854,-13710149.33315,22191671.56164,15820671.56164,55.66303107999,14.14640896353,0.02505247878558394,0.15428979661146805,0.025052411901931932,6.678038243595734e-08,1.0326957215618172e-10,0,0,0,0
617,144,788961813.1839,788961744.0,0,GPS,1,0,L1,-332129668.7454,-88872450.79627,-164242134.3504,16046630.82171,2562224.660786,20983823.26795,11372711.19583,5001711.195826,25.37300563701,10.47186113825,0.3322174915422923,2.0462842935498564,0.33226018904904325,-4.2712077157365804e-05,1.4570406423396838e-08,0,0,0,0
618,144,788961813.1839,788961744.0,0,GPS,2,0,L1,-332129668.7454,-88872450.79627,-164242134.3504,17356193.13622,3891331.320211,20275113.07245,10004783.25109,3633783.251092,21.77357088492,18.10648163202,0.6587809911298736,4.05796739228821,0.6589020974097034,-0.00012116516684096693,5.8887011180671125e-08,0,0,0,0
619,144,788961813.1839,788961744.0,0,GPS,4,0,L1,-332129668.7454,-88872450.79627,-164242134.3504,25441059.31922,-214784.5690582,-7766199.80054,17936136.37887,11565136.37887,42.39734852875,14.20181281754,0.16309767172567677,1.004466147664388,0.1630976268392113,4.3435877744249823e-08,1.4505877109747707e-09,0,0,0,0
620,144,788961813.1839,788961744.0,0,GPS,21,0,L1,-332129668.7454,-88872450.79627,-164242134.3504,18332304.53407,11285887.80102,16573685.17412,8097157.95392,1726157.95392,17.33955357998,22.42567238892,2.803042748367911,17.270929587219236,2.804323107884112,-0.0012817024810803457,1.3429648792056304e-06,0,0,0,0
621,144,788961813.1839,788961744.0,0,GPS,27,0,L1,-332129668.7454,-88872450.79627,-164242134.3504,19221572.50334,12836094.80991,-13712587.88261,22193599.4327,15822599.4327,55.67032117327,14.14613230481,0.025050236984671966,0.154275990152359,0.02505017011337492,6.67680285673842e-08,1.0326847610282131e-10,0,0,0,0
622,145,788961814.1839,788961745.0,0,GPS,1,0,L1,-332137062.4636,-88848184.76029,-164242731.4489,16047282.20827,2564802.875789,20982998.38126,11370957.71753,4999957.717534,25.36882562367,10.4831954936,0.3325380678841585,2.048258979768754,0.33258082368347386,-4.2770396456731836e-05,1.4597141366718003e-08,0,0,0,0
623,145,788961814.1839,788961745.0,0,GPS,2,0,L1,-332137062.4636,-88848184.76029,-164242731.4489,17357167.55833,3893583.754964,20273841.41102,10002836.85324,3631836.853236,21.76912176184,18.11572091605,0.65949061935974,4.062339082343418,0.6596119394237314,-0.00012137909017441743,5.902618291174282e-08,0,0,0,0
624,145,788961814.1839,788961745.0,0,GPS,4,0,L1,-332137062.4636,-88848184.76029,-164242731.4489,25441964.7753,-214352.956224,-7763232.418838,17933543.07863,11562543.07863,42.38979243637,14.21665867828,0.16335416567951494,1.006045809288024,0.16335412036328192,4.3863306089015684e-08,1.4529269171467586e-09,0,0,0,0
625,145,788961814.1839,788961745.0,0,GPS,21,0,L1,-332137062.4636,-88848184.76029,-164242731.4489,18333065.65163,11287722.81696,16571636.93556,8097796.428223,1726796.428223,17.34094671456,22.4226522399,2.8028168632952353,17.26953608743796,2.8040968419140184,-0.0012813208809675594,1.3422621845920467e-06,0,0,0,0
626,145,788961814.1839,788961745.0,0,GPS,27,0,L1,-332137062.4636,-88848184.76029,-164242731.4489,19219884.23117,12836016.79605,-13715026.43207,22195527.43303,15824527.43303,55.67761141959,14.14585544035,0.025041542212420692,0.154222442247073,0.02504147540893449,6.670029278619965e-08,1.0319341491068486e-10,0,0,0,0
627,146,788961815.1839,788961746.0,0,GPS,1,0,L1,-332144454.2349,-88823918.4421,-164243329.1538,16047934.05619,2567381.008482,20982173.49469,11369205.06034,4998205.060339,25.36464713732,10.49452892325,0.3328410179991513,2.050125095257757,0.3328838294227633,-4.2826046174824726e-05,1.4622562791718054e-08,0,0,0,0
628,146,788961815.1839,788961746.0,0,GPS,2,0,L1,-332144454.2349,-88823918.4421,-164243329.1538,17358142.40138,3895836.068436,20272569.74941,10000891.27667,3629891.276666,21.76467419902,18.12495756185,0.6602587110669016,4.067070863422389,0.6603802502986148,-0.00012159840135508918,5.916964188386713e-08,0,0,0,0
629,146,788961815.1839,788961746.0,0,GPS,4,0,L1,-332144454.2349,-88823918.4421,-164243329.1538,25442870.42959,-213921.4771532,-7760265.037136,17930949.90724,11559949.90724,42.38223652739,14.23150897958,0.16346902533662896,1.0067531927235926,0.16346897994304463,4.3938726981541137e-08,1.4548573576534566e-09,0,0,0,0
630,146,788961815.1839,788961746.0,0,GPS,21,0,L1,-332144454.2349,-88823918.4421,-164243329.1538,18333827.13454,11289557.78149,16569588.69699,8098436.368597,1727436.368597,17.34234275039,22.41962584073,2.8025849673240897,17.268105518854767,2.8038645569918317,-0.0012809312139555403,1.3415462136567326e-06,0,0,0,0
631,146,788961815.1839,788961746.0,0,GPS,27,0,L1,-332144454.2349,-88823918.4421,-164243329.1538,19218196.05046,12835939.09596,-13717464.98121,22197455.56229,15826455.56229,55.68490181761,14.14557837024,0.025040229780413294,0.15421435954411825,0.02504016300067322,6.667652372201819e-08,1.0321635238023732e-10,0,0,0,0
632,147,788961816.1839,788961747.0,0,GPS,1,0,L1,-332151844.0552,-88799651.85665,-164243927.4647,16048586.36539,2569959.060077,20981348.60811,11367453.22436,4996453.224362,25.36047017836,10.50586142293,0.3331764331781312,2.0521911966021853,0.33321930735486593,-4.2888828151006274e-05,1.4651416279092415e-08,0,0,0,0
633,147,788961816.1839,788961747.0,0,GPS,2,0,L1,-332151844.0552,-88799651.85665,-164243927.4647,17359117.66512,3898088.2608,20271298.0878,9998946.522118,3627946.522118,21.76022819821,18.13419156531,0.6611339364547345,4.0724627057031,0.6612557369263325,-0.00012185982480917738,5.935321110209952e-08,0,0,0,0
634,147,788961816.1839,788961747.0,0,GPS,4,0,L1,-332151844.0552,-88799651.85665,-164243927.4647,25443776.28211,-213490.1307618,-7757297.655435,17928356.86475,11557356.86475,42.37468080219,14.24636372319,0.16356171742793987,1.007324053662618,0.16356167203090316,4.394039487070769e-08,1.4566418507990151e-09,0,0,0,0
635,147,788961816.1839,788961747.0,0,GPS,21,0,L1,-332151844.0552,-88799651.85665,-164243927.4647,18334588.9823,11291392.69537,16567540.45842,8099077.774695,1728077.774695,17.34374168669,22.41659319334,2.802318535450744,17.26646220157878,2.8035977275436914,-0.0012805329051829024,1.3408122352763794e-06,0,0,0,0
636,147,788961816.1839,788961747.0,0,GPS,27,0,L1,-332151844.0552,-88799651.85665,-164243927.4647,19216507.96003,12835861.71103,-13719903.53067,22199383.82101,15828383.82101,55.6921923688,14.1453010945,0.025028753667455213,0.1541436820570628,0.025028686924116028,6.664020055553768e-08,1.0313862833153724e-10,0,0,0,0
637,148,788961817.1839,788961748.0,0,GPS,1,0,L1,-332159231.9287,-88775384.98743,-164244526.3816,16049239.13601,2572537.030268,20980523.72142,11365702.20973,4994702.209725,25.35629474719,10.51719298839,0.3335606045068806,2.054557636152905,0.33360355193660546,-4.2962115612303544e-05,1.4685887437909752e-08,0,0,0,0
638,148,788961817.1839,788961748.0,0,GPS,2,0,L1,-332159231.9287,-88775384.98743,-164244526.3816,17360093.34973,3900340.331122,20270026.42619,9997002.590066,3626002.590066,21.7557837606,18.14342292339,0.6616573108900259,4.075686791400271,0.6617792396119706,-0.00012198814168655601,5.941974186440481e-08,0,0,0,0
639,148,788961817.1839,788961748.0,0,GPS,4,0,L1,-332159231.9287,-88775384.98743,-164244526.3816,25444682.3329,-213058.9179813,-7754330.273406,17925763.95086,11554763.95086,42.36712526023,14.26122291269,0.16365145551991692,1.0078767221323655,0.16365141016299878,4.389865238025661e-08,1.4582657624354388e-09,0,0,0,0
640,148,788961817.1839,788961748.0,0,GPS,21,0,L1,-332159231.9287,-88775384.98743,-164244526.3816,18335351.19549,11293227.55762,16565492.21985,8099720.646168,1728720.646168,17.34514352267,22.41355429966,2.8020822725880694,17.265004673853568,2.8033610651996317,-0.001280132691546473,1.3400799842896604e-06,0,0,0,0
641,148,788961817.1839,788961748.0,0,GPS,27,0,L1,-332159231.9287,-88775384.98743,-164244526.3816,19214819.96088,12835784.63998,-13722342.08012,22201312.20887,15830312.20887,55.69948307182,14.14502361323,0.02501452537855815,0.154056054851214,0.025014458680233727,6.65952746331517e-08,1.0304979021444543e-10,0,0,0,0
642,149,788961818.1839,788961749.0,0,GPS,1,0,L1,-332166617.8499,-88751117.8542,-164245125.904,16049892.36784,2575114.918805,20979698.83485,11363952.01729,4992952.017292,25.35212084591,10.52852361133,0.34852648901408984,2.146749173612593,0.34857291751382874,-4.645464836462989e-05,2.6148625751725132e-08,0,0,0,0
643,149,788961818.1839,788961749.0,0,GPS,2,0,L1,-332166617.8499,-88751117.8542,-164245125.904,17361069.45493,3902592.279825,20268754.76476,9995059.481244,3624059.481244,21.75134088795,18.15265163198,0.6623542990307187,4.079980629088718,0.6624764405466629,-0.00012220107469420214,5.955875006788596e-08,0,0,0,0
644,149,788961818.1839,788961749.0,0,GPS,4,0,L1,-332166617.8499,-88751117.8542,-164245125.904,25445588.58179,-212627.8381389,-7751362.891706,17923171.16626,11552171.16626,42.35956990373,14.27608654622,0.16374557055390135,1.0084563465118401,0.1637455251921317,4.3901649477923606e-08,1.4601201759336908e-09,0,0,0,0
645,149,788961818.1839,788961749.0,0,GPS,21,0,L1,-332166617.8499,-88751117.8542,-164245125.904,18336113.77345,11295062.36927,16563443.98129,8100364.982671,1729364.982671,17.34654825754,22.41050916163,2.8019103759520356,17.263943887257902,2.8031888226838055,-0.001279786161538878,1.3394297689183597e-06,0,0,0,0
646,149,788961818.1839,788961749.0,0,GPS,27,0,L1,-332166617.8499,-88751117.8542,-164245125.904,19213132.05232,12835707.88391,-13724780.62958,22203240.72582,15832240.72582,55.70677392628,14.14474592651,0.025004176583739844,0.1539923201719921,0.025004109924377068,6.655638397319963e-08,1.0297880265132001e-10,0,0,0,0
647,150,788961819.1839,788961750.0,0,GPS,1,0,L1,-332174001.8232,-88726850.44049,-164245726.0317,16050546.06103,2577692.725383,20978873.94828,11362202.64718,4991202.647183,25.34794847493,10.53985328746,0.33399234696690155,2.0572170045566565,0.33403536009315865,-4.3027841300934706e-05,1.4715043841565737e-08,0,0,0,0
648,150,788961819.1839,788961750.0,0,GPS,2,0,L1,-332174001.8232,-88726850.44049,-164245726.0317,17362045.981,3904844.10705,20267483.10315,9993117.195602,3622117.195602,21.74689958025,18.16187769026,0.6631639432592604,4.084968342461271,0.6632863077744527,-0.00012242421915266335,5.970396033107751e-08,0,0,0,0
649,150,788961819.1839,788961750.0,0,GPS,4,0,L1,-332174001.8232,-88726850.44049,-164245726.0317,25446495.02885,-212196.8921663,-7748395.510006,17920578.51065,11549578.51065,42.35201473214,14.29095462736,0.1638603708830042,1.009163364270528,0.1638603253960443,4.402476722588431e-08,1.46219267603865e-09,0,0,0,0
650,150,788961819.1839,788961750.0,0,GPS,21,0,L1,-332174001.8232,-88726850.44049,-164245726.0317,18336876.71674,11296897.12934,16561395.74272,8101010.783852,1730010.783852,17.3479558905,22.40745778119,2.801871019281144,17.263698982162456,2.8031490568440502,-0.0012793762092482958,1.3386463422635528e-06,0,0,0,0
651,150,788961819.1839,788961750.0,0,GPS,27,0,L1,-332174001.8232,-88726850.44049,-164245726.0317,19211444.23503,12835631.44184,-13727219.17903,22205169.37182,15834169.37182,55.71406493178,14.1444680344,0.02498856582898292,0.1538961790752412,0.024988499259191138,6.646687333158e-08,1.0291845063115787e-10,0,0,0,0
652,151,788961820.1839,788961751.0,0,GPS,1,0,L1,-332181383.845,-88702582.75879,-164246326.7645,16051200.21551,2580270.451097,20978049.06158,11360454.09952,4989454.099522,25.34377763464,10.55118201251,0.334289946585051,2.0590501686573006,0.33433301543487143,-4.308359037684748e-05,1.4740556436662696e-08,0,0,0,0
653,151,788961820.1839,788961751.0,0,GPS,2,0,L1,-332181383.845,-88702582.75879,-164246326.7645,17363022.92774,3907095.812843,20266211.44154,9991175.733876,3620175.733876,21.74245983928,18.1711010941,0.6639066937504532,4.089543958670295,0.6640292617771875,-0.00012262786242959328,5.983569526944048e-08,0,0,0,0
654,151,788961820.1839,788961751.0,0,GPS,4,0,L1,-332181383.845,-88702582.75879,-164246326.7645,25447401.67406,-211766.0791645,-7745428.128306,17917985.98407,11546985.98407,42.34445974584,14.30582715785,0.16394381268548022,1.0096772559483853,0.16394376724553406,4.3976229934900896e-08,1.463716238281186e-09,0,0,0,0
655,151,788961820.1839,788961751.0,0,GPS,21,0,L1,-332181383.845,-88702582.75879,-164246326.7645,18337640.02496,11298731.83845,16559347.50415,8101658.049363,1730658.049363,17.34936642077,22.40440016029,2.8016766830675763,17.26249987165833,2.802954354336658,-0.0012790092302152971,1.337961133822112e-06,0,0,0,0
656,151,788961820.1839,788961751.0,0,GPS,27,0,L1,-332181383.845,-88702582.75879,-164246326.7645,19209756.50858,12835555.31446,-13729657.72848,22207098.14683,15836098.14683,55.72135608791,14.14418993699,0.024975411139354982,0.15381516385237376,0.02497534461916842,6.641735545902269e-08,1.0283110264396343e-10,0,0,0,0
657,152,788961821.1839,788961752.0,0,GPS,1,0,L1,-332188763.9164,-88678314.80469,-164246928.1022,16051854.83125,2582848.09453,20977224.17501,11358706.37517,4987706.375172,25.33960832715,10.56250977818,0.3346626426207573,2.0613458360322308,0.3347057685652122,-4.314071094981637e-05,1.4766494865682254e-08,0,0,0,0
658,152,788961821.1839,788961752.0,0,GPS,2,0,L1,-332188763.9164,-88678314.80469,-164246928.1022,17364000.29514,3909347.396363,20264939.7801,9989235.096801,3618235.096801,21.73802166679,18.18032183939,0.6645660951921296,4.093606279801685,0.664688870801871,-0.00012283558099276967,5.997125137695441e-08,0,0,0,0
659,152,788961821.1839,788961752.0,0,GPS,4,0,L1,-332188763.9164,-88678314.80469,-164246928.1022,25448308.5175,-211335.3991398,-7742460.746278,17915393.58623,11544393.58623,42.33690494429,14.32070414125,0.1640356992033903,1.0102431558990477,0.16403565380557,4.39324135973459e-08,1.465406705963663e-09,0,0,0,0
660,152,788961821.1839,788961752.0,0,GPS,21,0,L1,-332188763.9164,-88678314.80469,-164246928.1022,18338403.69826,11300566.49629,16557299.26558,8102306.778853,1731306.778853,17.35077984754,22.40133630089,2.801421788539574,17.260927594340014,2.802699059820315,-0.001278608511951267,1.3372312101071313e-06,0,0,0,0
661,152,788961821.1839,788961752.0,0,GPS,27,0,L1,-332188763.9164,-88678314.80469,-164246928.1022,19208068.8732,12835479.50146,-13732096.27794,22209027.0508,15838027.0508,55.72864739428,14.14391163434,0.024959262233549544,0.153715708322525,0.024959195781368283,6.634947542262321e-08,1.0270583849606584e-10,0,0,0,0
662,153,788961822.1839,788961753.0,0,GPS,1,0,L1,-332196142.0376,-88654046.57621,-164247530.0443,16052509.90828,2585425.656076,20976399.28843,11356959.47425,4985959.474253,25.33544055285,10.57383658017,0.33496753564108983,2.063223904822668,0.3350107151913114,-4.3194341408618695e-05,1.4791187021875412e-08,0,0,0,0
663,153,788961822.1839,788961753.0,0,GPS,2,0,L1,-332196142.0376,-88654046.57621,-164247530.0443,17364978.08332,3911598.858511,20263668.11849,9987295.284327,3616295.284327,21.73358506279,18.18953992529,0.6652828817229306,4.098022045310338,0.66540586945515,-0.00012304784156679167,6.010934740080768e-08,0,0,0,0
664,153,788961822.1839,788961753.0,0,GPS,4,0,L1,-332196142.0376,-88654046.57621,-164247530.0443,25449215.55897,-210904.8530852,-7739493.364579,17912801.31781,11541801.31781,42.3293503297,14.33558557574,0.16411717597451925,1.010744945017497,0.1641171305328675,4.397461867192038e-08,1.4670330701892776e-09,0,0,0,0
665,153,788961822.1839,788961753.0,0,GPS,21,0,L1,-332196142.0376,-88654046.57621,-164247530.0443,18339167.73673,11302401.10269,16555251.02701,8102956.971971,1731956.971971,17.35219617002,22.39826620492,2.801189790266685,17.259496425710033,2.8024666774670624,-0.0012782237155552502,1.3365151778150682e-06,0,0,0,0
666,153,788961822.1839,788961753.0,0,GPS,27,0,L1,-332196142.0376,-88654046.57621,-164247530.0443,19206381.32902,12835404.00269,-13734534.82739,22210956.08369,15839956.08369,55.73593885049,14.14363312652,0.02495763418300003,0.15370568174362184,0.024957567741211602,6.633907067557978e-08,1.0271775181741316e-10,0,0,0,0
667,154,788961823.1839,788961754.0,0,GPS,1,0,L1,-332203518.2079,-88629778.07619,-164248132.5907,16053165.44658,2588003.135799,20975574.40186,11355213.39714,4984213.397136,25.33127431271,10.58516241286,0.33525896484981166,2.0650190602779364,0.33530219897624786,-4.3248942709577735e-05,1.4816273369416783e-08,0,0,0,0
668,154,788961823.1839,788961754.0,0,GPS,2,0,L1,-332203518.2079,-88629778.07619,-164248132.5907,17365956.29219,3913850.198825,20262396.45688,9985356.297191,3614356.297191,21.72915002905,18.19875534768,0.6660097442897007,4.102499867169065,0.6661329443498744,-0.00012326030808661265,6.024791296690023e-08,0,0,0,0
669,154,788961823.1839,788961754.0,0,GPS,4,0,L1,-332203518.2079,-88629778.07619,-164248132.5907,25450122.79855,-210474.4404515,-7736525.98288,17910209.17852,11539209.17852,42.32179590153,14.35047146487,0.16423923551985625,1.011496670633952,0.16423919006106877,4.398967187018128e-08,1.4691156142893549e-09,0,0,0,0
670,154,788961823.1839,788961754.0,0,GPS,21,0,L1,-332203518.2079,-88629778.07619,-164248132.5907,18339932.14027,11304235.65773,16553202.78844,8103608.628367,1732608.628367,17.3536153874,22.39518987436,2.800945193383093,17.257987578308125,2.8022216822214925,-0.0012778246302149238,1.3357918154751368e-06,0,0,0,0
671,154,788961823.1839,788961754.0,0,GPS,27,0,L1,-332203518.2079,-88629778.07619,-164248132.5907,19204693.87598,12835328.81829,-13736973.37684,22212885.24546,15841885.24546,55.74323045614,14.14335441362,0.02495130002067225,0.15366667195955924,0.024951233627096444,6.629089186601556e-08,1.0268394185487372e-10,0,0,0,0
672,155,788961824.1839,788961755.0,0,GPS,1,0,L1,-332210892.4276,-88605509.30264,-164248735.7411,16053821.4462,2590580.534093,20974749.51516,11353468.14394,4982468.143944,25.32710960713,10.59648727193,0.33556503461956994,2.0669043853235234,0.3356083238182555,-4.330404017949322e-05,1.4841493933084861e-08,0,0,0,0
673,155,788961824.1839,788961755.0,0,GPS,2,0,L1,-332210892.4276,-88605509.30264,-164248735.7411,17366934.9217,3916101.416593,20261124.79544,9983418.136127,3612418.136127,21.72471656732,18.20796810242,0.6667824677709371,4.107260191267643,0.6669058898247106,-0.00012348244716314834,6.039338971066546e-08,0,0,0,0
674,155,788961824.1839,788961755.0,0,GPS,4,0,L1,-332210892.4276,-88605509.30264,-164248735.7411,25451030.23623,-210044.1614504,-7733558.601182,17907617.16839,11536617.16839,42.31424166015,14.36536181039,0.16438950177004802,1.012422112147014,0.16438945626457382,4.40347070114356e-08,1.4707671896039401e-09,0,0,0,0
675,155,788961824.1839,788961755.0,0,GPS,21,0,L1,-332210892.4276,-88605509.30264,-164248735.7411,18340696.90896,11306070.16124,16551154.54987,8104261.747686,1733261.747686,17.3550374989,22.39210731115,2.8007354968489637,17.25669380099483,2.802011608432598,-0.001277446671014012,1.3350873798495878e-06,0,0,0,0
676,155,788961824.1839,788961755.0,0,GPS,27,0,L1,-332210892.4276,-88605509.30264,-164248735.7411,19203006.51422,12835253.94809,-13739411.92629,22214814.53607,15843814.53607,55.75052221083,14.1430754957,0.024942924339140776,0.15361508888721478,0.024942857957389684,6.627909548544236e-08,1.0265560603800901e-10,0,0,0,0
677,156,788961825.1839,788961756.0,0,GPS,1,0,L1,-332218264.6939,-88581240.26564,-164249339.4952,16054477.90698,2593157.850241,20973924.62859,11351723.71554,4980723.715537,25.32294643822,10.60781114908,0.3358756375673164,2.068817623273533,0.33591898094687134,-4.3358246013228676e-05,1.4866458325508107e-08,0,0,0,0
678,156,788961825.1839,788961756.0,0,GPS,2,0,L1,-332218264.6939,-88581240.26564,-164249339.4952,17367913.97185,3918352.513344,20259853.13383,9981480.801088,3610480.801088,21.72028467761,18.21717818869,0.6675553291421986,4.112021403016406,0.6676789794294803,-0.00012371083157947622,6.054429781602366e-08,0,0,0,0
679,156,788961825.1839,788961756.0,0,GPS,4,0,L1,-332218264.6939,-88581240.26564,-164249339.4952,25451937.87199,-209614.0153679,-7730591.219484,17905025.28746,11534025.28746,42.30668760595,14.38025661408,0.16457115514787105,1.0135408592351278,0.1645711099674178,4.370635528941876e-08,1.4740979560978068e-09,0,0,0,0
680,156,788961825.1839,788961756.0,0,GPS,21,0,L1,-332218264.6939,-88581240.26564,-164249339.4952,18341462.04248,11307904.61371,16549106.3113,8104916.329577,1733916.329577,17.35646250369,22.38901851727,2.800467997260541,17.255043845280955,2.801743701085049,-0.001277038172290697,1.3343477826276349e-06,0,0,0,0
681,156,788961825.1839,788961756.0,0,GPS,27,0,L1,-332218264.6939,-88581240.26564,-164249339.4952,19201319.24338,12835179.39265,-13741850.47574,22216743.95548,15845743.95548,55.75781411415,14.14279637283,0.024932408259053192,0.15355032405376418,0.0249323419328696,6.622361298148273e-08,1.0257060774187224e-10,0,0,0,0
682,157,788961826.1839,788961757.0,0,GPS,1,0,L1,-332225635.0109,-88556970.94871,-164249943.8527,16055134.82908,2595735.083939,20973099.74202,11349980.11204,4978980.112041,25.31878480636,10.61913403999,0.3361897589078463,2.0707525504811626,0.3362331598133317,-4.3415798462716406e-05,1.4892977322020187e-08,0,0,0,0
683,157,788961826.1839,788961757.0,0,GPS,2,0,L1,-332225635.0109,-88556970.94871,-164249943.8527,17368893.44276,3920603.487609,20258581.47221,9979544.29281,3608544.29281,21.71585436169,18.22638560236,0.668621732469704,4.118590975463864,0.6687456969868814,-0.00012402528455497886,6.076737763561238e-08,0,0,0,0
684,157,788961826.1839,788961757.0,0,GPS,4,0,L1,-332225635.0109,-88556970.94871,-164249943.8527,25452845.70589,-209184.0031362,-7727623.837458,17902433.53544,11531433.53544,42.29913373838,14.39515587949,0.16460210788258603,1.0137314840062461,0.1646020621780607,4.422987392374168e-08,1.4746513984678573e-09,0,0,0,0
685,157,788961826.1839,788961757.0,0,GPS,21,0,L1,-332225635.0109,-88556970.94871,-164249943.8527,18342227.5414,11309739.01415,16547058.07273,8105572.373685,1734572.373685,17.35789040098,22.38592349468,2.8001866776400752,17.253308718053177,2.80146196423033,-0.0012766201836012275,1.3335933466329052e-06,0,0,0,0
686,157,788961826.1839,788961757.0,0,GPS,27,0,L1,-332225635.0109,-88556970.94871,-164249943.8527,19199632.06451,12835105.15069,-13744289.02487,22218673.50334,15847673.50334,55.76510616478,14.14251704513,0.02492717515332322,0.15351809514999396,0.024927108846883803,6.620387232726448e-08,1.0256709251913318e-10,0,0,0,0
687,158,788961827.1839,788961758.0,0,GPS,1,0,L1,-332233003.3733,-88532701.3716,-164250548.8135,16055792.21238,2598312.236631,20972274.85532,11348237.33358,4977237.333577,25.31462471198,10.63028950024,0.3364825734251326,2.0725562247323985,0.33652602681601923,-4.3468307979620374e-05,1.4917093018977085e-08,0,0,0,0
688,158,788961827.1839,788961758.0,0,GPS,2,0,L1,-332233003.3733,-88532701.3716,-164250548.8135,17369873.33414,3922854.339811,20257309.81078,9977608.612027,3606608.612027,21.71142562131,18.2355903393,0.6691248854336692,4.121690567588166,0.6692489853463931,-0.00012416075402794886,6.084130410291261e-08,0,0,0,0
689,158,788961827.1839,788961758.0,0,GPS,4,0,L1,-332233003.3733,-88532701.3716,-164250548.8135,25453753.73777,-208754.1240816,-7724656.455761,17899841.913,11528841.913,42.29158005965,14.41005960478,0.1646969844277219,1.014315798670451,0.1646969387802048,4.4171132241566975e-08,1.4763848557278402e-09,0,0,0,0
690,158,788961827.1839,788961758.0,0,GPS,21,0,L1,-332233003.3733,-88532701.3716,-164250548.8135,18342993.40505,11311573.36361,16545009.83416,8106229.879656,1735229.879656,17.35932118996,22.38282224536,2.799940628987449,17.251791051925643,2.8012155370666965,-0.001276240978689261,1.3328994420649567e-06,0,0,0,0
691,158,788961827.1839,788961758.0,0,GPS,27,0,L1,-332233003.3733,-88532701.3716,-164250548.8135,19197944.97622,12835031.22387,-13746727.57432,22220603.1802,15849603.1802,55.77239836419,14.1422375126,0.024907828281895944,0.15339894446214034,0.02490776205807427,6.612137291078356e-08,1.024487633209488e-10,0,0,0,0
692,159,788961828.1839,788961759.0,0,GPS,1,0,L1,-332240369.7847,-88508431.52024,-164251154.3771,16056450.05691,2600889.306434,20971449.96874,11346495.38101,4975495.381007,25.31046615715,10.64124552428,0.33678684264911096,2.074430464121499,0.3368303516528509,-4.3523946402156245e-05,1.4942662181605325e-08,0,0,0,0
693,159,788961828.1839,788961759.0,0,GPS,2,0,L1,-332240369.7847,-88508431.52024,-164251154.3771,17370853.64626,3925105.070217,20256038.14916,9975673.758694,3604673.758694,21.70699845649,18.24479239867,0.6697176760316438,4.125342332654947,0.6698419313780253,-0.00012431628202279853,6.093564127740798e-08,0,0,0,0
694,159,788961828.1839,788961759.0,0,GPS,4,0,L1,-332240369.7847,-88508431.52024,-164251154.3771,25454661.96768,-208324.3789513,-7721689.074064,17897250.41987,11526250.41987,42.28402656922,14.42496779352,0.16477308294131593,1.0147844650268543,0.16477303728356052,4.417991156802338e-08,1.4778438497953317e-09,0,0,0,0
695,159,788961828.1839,788961759.0,0,GPS,21,0,L1,-332240369.7847,-88508431.52024,-164251154.3771,18343759.63393,11313407.66122,16542961.59559,8106888.847136,1735888.847136,17.36075486983,22.37971477128,2.79981130300677,17.25099211372881,2.801085811516266,-0.0012758406562663612,1.3321467705882214e-06,0,0,0,0
696,159,788961828.1839,788961759.0,0,GPS,27,0,L1,-332240369.7847,-88508431.52024,-164251154.3771,19196257.97944,12834957.61107,-13749166.12377,22222532.98574,15851532.98574,55.77969071103,14.14195777535,0.02489959323640087,0.15334822760264083,0.024899527037467215,6.609653560178896e-08,1.0239805085551632e-10,0,0,0,0
697,160,788961829.1839,788961760.0,0,GPS,1,0,L1,-332247734.2435,-88484161.39988,-164251760.5434,16057108.36265,2603466.294092,20970625.08217,11344754.25445,4973754.254454,25.30630914228,10.65219993882,0.33711394970497055,2.0764453672440837,0.33715751640436453,-4.3581668671968824e-05,1.4969277995454334e-08,0,0,0,0
698,160,788961829.1839,788961760.0,0,GPS,2,0,L1,-332247734.2435,-88484161.39988,-164251760.5434,17371834.37899,3927355.678494,20254766.48755,9973739.733546,3602739.733546,21.70257286899,18.25399177632,0.6704146459525118,4.129636054931642,0.670539113573029,-0.00012452869525534272,6.107473817558115e-08,0,0,0,0
699,160,788961829.1839,788961760.0,0,GPS,4,0,L1,-332247734.2435,-88484161.39988,-164251760.5434,25455570.39561,-207894.7674016,-7718721.692367,17894659.05606,11523659.05606,42.27647326748,14.43988044748,0.16487835000398468,1.0154327707799282,0.16487830427542324,4.4248712781025134e-08,1.479848661677192e-09,0,0,0,0
700,160,788961829.1839,788961760.0,0,GPS,21,0,L1,-332247734.2435,-88484161.39988,-164251760.5434,18344526.22789,11315241.90672,16540913.35729,8107549.275625,1736549.275625,17.36219143946,22.37660107478,2.7995709888504274,17.2495096031291,2.8008450926417283,-0.0012754352001244458,1.3314088235869521e-06,0,0,0,0
701,160,788961829.1839,788961760.0,0,GPS,27,0,L1,-332247734.2435,-88484161.39988,-164251760.5434,19194571.07402,12834884.31254,-13751604.67322,22224462.91989,15853462.91989,55.78698320491,14.14167783345,0.024888518402104754,0.1532800214926401,0.024888452244451128,6.605532179043608e-08,1.0233183538476937e-10,0,0,0,0
702,161,788961830.1839,788961761.0,0,GPS,1,0,L1,-332255096.7488,-88459891.01337,-164252367.3121,16057767.1296,2606043.199668,20969800.19559,11343013.95429,4972013.954289,25.30215366835,10.66315273919,0.33739314967402445,2.0781651874780662,0.33743676782503695,-4.363314394802229e-05,1.4992935502123937e-08,0,0,0,0
703,161,788961830.1839,788961761.0,0,GPS,2,0,L1,-332255096.7488,-88459891.01337,-164252367.3121,17372815.53223,3929606.16418,20253494.82611,9971806.537318,3600806.537318,21.69814886057,18.26318846815,0.6711917677720877,4.134423440483096,0.671316453082202,-0.00012474652715281978,6.121703847071374e-08,0,0,0,0
704,161,788961830.1839,788961761.0,0,GPS,4,0,L1,-332255096.7488,-88459891.01337,-164252367.3121,25456479.02155,-207465.2892736,-7715754.31067,17892067.82162,11521067.82162,42.26892015478,14.4547975684,0.16497006313910578,1.0159976027806603,0.16497001742981524,4.4227702512520117e-08,1.481588030153783e-09,0,0,0,0
705,161,788961830.1839,788961761.0,0,GPS,21,0,L1,-332255096.7488,-88459891.01337,-164252367.3121,18345293.18679,11317076.10119,16538865.11872,8108211.165052,1737211.165052,17.36363089866,22.37348115712,2.7993763589577,17.24830855862428,2.80065007610591,-0.001275047845347887,1.3306971378486511e-06,0,0,0,0
706,161,788961830.1839,788961761.0,0,GPS,27,0,L1,-332255096.7488,-88459891.01337,-164252367.3121,19192884.2599,12834811.32841,-13754043.22267,22226392.98262,15855392.98262,55.79427584543,14.14139768698,0.024887696251851353,0.15327495832443236,0.024887630125437068,6.602407458457964e-08,1.0233970232763422e-10,0,0,0,0
707,162,788961831.1839,788961762.0,0,GPS,1,0,L1,-332262457.3017,-88435620.35629,-164252974.6828,16058426.35779,2608620.02344,20968975.30889,11341274.48063,4970274.480634,25.29799973574,10.67410392199,0.3376976341732473,2.0800407504113494,0.3377413075689769,-4.3688414125855176e-05,1.501839619693213e-08,0,0,0,0
708,162,788961831.1839,788961762.0,0,GPS,2,0,L1,-332262457.3017,-88435620.35629,-164252974.6828,17373797.10614,3931856.528049,20252223.16449,9969874.169966,3598874.169966,21.69372643123,18.27238247329,0.6719686725513027,4.139209538420996,0.672093583518411,-0.00012497233253319913,6.136542486455536e-08,0,0,0,0
709,162,788961831.1839,788961762.0,0,GPS,4,0,L1,-332262457.3017,-88435620.35629,-164252974.6828,25457387.84548,-207035.9449646,-7712786.928974,17889476.71658,11518476.71658,42.26136723152,14.46971915806,0.16508742164475643,1.0167203754043588,0.1650873757897198,4.437132414126475e-08,1.483712494607117e-09,0,0,0,0
710,162,788961831.1839,788961762.0,0,GPS,21,0,L1,-332262457.3017,-88435620.35629,-164252974.6828,18346060.51083,11318910.24382,16536816.88015,8108874.514918,1737874.514918,17.36507324631,22.37035502064,2.7991178795893727,17.246714194534302,2.8003911953063954,-0.0012746456920401958,1.3299750175742842e-06,0,0,0,0
711,162,788961831.1839,788961762.0,0,GPS,27,0,L1,-332262457.3017,-88435620.35629,-164252974.6828,19191197.53732,12834738.6584,-13756481.77211,22228323.1739,15857323.1739,55.80156863219,14.14111733601,0.024878854917813772,0.15322050753434505,0.02487878881738163,6.599813233344247e-08,1.0229980842605657e-10,0,0,0,0
712,163,788961832.1839,788961763.0,0,GPS,1,0,L1,-332269815.9012,-88411349.43149,-164253582.6555,16059086.04715,2611196.764342,20968150.42232,11339535.83435,4968535.834351,25.29384734656,10.68505347993,0.3380212338323689,2.082034050960541,0.3380649646577761,-4.3745870372559685e-05,1.504496533736484e-08,0,0,0,0
713,163,788961832.1839,788961763.0,0,GPS,2,0,L1,-332269815.9012,-88411349.43149,-164253582.6555,17374779.10057,3934106.769103,20250951.50305,9967942.632485,3596942.632485,21.68930558334,18.28157378652,0.6727169944628465,4.14381955801964,0.6728421236837211,-0.00012519072920003912,6.150832539207003e-08,0,0,0,0
714,163,788961832.1839,788961763.0,0,GPS,4,0,L1,-332269815.9012,-88411349.43149,-164253582.6555,25458296.86747,-206606.7339253,-7709819.546951,17886885.74065,11515885.74065,42.25381449714,14.48464522002,0.1651603891334439,1.0171697600809737,0.16516034347953615,4.416891705397184e-08,1.4849907043170962e-09,0,0,0,0
715,163,788961832.1839,788961763.0,0,GPS,21,0,L1,-332269815.9012,-88411349.43149,-164253582.6555,18346828.19991,11320744.33471,16534768.64158,8109539.324865,1738539.324865,17.36651848159,22.36722266735,2.7988174096342613,17.24486112747701,2.8000903082728983,-0.0012742278633667645,1.3292247298718465e-06,0,0,0,0
716,163,788961832.1839,788961763.0,0,GPS,27,0,L1,-332269815.9012,-88411349.43149,-164253582.6555,19189510.90621,12834666.30263,-13758920.32156,22230253.49367,15859253.49367,55.80886156479,14.14083678062,0.024859858810617048,0.1531035169331232,0.024859792767125344,6.594133223485996e-08,1.0215946693439723e-10,0,0,0,0
717,164,788961833.1839,788961764.0,0,GPS,1,0,L1,-332277172.547,-88387078.23938,-164254191.2296,16059746.19769,2613773.422886,20967325.53574,11337798.01556,4966798.015564,25.28969650121,10.69600140962,0.3383192407942902,2.0838697066116345,0.3383630245586334,-4.37988336369905e-05,1.5069293822736725e-08,0,0,0,0
718,164,788961833.1839,788961764.0,0,GPS,2,0,L1,-332277172.547,-88387078.23938,-164254191.2296,17375761.51562,3936356.888367,20249679.84144,9966011.92483,3595011.92483,21.68488631689,18.29076240698,0.6734353636335899,4.148245009702048,0.6735606951047397,-0.0001253931112305984,6.164008078862505e-08,0,0,0,0
719,164,788961833.1839,788961764.0,0,GPS,4,0,L1,-332277172.547,-88387078.23938,-164254191.2296,25459206.08734,-206177.6569634,-7706852.165255,17884294.8945,11513294.8945,42.24626195387,14.49957575244,0.1652020976495551,1.0174266275278723,0.16520205167557522,4.4487799033181225e-08,1.4861808323903008e-09,0,0,0,0
720,164,788961833.1839,788961764.0,0,GPS,21,0,L1,-332277172.547,-88387078.23938,-164254191.2296,18347596.25403,11322578.37381,16532720.403,8110205.594534,1739205.594534,17.36796660369,22.36408409923,2.7986145522365065,17.2436092783305,2.799887042463064,-0.0012738187008818646,1.3284743243044591e-06,0,0,0,0
721,164,788961833.1839,788961764.0,0,GPS,27,0,L1,-332277172.547,-88387078.23938,-164254191.2296,19187824.36694,12834594.2608,-13761358.87069,22232183.9416,15861183.9416,55.81615464189,14.1405560209,0.024850294751656295,0.1530446151876448,0.02485022874654929,6.590300627914787e-08,1.0210072707578838e-10,0,0,0,0
722,165,788961834.1839,788961765.0,0,GPS,1,0,L1,-332284527.2383,-88362806.78281,-164254800.4051,16060395.88933,2616350.79872,20966494.86699,11336060.2035,4965060.203502,25.28555655717,10.7068813683,0.33863538256592485,2.0858170834986365,0.33867922491000424,-4.385744037151804e-05,1.5096292116233324e-08,0,0,0,0
723,165,788961834.1839,788961765.0,0,GPS,2,0,L1,-332284527.2383,-88362806.78281,-164254800.4051,17376733.98511,3938607.896153,20248402.83719,9964081.532928,3593081.532928,21.68047635959,18.29992320329,0.6741889831331132,4.152887648877465,0.6743145317905673,-0.0001256104401313942,6.178267720219174e-08,0,0,0,0
724,165,788961834.1839,788961765.0,0,GPS,4,0,L1,-332284527.2383,-88362806.78281,-164254800.4051,25460105.86033,-205746.7768995,-7703882.453711,17881697.77029,11510697.77029,42.23871036187,14.51455750715,0.16554317174020175,1.0195271927134197,0.16554312558591108,4.466461198422848e-08,1.4896786874418006e-09,0,0,0,0
725,165,788961834.1839,788961765.0,0,GPS,21,0,L1,-332284527.2383,-88362806.78281,-164254800.4051,18348355.01167,11324410.46878,16530667.83691,8110874.192037,1739874.192037,17.36942609185,22.36091904731,2.7983865089890685,17.242202331354783,2.7996585930390974,-0.0012734117790286553,1.327728999914075e-06,0,0,0,0
726,165,788961834.1839,788961765.0,0,GPS,27,0,L1,-332284527.2383,-88362806.78281,-164254800.4051,19186131.27022,12834514.22949,-13763793.82938,22234106.60562,15863106.60562,55.82345096339,14.14028062349,0.024846874502304276,0.15302355113029478,0.024846808524002825,6.58762187474758e-08,1.0208270316791166e-10,0,0,0,0
727,166,788961835.1839,788961766.0,0,GPS,1,0,L1,-332291879.976,-88338535.05736,-164255410.1815,16061045.29648,2618928.035512,20965663.60159,11334323.02404,4963323.024043,25.28141863411,10.71780423863,0.33894030088451055,2.087695315833093,0.33898419809114616,-4.391232824452134e-05,1.5121608912954417e-08,0,0,0,0
728,166,788961835.1839,788961766.0,0,GPS,2,0,L1,-332291879.976,-88338535.05736,-164255410.1815,17377706.11081,3940858.713177,20247125.25738,9962151.808498,3591151.808498,21.67606839796,18.30909090745,0.6749540864965865,4.157600982239407,0.6750798472644857,-0.00012582268943810813,6.192153899295928e-08,0,0,0,0
729,166,788961835.1839,788961766.0,0,GPS,4,0,L1,-332291879.976,-88338535.05736,-164255410.1815,25461005.11932,-205316.0835123,-7700912.514932,17879100.30507,11508100.30507,42.23115904648,14.52948393957,0.16563409598096285,1.020087165527345,0.16563404974224824,4.4747396953061975e-08,1.491317648211799e-09,0,0,0,0
730,166,788961835.1839,788961766.0,0,GPS,21,0,L1,-332291879.976,-88338535.05736,-164255410.1815,18349113.38724,11326242.16722,16528614.78052,8111544.111211,1740544.111211,17.3708887874,22.35774949727,2.798066699765447,17.24023011197917,2.7993383589520486,-0.0012729861696024122,1.3269830004884014e-06,0,0,0,0
731,166,788961835.1839,788961766.0,0,GPS,27,0,L1,-332291879.976,-88338535.05736,-164255410.1815,19184437.89904,12834434.125,-13766228.5865,22236028.98564,15865028.98564,55.83074759622,14.13999851479,0.02483238504255152,0.1529343159071605,0.024832319182418235,6.575812077128939e-08,1.0201251402472776e-10,0,0,0,0
732,167,788961836.1839,788961767.0,0,GPS,1,0,L1,-332299230.7594,-88314263.06588,-164256020.5587,16061695.16492,2621505.192051,20964832.33606,11332586.67469,4961586.674686,25.27728225677,10.72872545197,0.3392569004870936,2.0896455067841195,0.33930085536898,-4.3970030154872144e-05,1.514826848080742e-08,0,0,0,0
733,167,788961836.1839,788961767.0,0,GPS,2,0,L1,-332299230.7594,-88314263.06588,-164256020.5587,17378678.65716,3943109.40935,20245847.67757,9960222.917528,3589222.917528,21.67166202189,18.31825590446,0.6757759275285767,4.1626639531860326,0.6759019342487715,-0.00012606880644090422,6.208624605689745e-08,0,0,0,0
734,167,788961836.1839,788961767.0,0,GPS,4,0,L1,-332299230.7594,-88314263.06588,-164256020.5587,25461904.5766,-204885.5219905,-7697942.575824,17876502.96927,11505502.96927,42.2236079154,14.54441484609,0.16573515090263138,1.020709530817668,0.1657351047176845,4.4691748161305646e-08,1.4931987460372306e-09,0,0,0,0
735,167,788961836.1839,788961767.0,0,GPS,21,0,L1,-332299230.7594,-88314263.06588,-164256020.5587,18349872.12751,11328073.81527,16526561.72413,8112215.48921,1741215.48921,17.37235436883,22.354573736,2.797860087011379,17.23895525484211,2.799131357278476,-0.0012725965381967456,1.3262710997401486e-06,0,0,0,0
736,167,788961836.1839,788961767.0,0,GPS,27,0,L1,-332299230.7594,-88314263.06588,-164256020.5587,19182744.61821,12834354.33572,-13768663.34362,22237951.49344,15866951.49344,55.83804437905,14.1397162017,0.024814542417784937,0.15282442906538646,0.02481447658697002,6.57289013021361e-08,1.0191361690500234e-10,0,0,0,0
737,168,788961837.1839,788961768.0,0,GPS,1,0,L1,-332306579.588,-88289990.80879,-164256631.5364,16062345.49459,2624082.267152,20964001.07066,11330851.15629,4959851.15629,25.27314742721,10.73964500102,0.33956027526445026,2.0915142297220233,0.3396042844861292,-4.402439512436092e-05,1.5173445389128586e-08,0,0,0,0
738,168,788961837.1839,788961768.0,0,GPS,2,0,L1,-332306579.588,-88289990.80879,-164256631.5364,17379651.62417,3945359.98462,20244570.09776,9958294.860497,3587294.860497,21.66725723257,18.32741819128,0.6766528374395647,4.1680663591505756,0.6767791361276876,-0.00012636099046245264,6.230233963242894e-08,0,0,0,0
739,168,788961837.1839,788961768.0,0,GPS,4,0,L1,-332306579.588,-88289990.80879,-164256631.5364,25462804.23196,-204455.0931423,-7694972.637045,17873905.76359,11502905.76359,42.21605697086,14.55935022488,0.16580881232392342,1.0211631882603962,0.16580876618699236,4.464218693317247e-08,1.4947441290875105e-09,0,0,0,0
740,168,788961837.1839,788961768.0,0,GPS,21,0,L1,-332306579.588,-88289990.80879,-164256631.5364,18350631.23246,11329905.41336,16524508.66747,8112888.325818,1741888.325818,17.37382283561,22.35139176513,2.7975677895162288,17.237152423380522,2.7988386271216057,-0.0012721630974833135,1.3254921063866532e-06,0,0,0,0
741,168,788961837.1839,788961768.0,0,GPS,27,0,L1,-332306579.588,-88289990.80879,-164256631.5364,19181051.42743,12834274.86191,-13771098.10105,22239874.12929,15868874.12929,55.84534131241,14.13943368425,0.02481229704638672,0.15281060073852523,0.02481223124769257,6.569678632861019e-08,1.0190782490874433e-10,0,0,0,0
742,169,788961838.1839,788961769.0,0,GPS,1,0,L1,-332313926.4616,-88265718.2865,-164257243.1143,16062996.28555,2626659.261893,20963169.80513,11329116.46874,4958116.468738,25.26901414529,10.75056288365,0.33986393406800364,2.0933847081136716,0.33990799864059945,-4.4079771568744614e-05,1.5198972907380356e-08,0,0,0,0
743,169,788961838.1839,788961769.0,0,GPS,2,0,L1,-332313926.4616,-88265718.2865,-164257243.1143,17380625.01181,3947610.43894,20243292.51795,9956367.637882,3585367.637882,21.66285403118,18.33657776484,0.6771126534129829,4.170898910874047,0.677239064483732,-0.0001264734193053625,6.234855628646535e-08,0,0,0,0
744,169,788961838.1839,788961769.0,0,GPS,4,0,L1,-332313926.4616,-88265718.2865,-164257243.1143,25463704.08558,-204024.7962128,-7692002.697938,17871308.6874,11500308.6874,42.20850621139,14.57429008132,0.16590952904093156,1.0217834693400059,0.16590948274403394,4.480033647348635e-08,1.4965611540280021e-09,0,0,0,0
745,169,788961838.1839,788961769.0,0,GPS,21,0,L1,-332313926.4616,-88265718.2865,-164257243.1143,18351390.70213,11331736.96047,16522455.61109,8113562.620384,1742562.620384,17.37529418631,22.34820358741,2.797626756542655,17.237513207204188,2.7988972084740777,-0.0012717766762337314,1.3247448108100866e-06,0,0,0,0
746,169,788961838.1839,788961769.0,0,GPS,27,0,L1,-332313926.4616,-88265718.2865,-164257243.1143,19179358.32742,12834195.703,-13773532.85817,22241796.89256,15870796.89256,55.85263839403,14.13915096257,0.024796936805767677,0.152716002146403,0.024796871042758493,6.566118845874233e-08,1.0182072587202021e-10,0,0,0,0
747,170,788961839.1839,788961770.0,0,GPS,1,0,L1,-332321271.3795,-88241445.50186,-164257855.2921,16063647.5377,2629236.175208,20962338.53973,11327382.61289,4956382.61289,25.26488241311,10.76147909254,0.3401755226592297,2.095304040234882,0.34021964529470883,-4.4137861291807576e-05,1.5225812643422476e-08,0,0,0,0
748,170,788961839.1839,788961770.0,0,GPS,2,0,L1,-332321271.3795,-88241445.50186,-164257855.2921,17381598.82005,3949860.772386,20242014.93814,9954441.250161,3583441.250161,21.65845241892,18.34573462209,0.677847654774738,4.175426871528624,0.6779742805374538,-0.00012668825228868554,6.248957280446181e-08,0,0,0,0
749,170,788961839.1839,788961770.0,0,GPS,4,0,L1,-332321271.3795,-88241445.50186,-164257855.2921,25464604.13727,-203594.6318247,-7689032.75916,17868711.74139,11497711.74139,42.20095563921,14.58923441356,0.16601428522545775,1.0224286288960778,0.1660142388801891,4.4846820356979375e-08,1.4984482933133747e-09,0,0,0,0
750,170,788961839.1839,788961770.0,0,GPS,21,0,L1,-332321271.3795,-88241445.50186,-164257855.2921,18352150.53642,11333568.45718,16520402.5547,8114238.372689,1743238.372689,17.37676842041,22.34500920448,2.79740215047303,17.23612753631591,2.798672213700502,-0.0012713872456252729,1.3240181531557755e-06,0,0,0,0
751,170,788961839.1839,788961770.0,0,GPS,27,0,L1,-332321271.3795,-88241445.50186,-164257855.2921,19177665.31778,12834116.85939,-13775967.61528,22243719.7835,15872719.7835,55.85993562446,14.13886803673,0.024786391321893177,0.15265105610529586,0.02478632559510771,6.56250415448969e-08,1.017439214922822e-10,0,0,0,0
752,171,788961840.1839,788961771.0,0,GPS,1,0,L1,-332328614.3424,-88217172.45046,-164258468.0695,16064299.25114,2631813.007937,20961507.2742,11325649.58863,4954649.588627,25.26075223051,10.77239362555,0.3405084757207478,2.0973549618387226,0.3405526584551796,-4.419798805878129e-05,1.5253626993316284e-08,0,0,0,0
753,171,788961840.1839,788961771.0,0,GPS,2,0,L1,-332328614.3424,-88217172.45046,-164258468.0695,17382573.04893,3952110.984656,20240737.35833,9952515.697813,3581515.697813,21.65405239695,18.35488875997,0.678566153015322,4.17985319136302,0.6786929929224356,-0.00012690253772464216,6.263061099256992e-08,0,0,0,0
754,171,788961840.1839,788961771.0,0,GPS,4,0,L1,-332328614.3424,-88217172.45046,-164258468.0695,25465504.38708,-203164.5999845,-7686062.820382,17866114.92527,11495114.92527,42.19340525378,14.60418322517,0.1661019532749693,1.0229685492451994,0.1661019070687375,4.4705967684248894e-08,1.5002640960261687e-09,0,0,0,0
755,171,788961840.1839,788961771.0,0,GPS,21,0,L1,-332328614.3424,-88217172.45046,-164258468.0695,18352910.73549,11335399.90318,16518349.49831,8114915.582371,1743915.582371,17.37824553708,22.34180861835,2.7971159412698228,17.234362186950705,2.7983855696033593,-0.0012709515841890064,1.3232506524406397e-06,0,0,0,0
756,171,788961840.1839,788961771.0,0,GPS,27,0,L1,-332328614.3424,-88217172.45046,-164258468.0695,19175972.39874,12834038.3308,-13778402.3724,22245642.80206,15874642.80206,55.86723300328,14.13858490678,0.02478774230255979,0.15265937647183733,0.024787676593387247,6.560739508367564e-08,1.0177746094972249e-10,0,0,0,0
757,172,788961841.1839,788961772.0,0,GPS,1,0,L1,-332335955.3496,-88192899.13513,-164259081.4463,16064951.42577,2634389.759016,20960676.0088,11323917.39681,4952917.39681,25.25662359959,10.78330647538,0.34081129982906094,2.0992203032382335,0.34085553850366374,-4.4253954030530165e-05,1.527942772567269e-08,0,0,0,0
758,172,788961841.1839,788961772.0,0,GPS,2,0,L1,-332335955.3496,-88192899.13513,-164259081.4463,17383547.69835,3954361.07529,20239459.77869,9950590.981575,3579590.981575,21.64965396704,18.36404017432,0.6793231568046644,4.1845166495094315,0.679450210035538,-0.0001271160011116997,6.277023816821528e-08,0,0,0,0
759,172,788961841.1839,788961772.0,0,GPS,4,0,L1,-332335955.3496,-88192899.13513,-164259081.4463,25466404.83511,-202734.7001427,-7683092.881276,17863518.23875,11492518.23875,42.18585505454,14.61913651973,0.16620100012976477,1.0235785466893514,0.16620095384672054,4.478103349850364e-08,1.5020107444761814e-09,0,0,0,0
760,172,788961841.1839,788961772.0,0,GPS,21,0,L1,-332335955.3496,-88192899.13513,-164259081.4463,18353671.29925,11337231.29856,16516296.44192,8115594.249065,1744594.249065,17.37972553551,22.33860183106,2.7968336219905194,17.232620838653585,2.7981028226183855,-0.0012705231216148455,1.3224937488863556e-06,0,0,0,0
761,172,788961841.1839,788961772.0,0,GPS,27,0,L1,-332335955.3496,-88192899.13513,-164259081.4463,19174279.57023,12833960.11734,-13780837.12951,22247565.94821,15876565.94821,55.87453053011,14.13830157281,0.024771571284021916,0.15255978477636986,0.024771505646042326,6.553633181960623e-08,1.0164777044234756e-10,0,0,0,0
762,173,788961842.1839,788961773.0,0,GPS,1,0,L1,-332343294.4008,-88168625.55629,-164259695.4222,16065604.06165,2636966.42952,20959844.74327,11322186.03732,4951186.037322,25.25249652019,10.79421763986,0.3411247303256781,2.101150963126819,0.3411690244750865,-4.430945458921464e-05,1.530518078159651e-08,0,0,0,0
763,173,788961842.1839,788961773.0,0,GPS,2,0,L1,-332343294.4008,-88168625.55629,-164259695.4222,17384522.76841,3956611.045313,20238182.19888,9948667.101407,3577667.101407,21.64525712924,18.37318886426,0.6801368617823861,4.189529443852745,0.6802641497219362,-0.0001273508649558668,6.292540576871475e-08,0,0,0,0
764,173,788961842.1839,788961773.0,0,GPS,4,0,L1,-332343294.4008,-88168625.55629,-164259695.4222,25467305.48115,-202304.9331077,-7680122.942498,17860921.68251,11489921.68251,42.17830504372,14.6340942954,0.16630703138429095,1.0242315592447926,0.1663069850936036,4.47866704225036e-08,1.5040169545244985e-09,0,0,0,0
765,173,788961842.1839,788961773.0,0,GPS,21,0,L1,-332343294.4008,-88168625.55629,-164259695.4222,18354432.22769,11339062.64327,16514243.38553,8116274.372406,1745274.372406,17.38120841485,22.33538884461,2.7966115147718105,17.23125046473694,2.797880311651533,-0.001270118641365503,1.3217616426782707e-06,0,0,0,0
766,173,788961842.1839,788961773.0,0,GPS,27,0,L1,-332343294.4008,-88168625.55629,-164259695.4222,19172586.83229,12833882.21901,-13783271.88663,22249489.22189,15878489.22189,55.88182820453,14.1380180349,0.024766001003648487,0.15252547944227873,0.02476593540498323,6.549704437895452e-08,1.0162087753623306e-10,0,0,0,0
767,174,788961843.1839,788961774.0,0,GPS,1,0,L1,-332350631.4951,-88144351.71678,-164260309.9969,16066257.15872,2639543.018947,20959013.47774,11320455.51078,4949455.510778,25.24837099384,10.80512711297,0.34143753174368696,2.103077768077851,0.3414818845108638,-4.436809958154584e-05,1.5332404700061618e-08,0,0,0,0
768,174,788961843.1839,788961774.0,0,GPS,2,0,L1,-332350631.4951,-88144351.71678,-164260309.9969,17385498.25901,3958860.894265,20236904.61907,9946744.058047,3575744.058047,21.64086188528,18.38233482564,0.6809129652214962,4.194310580884931,0.6810404746437425,-0.00012757249346461252,6.30712183614322e-08,0,0,0,0
769,174,788961843.1839,788961774.0,0,GPS,4,0,L1,-332350631.4951,-88144351.71678,-164260309.9969,25468206.32529,-201875.2983297,-7677153.003721,17858325.25625,11487325.25625,42.17075522077,14.64905655575,0.16639663653178213,1.0247834086354577,0.16639659022982387,4.479628524656815e-08,1.5056730149942103e-09,0,0,0,0
770,174,788961843.1839,788961774.0,0,GPS,21,0,L1,-332350631.4951,-88144351.71678,-164260309.9969,18355193.52073,11340893.93742,16512190.32914,8116955.952029,1745955.952029,17.38269417428,22.33216966103,2.79634845441053,17.22962781275434,2.797616837677658,-0.001269704281448437,1.321014320476525e-06,0,0,0,0
771,174,788961843.1839,788961774.0,0,GPS,27,0,L1,-332350631.4951,-88144351.71678,-164260309.9969,19170894.18488,12833804.63592,-13785706.64374,22251412.62308,15880412.62308,55.88912602615,14.13773429311,0.02474482553564451,0.15239506694634766,0.02474476000883275,6.542531834196174e-08,1.0149341734603019e-10,0,0,0,0
772,175,788961844.1839,788961775.0,0,GPS,1,0,L1,-332357966.6335,-88120077.6122,-164260925.1702,16066910.71698,2642119.526446,20958182.21233,11318725.81779,4947725.817792,25.24424702207,10.81603488868,0.34176295047245153,2.1050822768465682,0.34180736150569974,-4.4426392555059156e-05,1.5359306831201723e-08,0,0,0,0
773,175,788961844.1839,788961775.0,0,GPS,2,0,L1,-332357966.6335,-88120077.6122,-164260925.1702,17386474.17021,3961110.621843,20235627.03926,9944821.851974,3573821.851974,21.63646823637,18.39147805538,0.681656545767315,4.198891453374227,0.6817842821215699,-0.00012779957603005834,6.322177517553183e-08,0,0,0,0
774,175,788961844.1839,788961775.0,0,GPS,4,0,L1,-332357966.6335,-88120077.6122,-164260925.1702,25469107.36759,-201445.7958153,-7674183.064616,17855728.95969,11484728.95969,42.16320558514,14.66402330435,0.16660041546611715,1.0260384163792933,0.16660036890883695,4.504913150085758e-08,1.508148695242169e-09,0,0,0,0
775,175,788961844.1839,788961775.0,0,GPS,21,0,L1,-332357966.6335,-88120077.6122,-164260925.1702,18355955.1785,11342725.18117,16510137.27248,8117638.987714,1746638.987714,17.38418281327,22.32894428198,2.796063667542719,17.22787120004271,2.79733161217234,-0.00126926485943297,1.3202298116792773e-06,0,0,0,0
776,175,788961844.1839,788961775.0,0,GPS,27,0,L1,-332357966.6335,-88120077.6122,-164260925.1702,19169201.6282,12833727.36779,-13788141.40086,22253336.15172,15882336.15172,55.89642399457,14.13745034753,0.024738322916283747,0.15235501956144973,0.02473825741693042,6.53978854768295e-08,1.014678487621142e-10,0,0,0,0
777,176,788961845.1839,788961776.0,0,GPS,1,0,L1,-332365299.8151,-88095803.24536,-164261540.9417,16067564.73647,2644695.953209,20957350.94681,11316996.95825,4945996.95825,25.24012460473,10.82694096482,0.34208381302272756,2.107058720758757,0.342128281541092,-4.448390436572108e-05,1.5386001270593565e-08,0,0,0,0
778,176,788961845.1839,788961776.0,0,GPS,2,0,L1,-332365299.8151,-88095803.24536,-164261540.9417,17387450.50196,3963360.228125,20234349.45944,9942900.483667,3571900.483667,21.63207618369,18.40061855044,0.6823765761371247,4.203327157188421,0.6825045182063187,-0.000128005425840948,6.335664683312454e-08,0,0,0,0
779,176,788961845.1839,788961776.0,0,GPS,4,0,L1,-332365299.8151,-88095803.24536,-164261540.9417,25470008.60787,-201016.4261873,-7671213.12584,17853132.79351,11482132.79351,42.15565613906,14.67899453936,0.16666924622516793,1.0264623234558103,0.16666919973836872,4.4977185011802043e-08,1.5096142030027113e-09,0,0,0,0
780,176,788961845.1839,788961776.0,0,GPS,21,0,L1,-332365299.8151,-88095803.24536,-164261540.9417,18356717.20098,11344556.37364,16508084.21609,8118323.478803,1747323.478803,17.38567433038,22.32571271024,2.7959291051564836,17.227039879130047,2.7971966285610828,-0.001268842871094502,1.3194664954834525e-06,0,0,0,0
781,176,788961845.1839,788961776.0,0,GPS,27,0,L1,-332365299.8151,-88095803.24536,-164261540.9417,19167509.16221,12833650.41475,-13790576.15797,22255259.80777,15884259.80777,55.90372210939,14.13716619823,0.024738080979118338,0.15235352960427595,0.024738015488937427,6.538868454664023e-08,1.0149636215562994e-10,0,0,0,0
782,177,788961846.1839,788961777.0,0,GPS,1,0,L1,-332372631.0397,-88071528.6167,-164262157.3112,16068219.21711,2647272.298054,20956519.6814,11315268.93301,4944268.933009,25.23600374392,10.83784533408,0.34242414796771364,2.1091551286427186,0.34246868042019424,-4.454786815755158e-05,1.541567695820975e-08,0,0,0,0
783,177,788961846.1839,788961777.0,0,GPS,2,0,L1,-332372631.0397,-88071528.6167,-164262157.3112,17388427.25424,3965609.713061,20233071.87963,9940979.953606,3569979.953606,21.62768572842,18.40975630772,0.6831448756004393,4.208060332175576,0.6832730554134857,-0.00012824332907030602,6.351602396112654e-08,0,0,0,0
784,177,788961846.1839,788961777.0,0,GPS,4,0,L1,-332372631.0397,-88071528.6167,-164262157.3112,25470910.04619,-200587.1890816,-7668243.187064,17850536.75742,11479536.75742,42.14810688198,14.69397026435,0.16685077719495334,1.027580317001342,0.1668507310866593,4.459531159634649e-08,1.5129824344052165e-09,0,0,0,0
785,177,788961846.1839,788961777.0,0,GPS,21,0,L1,-332372631.0397,-88071528.6167,-164262157.3112,18357479.58813,11346387.51527,16506031.1597,8119009.425074,1748009.425074,17.38716872507,22.32247494747,2.7955871168521083,17.224931096318556,2.7968542203347107,-0.0012684221889534633,1.3187063509135362e-06,0,0,0,0
786,177,788961846.1839,788961777.0,0,GPS,27,0,L1,-332372631.0397,-88071528.6167,-164262157.3112,19165816.78694,12833573.77677,-13793010.91508,22257183.5912,15886183.5912,55.91102037021,14.13688184528,0.024721256239527156,0.15224991175651542,0.024721190805390626,6.533276769198845e-08,1.0136883658616791e-10,0,0,0,0
787,178,788961847.1839,788961778.0,0,GPS,1,0,L1,-332379960.3069,-88047253.72664,-164262774.2784,16068874.15893,2649848.562174,20955688.41584,11313541.74191,4942541.741915,25.23188443941,10.84874799428,0.3427714674243301,2.1112945665248244,0.34281606618541166,-4.46142077133042e-05,1.5446631753187163e-08,0,0,0,0
788,178,788961847.1839,788961778.0,0,GPS,2,0,L1,-332379960.3069,-88047253.72664,-164262774.2784,17389404.42702,3967859.07672,20231794.29979,9939060.262238,3568060.262238,21.6232968717,18.41889132418,0.6842673408022777,4.214975194270449,0.6843958384960382,-0.00012856143580462374,6.374204411185199e-08,0,0,0,0
789,178,788961847.1839,788961778.0,0,GPS,4,0,L1,-332379960.3069,-88047253.72664,-164262774.2784,25471811.68261,-200158.0840158,-7665273.247986,17847940.8511,11476940.8511,42.14055781334,14.70895048291,0.16685307633092725,1.0275944746526093,0.16685302989914658,4.491867098559761e-08,1.5131096902927763e-09,0,0,0,0
790,178,788961847.1839,788961778.0,0,GPS,21,0,L1,-332379960.3069,-88047253.72664,-164262774.2784,18358242.33993,11348218.60614,16503978.10328,8119696.826224,1748696.826224,17.38866599664,22.31923099572,2.7953065618886908,17.223200639612813,2.796573241844085,-0.0012679979197118725,1.3179643173913133e-06,0,0,0,0
791,178,788961847.1839,788961778.0,0,GPS,27,0,L1,-332379960.3069,-88047253.72664,-164262774.2784,19164124.50275,12833497.4537,-13795445.6719,22259107.50173,15888107.50173,55.91831877576,14.1365972888,0.02461944891268972,0.15162291167577116,0.02461938326768996,6.554387233184249e-08,1.011274316147045e-10,0,0,0,0
792,179,788961848.1839,788961779.0,0,GPS,1,0,L1,-332387287.6159,-88022978.57801,-164263391.8431,16069529.5619,2652424.744266,20954857.15044,11311815.3859,4940815.385904,25.22776669342,10.85964893809,0.3432019521770692,2.113946303160984,0.34324663515318216,-4.4698462888336607e-05,1.5486775385330745e-08,0,0,0,0
793,179,788961848.1839,788961779.0,0,GPS,2,0,L1,-332387287.6159,-88022978.57801,-164263391.8431,17390382.02031,3970108.318943,20230516.71997,9937141.410105,3566141.410105,21.61890961481,18.42802359672,0.6847667511654585,4.218051846935276,0.6848954021193704,-0.00012871478407203935,6.383016016251895e-08,0,0,0,0
794,179,788961848.1839,788961779.0,0,GPS,4,0,L1,-332387287.6159,-88022978.57801,-164263391.8431,25472713.51699,-199729.111849,-7662303.309211,17845345.07529,11474345.07529,42.13300893538,14.72393519319,0.1669840296968392,1.0284009730148307,0.16698398301213485,4.5169219224140084e-08,1.5154851313285182e-09,0,0,0,0
795,179,788961848.1839,788961779.0,0,GPS,21,0,L1,-332387287.6159,-88022978.57801,-164263391.8431,18359005.45633,11350049.64609,16501925.04689,8120385.681755,1749385.681755,17.390166144,22.31598085703,2.79514921976219,17.222229010553992,2.79641547605573,-0.0012675734830103346,1.3171894702010314e-06,0,0,0,0
796,179,788961848.1839,788961779.0,0,GPS,27,0,L1,-332387287.6159,-88022978.57801,-164263391.8431,19162432.30895,12833421.44596,-13797880.42901,22261031.53977,15890031.53977,55.92561732738,14.13631252879,0.02459834289482364,0.15149292684713994,0.024598277312925684,6.548092905317036e-08,1.0096890340033424e-10,0,0,0,0
797,180,788961849.1839,788961780.0,0,GPS,1,0,L1,-332394612.9678,-87998703.1664,-164264010.0049,16070185.42607,2655000.845293,20954025.88491,11310089.86482,4939089.864822,25.22365050575,10.87054816334,0.34442190545819434,2.121461287522316,0.34446686155694606,-4.49717399989589e-05,1.5641247258165614e-08,0,0,0,0
798,180,788961849.1839,788961780.0,0,GPS,2,0,L1,-332394612.9678,-87998703.1664,-164264010.0049,17391360.03406,3972357.439008,20229239.14034,9935223.397913,3564223.397913,21.61452395948,18.43715312121,0.6853797322567924,4.221828022381463,0.6855085489688025,-0.00012888064508099955,6.39330708451856e-08,0,0,0,0
799,180,788961849.1839,788961780.0,0,GPS,4,0,L1,-332394612.9678,-87998703.1664,-164264010.0049,25473615.54937,-199300.2724696,-7659333.370436,17842749.42966,11471749.42966,42.12546024754,14.73892439875,0.16705690923167024,1.0288498159535726,0.16705686273864687,4.497617430922225e-08,1.5168490654903155e-09,0,0,0,0
800,180,788961849.1839,788961780.0,0,GPS,21,0,L1,-332394612.9678,-87998703.1664,-164264010.0049,18359768.93748,11351880.63495,16499871.9905,8121075.991361,1750075.991361,17.39166916641,22.31272453344,2.794852301047301,17.220397667404164,2.7961181163862587,-0.0012671317495982525,1.3164106406491327e-06,0,0,0,0
801,180,788961849.1839,788961780.0,0,GPS,27,0,L1,-332394612.9678,-87998703.1664,-164264010.0049,19160740.20607,12833345.75311,-13800315.18612,22262955.70506,15891955.70506,55.93291602379,14.13602756538,0.024597728076596062,0.151489140558243,0.024597662523930502,6.545168825859487e-08,1.009773027488787e-10,0,0,0,0
