link_id,epoch_index,t_tdb,t_utc,gnss_const_id,gnss_const,prn,frequency_id,frequency,rx_x_ecef_m,rx_y_ecef_m,rx_z_ecef_m,tx_x_ecef_m,tx_y_ecef_m,tx_z_ecef_m,tangent_radius_earth_center_m,tangent_altitude_m,tx_boresight_angle_deg,cn0_dbhz,ionosphere_plasma_delay_m,tecu,tec_delay_m,second_delay_m,third_delay_m,dist_bend_m,tec_delay_bend_m,max_sep_line_m,final_pos_err_m
0,0,7.889616691839e+08,7.889616000000e+08,0,GPS,2,0,L1,-3.310447687442e+08,-9.236366968537e+07,-1.641626091078e+08,1.721598890297e+07,3.566016871995e+06,2.045584028812e+07,1.029299490177e+07,3.921994901771e+06,2.243296289466e+01,1.661526539424e+01,0,0,0,0,0,0,0,0,0
1,0,7.889616691839e+08,7.889616000000e+08,0,GPS,4,0,L1,-3.310447687442e+08,-9.236366968537e+07,-1.641626091078e+08,2.530866785798e+07,-2.776258187447e+05,-8.192489235043e+06,1.830818242168e+07,1.193718242168e+07,4.348766936906e+01,1.213175435346e+01,0,0,0,0,0,0,0,0,0
2,0,7.889616691839e+08,7.889616000000e+08,0,GPS,21,0,L1,-3.310447687442e+08,-9.236366968537e+07,-1.641626091078e+08,1.822249588581e+07,1.102017716155e+07,1.686669087742e+07,8.020895186796e+06,1.649895186796e+06,1.717285577861e+01,2.278648113183e+01,0,0,0,0,0,0,0,0,0
3,0,7.889616691839e+08,7.889616000000e+08,0,GPS,27,0,L1,-3.310447687442e+08,-9.236366968537e+07,-1.641626091078e+08,1.946286716974e+07,1.284728571365e+07,-1.335987923507e+07,2.191406394186e+07,1.554306394186e+07,5.462334357549e+01,1.415939066860e+01,0,0,0,0,0,0,0,0,0
4,1,7.889616701839e+08,7.889616010000e+08,0,GPS,2,0,L1,-3.310524401599e+08,-9.233944778929e+07,-1.641631163489e+08,1.721695830818e+07,3.568283588772e+06,2.045460128280e+07,1.029094188059e+07,3.919941880590e+06,2.242826343987e+01,1.662660301232e+01,0,0,0,0,0,0,0,0,0
5,1,7.889616701839e+08,7.889616010000e+08,0,GPS,4,0,L1,-3.310524401599e+08,-9.233944778929e+07,-1.641631163489e+08,2.530959909814e+07,-2.771837347670e+05,-8.189535575307e+06,1.830560724558e+07,1.193460724558e+07,4.348008275290e+01,1.214554541133e+01,0,0,0,0,0,0,0,0,0
6,1,7.889616701839e+08,7.889616010000e+08,0,GPS,21,0,L1,-3.310524401599e+08,-9.233944778929e+07,-1.641631163489e+08,1.822325683467e+07,1.102203272137e+07,1.686466908681e+07,8.021317735348e+06,1.650317735348e+06,1.717378333059e+01,2.278448381151e+01,0,0,0,0,0,0,0,0,0
7,1,7.889616701839e+08,7.889616010000e+08,0,GPS,27,0,L1,-3.310524401599e+08,-9.233944778929e+07,-1.641631163489e+08,1.946120287866e+07,1.284720557630e+07,-1.336233921069e+07,2.191601656688e+07,1.554501656688e+07,5.463059590704e+01,1.415961906134e+01,0,0,0,0,0,0,0,0,0
8,2,7.889616711839e+08,7.889616020000e+08,0,GPS,2,0,L1,-3.310601096680e+08,-9.231522555488e+07,-1.641636242297e+08,1.721792813551e+07,3.570550183113e+06,2.045336227748e+07,1.028888960662e+07,3.917889606623e+06,2.242356538451e+01,1.663793801105e+01,0,0,0,0,0,0,0,0,0
9,2,7.889616711839e+08,7.889616020000e+08,0,GPS,4,0,L1,-3.310601096680e+08,-9.231522555488e+07,-1.641636242297e+08,2.531053053734e+07,-2.767417880920e+05,-8.186581915571e+06,1.830303219244e+07,1.193203219244e+07,4.347249629746e+01,1.215934013415e+01,0,0,0,0,0,0,0,0,0
10,2,7.889616711839e+08,7.889616020000e+08,0,GPS,21,0,L1,-3.310601096680e+08,-9.231522555488e+07,-1.641636242297e+08,1.822401815101e+07,1.102388822931e+07,1.686264729592e+07,8.021741791237e+06,1.650741791237e+06,1.717471387272e+01,2.278248003588e+01,0,0,0,0,0,0,0,0,0
11,2,7.889616711839e+08,7.889616020000e+08,0,GPS,27,0,L1,-3.310601096680e+08,-9.231522555488e+07,-1.641636242297e+08,1.945953867940e+07,1.284712574999e+07,-1.336479918631e+07,2.191796932980e+07,1.554696932980e+07,5.463784841807e+01,1.415984708278e+01,0,0,0,0,0,0,0,0,0
12,3,7.889616721839e+08,7.889616030000e+08,0,GPS,2,0,L1,-3.310677772683e+08,-9.229100298258e+07,-1.641641327502e+08,1.721889838495e+07,3.572816654968e+06,2.045212327216e+07,1.028683808031e+07,3.915838080311e+06,2.241886872970e+01,1.664927038636e+01,0,0,0,0,0,0,0,0,0
13,3,7.889616721839e+08,7.889616030000e+08,0,GPS,4,0,L1,-3.310677772683e+08,-9.229100298258e+07,-1.641641327502e+08,2.531146217558e+07,-2.762999787462e+05,-8.183628255835e+06,1.830045726230e+07,1.192945726230e+07,4.346491000310e+01,1.217313852331e+01,0,0,0,0,0,0,0,0,0
14,3,7.889616721839e+08,7.889616030000e+08,0,GPS,21,0,L1,-3.310677772683e+08,-9.229100298258e+07,-1.641641327502e+08,1.822477983490e+07,1.102574368430e+07,1.686062550531e+07,8.022167354010e+06,1.651167354010e+06,1.717564740400e+01,2.278046980687e+01,0,0,0,0,0,0,0,0,0
15,3,7.889616721839e+08,7.889616030000e+08,0,GPS,27,0,L1,-3.310677772683e+08,-9.229100298258e+07,-1.641641327502e+08,1.945787457199e+07,1.284704623469e+07,-1.336725916193e+07,2.191992223056e+07,1.554892223056e+07,5.464510110820e+01,1.416007473305e+01,0,0,0,0,0,0,0,0,0
16,4,7.889616731839e+08,7.889616040000e+08,0,GPS,2,0,L1,-3.310754429598e+08,-9.226678007526e+07,-1.641646419101e+08,1.721986905647e+07,3.575083004412e+06,2.045088426684e+07,1.028478730209e+07,3.913787302095e+06,2.241417347654e+01,1.666060013421e+01,0,0,0,0,0,0,0,0,0
17,4,7.889616731839e+08,7.889616040000e+08,0,GPS,4,0,L1,-3.310754429598e+08,-9.226678007526e+07,-1.641646419101e+08,2.531239401284e+07,-2.758583065723e+05,-8.180674596100e+06,1.829788245518e+07,1.192688245518e+07,4.345732387023e+01,1.218694058023e+01,0,0,0,0,0,0,0,0,0
18,4,7.889616731839e+08,7.889616040000e+08,0,GPS,21,0,L1,-3.310754429598e+08,-9.226678007526e+07,-1.641646419101e+08,1.822554188622e+07,1.102759908694e+07,1.685860371469e+07,8.022594423536e+06,1.651594423536e+06,1.717658392411e+01,2.277845312574e+01,0,0,0,0,0,0,0,0,0
19,4,7.889616731839e+08,7.889616040000e+08,0,GPS,27,0,L1,-3.310754429598e+08,-9.226678007526e+07,-1.641646419101e+08,1.945621055672e+07,1.284696703026e+07,-1.336971913723e+07,2.192187526885e+07,1.555087526885e+07,5.465235397609e+01,1.416030201227e+01,0,0,0,0,0,0,0,0,0
20,5,7.889616741839e+08,7.889616050000e+08,0,GPS,2,0,L1,-3.310831067436e+08,-9.224255682855e+07,-1.641651517092e+08,1.722084015010e+07,3.577349231146e+06,2.044964526152e+07,1.028273727241e+07,3.911737272413e+06,2.240947962617e+01,1.667192725053e+01,0,0,0,0,0,0,0,0,0
21,5,7.889616741839e+08,7.889616050000e+08,0,GPS,4,0,L1,-3.310831067436e+08,-9.224255682855e+07,-1.641651517092e+08,2.531332604910e+07,-2.754167719650e+05,-8.177720936365e+06,1.829530777114e+07,1.192430777114e+07,4.344973789921e+01,1.220074630630e+01,0,0,0,0,0,0,0,0,0
22,5,7.889616741839e+08,7.889616050000e+08,0,GPS,21,0,L1,-3.310831067436e+08,-9.224255682855e+07,-1.641651517092e+08,1.822630430509e+07,1.102945443743e+07,1.685658192381e+07,8.023022999681e+06,1.652022999681e+06,1.717752343274e+01,2.277642999376e+01,0,0,0,0,0,0,0,0,0
23,5,7.889616741839e+08,7.889616050000e+08,0,GPS,27,0,L1,-3.310831067436e+08,-9.224255682855e+07,-1.641651517092e+08,1.945454663314e+07,1.284688813696e+07,-1.337217911285e+07,2.192382844518e+07,1.555282844518e+07,5.465960702321e+01,1.416052892065e+01,0,0,0,0,0,0,0,0,0
24,6,7.889616751839e+08,7.889616060000e+08,0,GPS,2,0,L1,-3.310907686186e+08,-9.221833324531e+07,-1.641656621473e+08,1.722181166580e+07,3.579615335246e+06,2.044840625620e+07,1.028068799171e+07,3.909687991709e+06,2.240478717970e+01,1.668325173126e+01,0,0,0,0,0,0,0,0,0
25,6,7.889616751839e+08,7.889616060000e+08,0,GPS,4,0,L1,-3.310907686186e+08,-9.221833324531e+07,-1.641656621473e+08,2.531425828435e+07,-2.749753747672e+05,-8.174767276631e+06,1.829273321020e+07,1.192173321020e+07,4.344215209044e+01,1.221455570294e+01,0,0,0,0,0,0,0,0,0
26,6,7.889616751839e+08,7.889616060000e+08,0,GPS,21,0,L1,-3.310907686186e+08,-9.221833324531e+07,-1.641656621473e+08,1.822706709149e+07,1.103130973484e+07,1.685456013320e+07,8.023453081988e+06,1.652453081988e+06,1.717846592889e+01,2.277440041287e+01,0,0,0,0,0,0,0,0,0
27,6,7.889616751839e+08,7.889616060000e+08,0,GPS,27,0,L1,-3.310907686186e+08,-9.221833324531e+07,-1.641656621473e+08,1.945288280152e+07,1.284680955464e+07,-1.337463908847e+07,2.192578175924e+07,1.555478175924e+07,5.466686024825e+01,1.416075545830e+01,0,0,0,0,0,0,0,0,0
28,7,7.889616761839e+08,7.889616070000e+08,0,GPS,2,0,L1,-3.310984285845e+08,-9.219410932599e+07,-1.641661732243e+08,1.722278360356e+07,3.581881316662e+06,2.044716725087e+07,1.027863946042e+07,3.907639460421e+06,2.240009613826e+01,1.669457357235e+01,0,0,0,0,0,0,0,0,0
29,7,7.889616761839e+08,7.889616070000e+08,0,GPS,4,0,L1,-3.310984285845e+08,-9.219410932599e+07,-1.641661732243e+08,2.531519071857e+07,-2.745341150053e+05,-8.171813616897e+06,1.829015877240e+07,1.191915877240e+07,4.343456644430e+01,1.222836877156e+01,0,0,0,0,0,0,0,0,0
30,7,7.889616761839e+08,7.889616070000e+08,0,GPS,21,0,L1,-3.310984285845e+08,-9.219410932599e+07,-1.641661732243e+08,1.822783024540e+07,1.103316497964e+07,1.685253834258e+07,8.023884670323e+06,1.652884670323e+06,1.717941141225e+01,2.277236438436e+01,0,0,0,0,0,0,0,0,0
31,7,7.889616761839e+08,7.889616070000e+08,0,GPS,27,0,L1,-3.310984285845e+08,-9.219410932599e+07,-1.641661732243e+08,1.945121906224e+07,1.284673128300e+07,-1.337709906377e+07,2.192773521068e+07,1.555673521068e+07,5.467411364987e+01,1.416098162534e+01,0,0,0,0,0,0,0,0,0
32,8,7.889616771839e+08,7.889616080000e+08,0,GPS,2,0,L1,-3.311060866398e+08,-9.216988507586e+07,-1.641666849398e+08,1.722375596332e+07,3.584147175594e+06,2.044592824555e+07,1.027659167899e+07,3.905591678992e+06,2.239540650296e+01,1.670589276971e+01,0,0,0,0,0,0,0,0,0
33,8,7.889616771839e+08,7.889616080000e+08,0,GPS,4,0,L1,-3.311060866398e+08,-9.216988507586e+07,-1.641666849398e+08,2.531612335167e+07,-2.740929927282e+05,-8.168859957490e+06,1.828758445810e+07,1.191658445810e+07,4.342698096210e+01,1.224218551188e+01,0,0,0,0,0,0,0,0,0
34,8,7.889616771839e+08,7.889616080000e+08,0,GPS,21,0,L1,-3.311060866398e+08,-9.216988507586e+07,-1.641666849398e+08,1.822859376663e+07,1.103502017205e+07,1.685051655196e+07,8.024317764444e+06,1.653317764444e+06,1.718035988226e+01,2.277032190971e+01,0,0,0,0,0,0,0,0,0
35,8,7.889616771839e+08,7.889616080000e+08,0,GPS,27,0,L1,-3.311060866398e+08,-9.216988507586e+07,-1.641666849398e+08,1.944955541447e+07,1.284665332287e+07,-1.337955903939e+07,2.192968880005e+07,1.555868880005e+07,5.468136722954e+01,1.416120742197e+01,0,0,0,0,0,0,0,0,0
36,9,7.889616781839e+08,7.889616090000e+08,0,GPS,2,0,L1,-3.311137427875e+08,-9.214566048333e+07,-1.641671972937e+08,1.722472874520e+07,3.586412911368e+06,2.044468924023e+07,1.027454464786e+07,3.903544647863e+06,2.239071827492e+01,1.671720802108e+01,0,0,0,0,0,0,0,0,0
37,9,7.889616781839e+08,7.889616090000e+08,0,GPS,4,0,L1,-3.311137427875e+08,-9.214566048333e+07,-1.641671972937e+08,2.531705618379e+07,-2.736520081024e+05,-8.165906297756e+06,1.828501026668e+07,1.191401026668e+07,4.341939564237e+01,1.225600592866e+01,0,0,0,0,0,0,0,0,0
38,9,7.889616781839e+08,7.889616090000e+08,0,GPS,21,0,L1,-3.311137427875e+08,-9.214566048333e+07,-1.641671972937e+08,1.822935765557e+07,1.103687531185e+07,1.684849476108e+07,8.024752364214e+06,1.653752364214e+06,1.718131133860e+01,2.276827299021e+01,0,0,0,0,0,0,0,0,0
39,9,7.889616781839e+08,7.889616090000e+08,0,GPS,27,0,L1,-3.311137427875e+08,-9.214566048333e+07,-1.641671972937e+08,1.944789185906e+07,1.284657567325e+07,-1.338201901501e+07,2.193164252700e+07,1.556064252700e+07,5.468862098594e+01,1.416143284831e+01,0,0,0,0,0,0,0,0,0
40,10,7.889616791839e+08,7.889616100000e+08,0,GPS,2,0,L1,-3.311213970238e+08,-9.212143556089e+07,-1.641677102859e+08,1.722570194904e+07,3.588678524560e+06,2.044345023491e+07,1.027249836748e+07,3.901498367475e+06,2.238603145527e+01,1.672836276325e+01,0,0,0,0,0,0,0,0,0
41,10,7.889616791839e+08,7.889616100000e+08,0,GPS,4,0,L1,-3.311213970238e+08,-9.212143556089e+07,-1.641677102859e+08,2.531798921485e+07,-2.732111606242e+05,-8.162952638023e+06,1.828243619851e+07,1.191143619851e+07,4.341181048643e+01,1.226983002164e+01,0,0,0,0,0,0,0,0,0
42,10,7.889616791839e+08,7.889616100000e+08,0,GPS,21,0,L1,-3.311213970238e+08,-9.212143556089e+07,-1.641677102859e+08,1.823012191187e+07,1.103873039868e+07,1.684647297046e+07,8.025188469173e+06,1.654188469173e+06,1.718226578026e+01,2.276621762784e+01,0,0,0,0,0,0,0,0,0
43,10,7.889616791839e+08,7.889616100000e+08,0,GPS,27,0,L1,-3.311213970238e+08,-9.212143556089e+07,-1.641677102859e+08,1.944622839591e+07,1.284649833456e+07,-1.338447899030e+07,2.193359639121e+07,1.556259639121e+07,5.469587491773e+01,1.416165790447e+01,0,0,0,0,0,0,0,0,0
44,11,7.889616801839e+08,7.889616110000e+08,0,GPS,2,0,L1,-3.311290493513e+08,-9.209721029936e+07,-1.641682239160e+08,1.722667557489e+07,3.590944014081e+06,2.044221122976e+07,1.027045283855e+07,3.899452838549e+06,2.238134604576e+01,1.673951238629e+01,0,0,0,0,0,0,0,0,0
45,11,7.889616801839e+08,7.889616110000e+08,0,GPS,4,0,L1,-3.311290493513e+08,-9.209721029936e+07,-1.641682239160e+08,2.531892244482e+07,-2.727704510571e+05,-8.159998978290e+06,1.827986225363e+07,1.190886225363e+07,4.340422549465e+01,1.228365779222e+01,0,0,0,0,0,0,0,0,0
46,11,7.889616801839e+08,7.889616110000e+08,0,GPS,21,0,L1,-3.311290493513e+08,-9.209721029936e+07,-1.641682239160e+08,1.823088653581e+07,1.104058543245e+07,1.684445117985e+07,8.025626079184e+06,1.654626079184e+06,1.718322320693e+01,2.276415582387e+01,0,0,0,0,0,0,0,0,0
47,11,7.889616801839e+08,7.889616110000e+08,0,GPS,27,0,L1,-3.311290493513e+08,-9.209721029936e+07,-1.641682239160e+08,1.944456502476e+07,1.284642130677e+07,-1.338693896592e+07,2.193555039321e+07,1.556455039321e+07,5.470312902640e+01,1.416188259066e+01,0,0,0,0,0,0,0,0,0
48,12,7.889616811839e+08,7.889616120000e+08,0,GPS,2,0,L1,-3.311366997661e+08,-9.207298471123e+07,-1.641687381840e+08,1.722764962272e+07,3.593209381584e+06,2.044097222443e+07,1.026840806097e+07,3.897408060969e+06,2.237666204625e+01,1.675065689336e+01,0,0,0,0,0,0,0,0,0
49,12,7.889616811839e+08,7.889616120000e+08,0,GPS,4,0,L1,-3.311366997661e+08,-9.207298471123e+07,-1.641687381840e+08,2.531985587369e+07,-2.723298785066e+05,-8.157045318558e+06,1.827728843206e+07,1.190628843206e+07,4.339664066742e+01,1.229748924181e+01,0,0,0,0,0,0,0,0,0
50,12,7.889616811839e+08,7.889616120000e+08,0,GPS,21,0,L1,-3.311366997661e+08,-9.207298471123e+07,-1.641687381840e+08,1.823165152700e+07,1.104244041379e+07,1.684242938923e+07,8.026065194000e+06,1.655065194000e+06,1.718418361803e+01,2.276208757984e+01,0,0,0,0,0,0,0,0,0
51,12,7.889616811839e+08,7.889616120000e+08,0,GPS,27,0,L1,-3.311366997661e+08,-9.207298471123e+07,-1.641687381840e+08,1.944290174584e+07,1.284634459002e+07,-1.338939894121e+07,2.193750453239e+07,1.556650453239e+07,5.471038330967e+01,1.416210690697e+01,0,0,0,0,0,0,0,0,0
52,13,7.889616821839e+08,7.889616130000e+08,0,GPS,2,0,L1,-3.311443482722e+08,-9.204875878249e+07,-1.641692530895e+08,1.722862409261e+07,3.595474625730e+06,2.043973321911e+07,1.026636403546e+07,3.895364035456e+06,2.237197945849e+01,1.676179628364e+01,0,0,0,0,0,0,0,0,0
53,13,7.889616821839e+08,7.889616130000e+08,0,GPS,4,0,L1,-3.311443482722e+08,-9.204875878249e+07,-1.641692530895e+08,2.532078950143e+07,-2.718894441048e+05,-8.154091658826e+06,1.827471473384e+07,1.190371473384e+07,4.338905600513e+01,1.231132437183e+01,0,0,0,0,0,0,0,0,0
54,13,7.889616821839e+08,7.889616130000e+08,0,GPS,21,0,L1,-3.311443482722e+08,-9.204875878249e+07,-1.641692530895e+08,1.823241688587e+07,1.104429534235e+07,1.684040759835e+07,8.026505813484e+06,1.655505813484e+06,1.718514701325e+01,2.276001289702e+01,0,0,0,0,0,0,0,0,0
55,13,7.889616821839e+08,7.889616130000e+08,0,GPS,27,0,L1,-3.311443482722e+08,-9.204875878249e+07,-1.641692530895e+08,1.944123855910e+07,1.284626818401e+07,-1.339185891683e+07,2.193945880926e+07,1.556845880926e+07,5.471763776903e+01,1.416233085360e+01,0,0,0,0,0,0,0,0,0
56,14,7.889616831839e+08,7.889616140000e+08,0,GPS,2,0,L1,-3.311519948664e+08,-9.202453252325e+07,-1.641697686324e+08,1.722959898445e+07,3.597739746971e+06,2.043849421378e+07,1.026432076245e+07,3.893320762451e+06,2.236729828360e+01,1.677293055761e+01,0,0,0,0,0,0,0,0,0
57,14,7.889616831839e+08,7.889616140000e+08,0,GPS,4,0,L1,-3.311519948664e+08,-9.202453252325e+07,-1.641697686324e+08,2.532172332796e+07,-2.714491475319e+05,-8.151137999421e+06,1.827214115934e+07,1.190114115934e+07,4.338147150908e+01,1.232516318202e+01,0,0,0,0,0,0,0,0,0
58,14,7.889616831839e+08,7.889616140000e+08,0,GPS,21,0,L1,-3.311519948664e+08,-9.202453252325e+07,-1.641697686324e+08,1.823318261216e+07,1.104615021762e+07,1.683838580773e+07,8.026947937170e+06,1.655947937170e+06,1.718611339157e+01,2.275793177742e+01,0,0,0,0,0,0,0,0,0
59,14,7.889616831839e+08,7.889616140000e+08,0,GPS,27,0,L1,-3.311519948664e+08,-9.202453252325e+07,-1.641697686324e+08,1.943957546452e+07,1.284619208900e+07,-1.339431889244e+07,2.194141322352e+07,1.557041322352e+07,5.472489240313e+01,1.416255443066e+01,0,0,0,0,0,0,0,0,0
60,15,7.889616841839e+08,7.889616150000e+08,0,GPS,2,0,L1,-3.311596395478e+08,-9.200030593635e+07,-1.641702848126e+08,1.723057429820e+07,3.600004745383e+06,2.043725520846e+07,1.026227824240e+07,3.891278242399e+06,2.236261852271e+01,1.678405971578e+01,0,0,0,0,0,0,0,0,0
61,15,7.889616841839e+08,7.889616150000e+08,0,GPS,4,0,L1,-3.311596395478e+08,-9.200030593635e+07,-1.641702848126e+08,2.532265735344e+07,-2.710089878493e+05,-8.148184339690e+06,1.826956770794e+07,1.189856770794e+07,4.337388717781e+01,1.233900567711e+01,0,0,0,0,0,0,0,0,0
62,15,7.889616841839e+08,7.889616150000e+08,0,GPS,21,0,L1,-3.311596395478e+08,-9.200030593635e+07,-1.641702848126e+08,1.823394870576e+07,1.104800504020e+07,1.683636401711e+07,8.027391564919e+06,1.656391564919e+06,1.718708275265e+01,2.275584422233e+01,0,0,0,0,0,0,0,0,0
63,15,7.889616841839e+08,7.889616150000e+08,0,GPS,27,0,L1,-3.311596395478e+08,-9.200030593635e+07,-1.641702848126e+08,1.943791246238e+07,1.284611630485e+07,-1.339677886774e+07,2.194336777480e+07,1.557236777480e+07,5.473214721066e+01,1.416277763828e+01,0,0,0,0,0,0,0,0,0
64,16,7.889616851839e+08,7.889616160000e+08,0,GPS,2,0,L1,-3.311672823202e+08,-9.197607900778e+07,-1.641708016297e+08,1.723155003399e+07,3.602269620164e+06,2.043601620313e+07,1.026023647574e+07,3.889236475740e+06,2.235794017694e+01,1.679518375865e+01,0,0,0,0,0,0,0,0,0
65,16,7.889616851839e+08,7.889616160000e+08,0,GPS,4,0,L1,-3.311672823202e+08,-9.197607900778e+07,-1.641708016297e+08,2.532359157774e+07,-2.705689665797e+05,-8.145230679959e+06,1.826699438000e+07,1.189599438000e+07,4.336630301263e+01,1.235285185687e+01,0,0,0,0,0,0,0,0,0
66,16,7.889616851839e+08,7.889616160000e+08,0,GPS,21,0,L1,-3.311672823202e+08,-9.197607900778e+07,-1.641708016297e+08,1.823471516715e+07,1.104985980924e+07,1.683434222649e+07,8.027836696481e+06,1.656836696481e+06,1.718805509592e+01,2.275375023330e+01,0,0,0,0,0,0,0,0,0
67,16,7.889616851839e+08,7.889616160000e+08,0,GPS,27,0,L1,-3.311672823202e+08,-9.197607900778e+07,-1.641708016297e+08,1.943624955260e+07,1.284604083125e+07,-1.339923884335e+07,2.194532246367e+07,1.557432246367e+07,5.473940219309e+01,1.416300047666e+01,0,0,0,0,0,0,0,0,0
68,17,7.889616861839e+08,7.889616170000e+08,0,GPS,2,0,L1,-3.311749231778e+08,-9.195185175729e+07,-1.641713190836e+08,1.723252619162e+07,3.604534372267e+06,2.043477719781e+07,1.025819546292e+07,3.887195462919e+06,2.235326324742e+01,1.680630268673e+01,0,0,0,0,0,0,0,0,0
69,17,7.889616861839e+08,7.889616170000e+08,0,GPS,4,0,L1,-3.311749231778e+08,-9.195185175729e+07,-1.641713190836e+08,2.532452600088e+07,-2.701290822756e+05,-8.142277020228e+06,1.826442117556e+07,1.189342117556e+07,4.335871901392e+01,1.236670172269e+01,0,0,0,0,0,0,0,0,0
70,17,7.889616861839e+08,7.889616170000e+08,0,GPS,21,0,L1,-3.311749231778e+08,-9.195185175729e+07,-1.641713190836e+08,1.823548199568e+07,1.105171452575e+07,1.683232043588e+07,8.028283331606e+06,1.657283331606e+06,1.718903042083e+01,2.275164981187e+01,0,0,0,0,0,0,0,0,0
71,17,7.889616861839e+08,7.889616170000e+08,0,GPS,27,0,L1,-3.311749231778e+08,-9.195185175729e+07,-1.641713190836e+08,1.943458673483e+07,1.284596566904e+07,-1.340169881896e+07,2.194727728977e+07,1.557627728977e+07,5.474665734908e+01,1.416322294591e+01,0,0,0,0,0,0,0,0,0
72,18,7.889616871839e+08,7.889616180000e+08,0,GPS,2,0,L1,-3.311825621251e+08,-9.192762416843e+07,-1.641718371740e+08,1.723350995998e+07,3.606798093823e+06,2.043354121791e+07,1.025615515044e+07,3.885155150443e+06,2.234858170460e+01,1.681743099645e+01,0,0,0,0,0,0,0,0,0
73,18,7.889616871839e+08,7.889616180000e+08,0,GPS,4,0,L1,-3.311825621251e+08,-9.192762416843e+07,-1.641718371740e+08,2.532546634442e+07,-2.696907000204e+05,-8.139324607155e+06,1.826185185604e+07,1.189085185604e+07,4.335113444435e+01,1.238056091958e+01,0,0,0,0,0,0,0,0,0
74,18,7.889616871839e+08,7.889616180000e+08,0,GPS,21,0,L1,-3.311825621251e+08,-9.192762416843e+07,-1.641718371740e+08,1.823625582569e+07,1.105357016559e+07,1.683030113268e+07,8.028730374161e+06,1.657730374161e+06,1.719000213708e+01,2.274955723883e+01,0,0,0,0,0,0,0,0,0
75,18,7.889616871839e+08,7.889616180000e+08,0,GPS,27,0,L1,-3.311825621251e+08,-9.192762416843e+07,-1.641718371740e+08,1.943292758660e+07,1.284589615542e+07,-1.340416056801e+07,2.194923668600e+07,1.557823668600e+07,5.475391088539e+01,1.416344543198e+01,0,0,0,0,0,0,0,0,0
76,19,7.889616881839e+08,7.889616190000e+08,0,GPS,2,0,L1,-3.311901991584e+08,-9.190339625373e+07,-1.641723559008e+08,1.723447591957e+07,3.609062802400e+06,2.043229473448e+07,1.025411362357e+07,3.883113623573e+06,2.234391404825e+01,1.682850141466e+01,0,0,0,0,0,0,0,0,0
77,19,7.889616881839e+08,7.889616190000e+08,0,GPS,4,0,L1,-3.311901991584e+08,-9.190339625373e+07,-1.641723559008e+08,2.532638949002e+07,-2.692495047024e+05,-8.136367865997e+06,1.825927107729e+07,1.188827107729e+07,4.334355216006e+01,1.239459484491e+01,0,0,0,0,0,0,0,0,0
78,19,7.889616881839e+08,7.889616190000e+08,0,GPS,21,0,L1,-3.311901991584e+08,-9.190339625373e+07,-1.641723559008e+08,1.823701280257e+07,1.105542154300e+07,1.682827330891e+07,8.029179618331e+06,1.658179618331e+06,1.719099048042e+01,2.274742183200e+01,0,0,0,0,0,0,0,0,0
79,19,7.889616881839e+08,7.889616190000e+08,0,GPS,27,0,L1,-3.311901991584e+08,-9.190339625373e+07,-1.641723559008e+08,1.943125684384e+07,1.284581318887e+07,-1.340661555862e+07,2.195118232751e+07,1.558018232751e+07,5.476116878823e+01,1.416368791928e+01,0,0,0,0,0,0,0,0,0
80,20,7.889616891839e+08,7.889616200000e+08,0,GPS,2,0,L1,-3.311978342801e+08,-9.187916800398e+07,-1.641728752638e+08,1.723544230113e+07,3.611327389010e+06,2.043104825105e+07,1.025207285326e+07,3.881072853261e+06,2.233924780976e+01,1.683956638784e+01,0,0,0,0,0,0,0,0,0
81,20,7.889616891839e+08,7.889616200000e+08,0,GPS,4,0,L1,-3.311978342801e+08,-9.187916800398e+07,-1.641728752638e+08,2.532731283463e+07,-2.688084458328e+05,-8.133411124839e+06,1.825669042230e+07,1.188569042230e+07,4.333597003640e+01,1.240863266219e+01,0,0,0,0,0,0,0,0,0
82,20,7.889616891839e+08,7.889616200000e+08,0,GPS,21,0,L1,-3.311978342801e+08,-9.187916800398e+07,-1.641728752638e+08,1.823777014662e+07,1.105727286801e+07,1.682624548540e+07,8.029630365416e+06,1.658630365416e+06,1.719198180476e+01,2.274527998634e+01,0,0,0,0,0,0,0,0,0
83,20,7.889616891839e+08,7.889616200000e+08,0,GPS,27,0,L1,-3.311978342801e+08,-9.187916800398e+07,-1.641728752638e+08,1.942958619251e+07,1.284573053400e+07,-1.340907054922e+07,2.195312810570e+07,1.558212810570e+07,5.476842687000e+01,1.416393005976e+01,0,0,0,0,0,0,0,0,0
84,21,7.889616901839e+08,7.889616210000e+08,0,GPS,2,0,L1,-3.312054674865e+08,-9.185493943168e+07,-1.641733952628e+08,1.723640910453e+07,3.613591854229e+06,2.042980176763e+07,1.025003283995e+07,3.879032839952e+06,2.233458299025e+01,1.685062591624e+01,0,0,0,0,0,0,0,0,0
85,21,7.889616901839e+08,7.889616210000e+08,0,GPS,4,0,L1,-3.312054674865e+08,-9.185493943168e+07,-1.641733952628e+08,2.532823637833e+07,-2.683675221265e+05,-8.130454383355e+06,1.825410989076e+07,1.188310989076e+07,4.332838807284e+01,1.242267437463e+01,0,0,0,0,0,0,0,0,0
86,21,7.889616901839e+08,7.889616210000e+08,0,GPS,21,0,L1,-3.312054674865e+08,-9.185493943168e+07,-1.641733952628e+08,1.823852785738e+07,1.105912414224e+07,1.682421766162e+07,8.030082615386e+06,1.659082615386e+06,1.719297611000e+01,2.274313170285e+01,0,0,0,0,0,0,0,0,0
87,21,7.889616901839e+08,7.889616210000e+08,0,GPS,27,0,L1,-3.312054674865e+08,-9.185493943168e+07,-1.641733952628e+08,1.942791563253e+07,1.284564819123e+07,-1.341152553950e+07,2.195507402023e+07,1.558407402023e+07,5.477568512938e+01,1.416417185350e+01,0,0,0,0,0,0,0,0,0
88,22,7.889616911839e+08,7.889616220000e+08,0,GPS,2,0,L1,-3.312130987808e+08,-9.183071052523e+07,-1.641739158975e+08,1.723737632989e+07,3.615856197381e+06,2.042855528420e+07,1.024799358409e+07,3.876993584090e+06,2.232991959087e+01,1.686168000010e+01,0,0,0,0,0,0,0,0,0
89,22,7.889616911839e+08,7.889616220000e+08,0,GPS,4,0,L1,-3.312130987808e+08,-9.183071052523e+07,-1.641739158975e+08,2.532916012092e+07,-2.679267353124e+05,-8.127497642198e+06,1.825152948338e+07,1.188052948338e+07,4.332080627160e+01,1.243671998036e+01,0,0,0,0,0,0,0,0,0
90,22,7.889616911839e+08,7.889616220000e+08,0,GPS,21,0,L1,-3.312130987808e+08,-9.183071052523e+07,-1.641739158975e+08,1.823928593530e+07,1.106097536397e+07,1.682218983811e+07,8.030536367764e+06,1.659536367764e+06,1.719397339510e+01,2.274097698356e+01,0,0,0,0,0,0,0,0,0
91,22,7.889616911839e+08,7.889616220000e+08,0,GPS,27,0,L1,-3.312130987808e+08,-9.183071052523e+07,-1.641739158975e+08,1.942624516371e+07,1.284556616039e+07,-1.341398053010e+07,2.195702007166e+07,1.558602007166e+07,5.478294356783e+01,1.416441330067e+01,0,0,0,0,0,0,0,0,0
92,23,7.889616921839e+08,7.889616230000e+08,0,GPS,2,0,L1,-3.312207281611e+08,-9.180648128991e+07,-1.641744371677e+08,1.723834397719e+07,3.618120419205e+06,2.042730880059e+07,1.024595508584e+07,3.874955085844e+06,2.232525761212e+01,1.687272864100e+01,0,0,0,0,0,0,0,0,0
93,23,7.889616921839e+08,7.889616230000e+08,0,GPS,4,0,L1,-3.312207281611e+08,-9.180648128991e+07,-1.641744371677e+08,2.533008406247e+07,-2.674860846582e+05,-8.124540901041e+06,1.824894919986e+07,1.187794919986e+07,4.331322463214e+01,1.245076948262e+01,0,0,0,0,0,0,0,0,0
94,23,7.889616921839e+08,7.889616230000e+08,0,GPS,21,0,L1,-3.312207281611e+08,-9.180648128991e+07,-1.641744371677e+08,1.824004438016e+07,1.106282653444e+07,1.682016201434e+07,8.030991622519e+06,1.659991622519e+06,1.719497365996e+01,2.273881582948e+01,0,0,0,0,0,0,0,0,0
95,23,7.889616921839e+08,7.889616230000e+08,0,GPS,27,0,L1,-3.312207281611e+08,-9.180648128991e+07,-1.641744371677e+08,1.942457478625e+07,1.284548444148e+07,-1.341643552070e+07,2.195896625963e+07,1.558796625963e+07,5.479020218402e+01,1.416465440134e+01,0,0,0,0,0,0,0,0,0
96,24,7.889616931839e+08,7.889616240000e+08,0,GPS,2,0,L1,-3.312283556274e+08,-9.178225172616e+07,-1.641749590732e+08,1.723931204630e+07,3.620384518576e+06,2.042606231716e+07,1.024391734621e+07,3.872917346215e+06,2.232059705637e+01,1.688377183656e+01,0,0,0,0,0,0,0,0,0
97,24,7.889616931839e+08,7.889616240000e+08,0,GPS,4,0,L1,-3.312283556274e+08,-9.178225172616e+07,-1.641749590732e+08,2.533100820297e+07,-2.670455701907e+05,-8.121584159885e+06,1.824636904023e+07,1.187536904023e+07,4.330564315484e+01,1.246482288292e+01,0,0,0,0,0,0,0,0,0
98,24,7.889616931839e+08,7.889616240000e+08,0,GPS,21,0,L1,-3.312283556274e+08,-9.178225172616e+07,-1.641749590732e+08,1.824080319202e+07,1.106467765259e+07,1.681813419083e+07,8.031448379172e+06,1.660448379172e+06,1.719597690354e+01,2.273664824264e+01,0,0,0,0,0,0,0,0,0
99,24,7.889616931839e+08,7.889616240000e+08,0,GPS,27,0,L1,-3.312283556274e+08,-9.178225172616e+07,-1.641749590732e+08,1.942290450019e+07,1.284540303447e+07,-1.341889051130e+07,2.196091258411e+07,1.558991258411e+07,5.479746097758e+01,1.416489515562e+01,0,0,0,0,0,0,0,0,0
100,25,7.889616941839e+08,7.889616250000e+08,0,GPS,2,0,L1,-3.312359811785e+08,-9.175802183683e+07,-1.641754816139e+08,1.724028053725e+07,3.622648496108e+06,2.042481583373e+07,1.024188036537e+07,3.870880365371e+06,2.231593792413e+01,1.689480958836e+01,0,0,0,0,0,0,0,0,0
101,25,7.889616941839e+08,7.889616250000e+08,0,GPS,4,0,L1,-3.312359811785e+08,-9.175802183683e+07,-1.641754816139e+08,2.533193254240e+07,-2.666051917521e+05,-8.118627418729e+06,1.824378900453e+07,1.187278900453e+07,4.329806184010e+01,1.247888018280e+01,0,0,0,0,0,0,0,0,0
102,25,7.889616941839e+08,7.889616250000e+08,0,GPS,21,0,L1,-3.312359811785e+08,-9.175802183683e+07,-1.641754816139e+08,1.824156237073e+07,1.106652871952e+07,1.681610636705e+07,8.031906637692e+06,1.660906637692e+06,1.719698312572e+01,2.273447422407e+01,0,0,0,0,0,0,0,0,0
103,25,7.889616941839e+08,7.889616250000e+08,0,GPS,27,0,L1,-3.312359811785e+08,-9.175802183683e+07,-1.641754816139e+08,1.942123430546e+07,1.284532193951e+07,-1.342134550190e+07,2.196285904506e+07,1.559185904506e+07,5.480471994808e+01,1.416513556362e+01,0,0,0,0,0,0,0,0,0
104,26,7.889616951839e+08,7.889616260000e+08,0,GPS,2,0,L1,-3.312436048155e+08,-9.173379161757e+07,-1.641760047895e+08,1.724124945008e+07,3.624912351500e+06,2.042356935030e+07,1.023984414376e+07,3.868844143757e+06,2.231128021653e+01,1.690584189664e+01,0,0,0,0,0,0,0,0,0
105,26,7.889616951839e+08,7.889616260000e+08,0,GPS,4,0,L1,-3.312436048155e+08,-9.173379161757e+07,-1.641760047895e+08,2.533285708075e+07,-2.661649497377e+05,-8.115670677573e+06,1.824120909280e+07,1.187020909280e+07,4.329048068829e+01,1.249294138378e+01,0,0,0,0,0,0,0,0,0
106,26,7.889616951839e+08,7.889616260000e+08,0,GPS,21,0,L1,-3.312436048155e+08,-9.173379161757e+07,-1.641760047895e+08,1.824232191651e+07,1.106837973391e+07,1.681407854354e+07,8.032366397597e+06,1.661366397597e+06,1.719799232546e+01,2.273229377580e+01,0,0,0,0,0,0,0,0,0
107,26,7.889616951839e+08,7.889616260000e+08,0,GPS,27,0,L1,-3.312436048155e+08,-9.173379161757e+07,-1.641760047895e+08,1.941956420263e+07,1.284524115601e+07,-1.342380049218e+07,2.196480564213e+07,1.559380564213e+07,5.481197909422e+01,1.416537562542e+01,0,0,0,0,0,0,0,0,0
108,27,7.889616961839e+08,7.889616270000e+08,0,GPS,2,0,L1,-3.312512265376e+08,-9.170956107122e+07,-1.641765285998e+08,1.724221878474e+07,3.627176084829e+06,2.042232286687e+07,1.023780868182e+07,3.866808681820e+06,2.230662393469e+01,1.691686876169e+01,0,0,0,0,0,0,0,0,0
109,27,7.889616961839e+08,7.889616270000e+08,0,GPS,4,0,L1,-3.312512265376e+08,-9.170956107122e+07,-1.641765285998e+08,2.533378181792e+07,-2.657248443805e+05,-8.112713936744e+06,1.823862930540e+07,1.186762930540e+07,4.328289970072e+01,1.250700648570e+01,0,0,0,0,0,0,0,0,0
110,27,7.889616961839e+08,7.889616270000e+08,0,GPS,21,0,L1,-3.312512265376e+08,-9.170956107122e+07,-1.641765285998e+08,1.824308182921e+07,1.107023069686e+07,1.681205071976e+07,8.032827658854e+06,1.661827658854e+06,1.719900450265e+01,2.273010689887e+01,0,0,0,0,0,0,0,0,0
111,27,7.889616961839e+08,7.889616270000e+08,0,GPS,27,0,L1,-3.312512265376e+08,-9.170956107122e+07,-1.641765285998e+08,1.941789419097e+07,1.284516068465e+07,-1.342625548277e+07,2.196675237588e+07,1.559575237588e+07,5.481923841746e+01,1.416561534118e+01,0,0,0,0,0,0,0,0,0
112,28,7.889616971839e+08,7.889616280000e+08,0,GPS,2,0,L1,-3.312588463442e+08,-9.168533019823e+07,-1.641770530446e+08,1.724318854129e+07,3.629439696583e+06,2.042107638327e+07,1.023577397973e+07,3.864773979729e+06,2.230196907914e+01,1.692789018507e+01,0,0,0,0,0,0,0,0,0
113,28,7.889616971839e+08,7.889616280000e+08,0,GPS,4,0,L1,-3.312588463442e+08,-9.168533019823e+07,-1.641770530446e+08,2.533470675407e+07,-2.652848749260e+05,-8.109757195589e+06,1.823604964171e+07,1.186504964171e+07,4.327531887592e+01,1.252107549348e+01,0,0,0,0,0,0,0,0,0
114,28,7.889616971839e+08,7.889616280000e+08,0,GPS,21,0,L1,-3.312588463442e+08,-9.168533019823e+07,-1.641770530446e+08,1.824384210890e+07,1.107208160732e+07,1.681002289625e+07,8.033290420981e+06,1.662290420981e+06,1.720001965624e+01,2.272791359532e+01,0,0,0,0,0,0,0,0,0
115,28,7.889616971839e+08,7.889616280000e+08,0,GPS,27,0,L1,-3.312588463442e+08,-9.168533019823e+07,-1.641770530446e+08,1.941622427085e+07,1.284508052515e+07,-1.342871047337e+07,2.196869924596e+07,1.559769924596e+07,5.482649791648e+01,1.416585471098e+01,0,0,0,0,0,0,0,0,0
116,29,7.889616981839e+08,7.889616290000e+08,0,GPS,2,0,L1,-3.312664642346e+08,-9.166109900147e+07,-1.641775781236e+08,1.724415871956e+07,3.631703185762e+06,2.041982989983e+07,1.023374003849e+07,3.862740038485e+06,2.229731565224e+01,1.693890616443e+01,0,0,0,0,0,0,0,0,0
117,29,7.889616981839e+08,7.889616290000e+08,0,GPS,4,0,L1,-3.312664642346e+08,-9.166109900147e+07,-1.641775781236e+08,2.533563188909e+07,-2.648450416071e+05,-8.106800454435e+06,1.823347010209e+07,1.186247010209e+07,4.326773821521e+01,1.253514840695e+01,0,0,0,0,0,0,0,0,0
118,29,7.889616981839e+08,7.889616290000e+08,0,GPS,21,0,L1,-3.312664642346e+08,-9.166109900147e+07,-1.641775781236e+08,1.824460275542e+07,1.107393246638e+07,1.680799507248e+07,8.033754683944e+06,1.662754683944e+06,1.720103778610e+01,2.272571386619e+01,0,0,0,0,0,0,0,0,0
119,29,7.889616981839e+08,7.889616290000e+08,0,GPS,27,0,L1,-3.312664642346e+08,-9.166109900147e+07,-1.641775781236e+08,1.941455444221e+07,1.284500067764e+07,-1.343116546396e+07,2.197064625234e+07,1.559964625234e+07,5.483375759087e+01,1.416609373494e+01,0,0,0,0,0,0,0,0,0
120,30,7.889616991839e+08,7.889616300000e+08,0,GPS,2,0,L1,-3.312740802097e+08,-9.163686747656e+07,-1.641781038367e+08,1.724512931966e+07,3.633966552603e+06,2.041858341640e+07,1.023170685826e+07,3.860706858258e+06,2.229266365450e+01,1.694991670136e+01,0,0,0,0,0,0,0,0,0
121,30,7.889616991839e+08,7.889616300000e+08,0,GPS,4,0,L1,-3.312740802097e+08,-9.163686747656e+07,-1.641781038367e+08,2.533655722297e+07,-2.644053448189e+05,-8.103843713280e+06,1.823089068658e+07,1.185989068658e+07,4.326015771896e+01,1.254922522764e+01,0,0,0,0,0,0,0,0,0
122,30,7.889616991839e+08,7.889616300000e+08,0,GPS,21,0,L1,-3.312740802097e+08,-9.163686747656e+07,-1.641781038367e+08,1.824536376900e+07,1.107578327274e+07,1.680596724897e+07,8.034220447256e+06,1.663220447256e+06,1.720205889119e+01,2.272350771353e+01,0,0,0,0,0,0,0,0,0
123,30,7.889616991839e+08,7.889616300000e+08,0,GPS,27,0,L1,-3.312740802097e+08,-9.163686747656e+07,-1.641781038367e+08,1.941288470561e+07,1.284492114153e+07,-1.343362045424e+07,2.197259339467e+07,1.560159339467e+07,5.484101743931e+01,1.416633241312e+01,0,0,0,0,0,0,0,0,0
124,31,7.889617001839e+08,7.889616310000e+08,0,GPS,2,0,L1,-3.312816942686e+08,-9.161263562636e+07,-1.641786301837e+08,1.724610034155e+07,3.636229797183e+06,2.041733693297e+07,1.022967443949e+07,3.858674439493e+06,2.228801308705e+01,1.696092179615e+01,0,0,0,0,0,0,0,0,0
125,31,7.889617001839e+08,7.889616310000e+08,0,GPS,4,0,L1,-3.312816942686e+08,-9.161263562636e+07,-1.641786301837e+08,2.533748275570e+07,-2.639657844041e+05,-8.100886972127e+06,1.822831139521e+07,1.185731139521e+07,4.325257738757e+01,1.256330595709e+01,0,0,0,0,0,0,0,0,0
126,31,7.889617001839e+08,7.889616310000e+08,0,GPS,21,0,L1,-3.312816942686e+08,-9.161263562636e+07,-1.641786301837e+08,1.824612514949e+07,1.107763402747e+07,1.680393942519e+07,8.034687710884e+06,1.663687710884e+06,1.720308297139e+01,2.272129513840e+01,0,0,0,0,0,0,0,0,0
127,31,7.889617001839e+08,7.889616310000e+08,0,GPS,27,0,L1,-3.312816942686e+08,-9.161263562636e+07,-1.641786301837e+08,1.941121506033e+07,1.284484191751e+07,-1.343607544484e+07,2.197454067349e+07,1.560354067349e+07,5.484827746327e+01,1.416657074569e+01,0,0,0,0,0,0,0,0,0
128,32,7.889617011839e+08,7.889616320000e+08,0,GPS,2,0,L1,-3.312893064109e+08,-9.158840345131e+07,-1.641791571643e+08,1.724707178521e+07,3.638492919452e+06,2.041609044954e+07,1.022764278264e+07,3.856642782640e+06,2.228336395103e+01,1.697192144905e+01,0,0,0,0,0,0,0,0,0
129,32,7.889617011839e+08,7.889616320000e+08,0,GPS,4,0,L1,-3.312893064109e+08,-9.158840345131e+07,-1.641791571643e+08,2.533840848725e+07,-2.635263603893e+05,-8.097930230973e+06,1.822573222802e+07,1.185473222802e+07,4.324499722140e+01,1.257739059682e+01,0,0,0,0,0,0,0,0,0
130,32,7.889617011839e+08,7.889616320000e+08,0,GPS,21,0,L1,-3.312893064109e+08,-9.158840345131e+07,-1.641791571643e+08,1.824688689694e+07,1.107948472955e+07,1.680191160168e+07,8.035156474339e+06,1.664156474339e+06,1.720411002564e+01,2.271907614287e+01,0,0,0,0,0,0,0,0,0
131,32,7.889617011839e+08,7.889616320000e+08,0,GPS,27,0,L1,-3.312893064109e+08,-9.158840345131e+07,-1.641791571643e+08,1.940954550674e+07,1.284476300530e+07,-1.343853043543e+07,2.197648808848e+07,1.560548808848e+07,5.485553766142e+01,1.416680873275e+01,0,0,0,0,0,0,0,0,0
132,33,7.889617021839e+08,7.889616330000e+08,0,GPS,2,0,L1,-3.312969166364e+08,-9.156417095186e+07,-1.641796847784e+08,1.724804365063e+07,3.640755919360e+06,2.041484396610e+07,1.022561188814e+07,3.854611888143e+06,2.227871624756e+01,1.698291566037e+01,0,0,0,0,0,0,0,0,0
133,33,7.889617021839e+08,7.889616330000e+08,0,GPS,4,0,L1,-3.312969166364e+08,-9.156417095186e+07,-1.641796847784e+08,2.533933441762e+07,-2.630870728009e+05,-8.094973489820e+06,1.822315318505e+07,1.185215318505e+07,4.323741722085e+01,1.259147914837e+01,0,0,0,0,0,0,0,0,0
134,33,7.889617021839e+08,7.889616330000e+08,0,GPS,21,0,L1,-3.312969166364e+08,-9.156417095186e+07,-1.641796847784e+08,1.824764901134e+07,1.108133537941e+07,1.679988377817e+07,8.035626737472e+06,1.664626737472e+06,1.720514005357e+01,2.271685072823e+01,0,0,0,0,0,0,0,0,0
135,33,7.889617021839e+08,7.889616330000e+08,0,GPS,27,0,L1,-3.312969166364e+08,-9.156417095186e+07,-1.641796847784e+08,1.940787604520e+07,1.284468440459e+07,-1.344098542570e+07,2.197843563929e+07,1.560743563929e+07,5.486279803243e+01,1.416704637435e+01,0,0,0,0,0,0,0,0,0
136,34,7.889617031839e+08,7.889616340000e+08,0,GPS,2,0,L1,-3.313045249442e+08,-9.153993813088e+07,-1.641802130256e+08,1.724901593777e+07,3.643018796984e+06,2.041359748267e+07,1.022358175645e+07,3.852581756452e+06,2.227406997778e+01,1.699390443039e+01,0,0,0,0,0,0,0,0,0
137,34,7.889617031839e+08,7.889616340000e+08,0,GPS,4,0,L1,-3.313045249442e+08,-9.153993813088e+07,-1.641802130256e+08,2.534026054679e+07,-2.626479214815e+05,-8.092016748667e+06,1.822057426632e+07,1.184957426632e+07,4.322983738630e+01,1.260557161327e+01,0,0,0,0,0,0,0,0,0
138,34,7.889617031839e+08,7.889616340000e+08,0,GPS,21,0,L1,-3.313045249442e+08,-9.153993813088e+07,-1.641802130256e+08,1.824841149255e+07,1.108318597766e+07,1.679785595439e+07,8.036098500135e+06,1.665098500135e+06,1.720617305484e+01,2.271461889580e+01,0,0,0,0,0,0,0,0,0
139,34,7.889617031839e+08,7.889616340000e+08,0,GPS,27,0,L1,-3.313045249442e+08,-9.153993813088e+07,-1.641802130256e+08,1.940620667500e+07,1.284460611608e+07,-1.344344041630e+07,2.198038332647e+07,1.560938332647e+07,5.487005857778e+01,1.416728367068e+01,0,0,0,0,0,0,0,0,0
140,35,7.889617041839e+08,7.889616350000e+08,0,GPS,2,0,L1,-3.313121313352e+08,-9.151570498398e+07,-1.641807419059e+08,1.724998864667e+07,3.645281552023e+06,2.041235099924e+07,1.022155238801e+07,3.850552388013e+06,2.226942514282e+01,1.700488775939e+01,0,0,0,0,0,0,0,0,0
141,35,7.889617041839e+08,7.889616350000e+08,0,GPS,4,0,L1,-3.313121313352e+08,-9.151570498398e+07,-1.641807419059e+08,2.534118687474e+07,-2.622089068263e+05,-8.089060007514e+06,1.821799547189e+07,1.184699547189e+07,4.322225771814e+01,1.261966799304e+01,0,0,0,0,0,0,0,0,0
142,35,7.889617041839e+08,7.889616350000e+08,0,GPS,21,0,L1,-3.313121313352e+08,-9.151570498398e+07,-1.641807419059e+08,1.824917434079e+07,1.108503652298e+07,1.679582813088e+07,8.036571761835e+06,1.665571761835e+06,1.720720902836e+01,2.271238064766e+01,0,0,0,0,0,0,0,0,0
143,35,7.889617041839e+08,7.889616350000e+08,0,GPS,27,0,L1,-3.313121313352e+08,-9.151570498398e+07,-1.641807419059e+08,1.940453739668e+07,1.284452813918e+07,-1.344589540689e+07,2.198233114969e+07,1.561133114969e+07,5.487731929613e+01,1.416752062181e+01,0,0,0,0,0,0,0,0,0
144,36,7.889617051839e+08,7.889616360000e+08,0,GPS,2,0,L1,-3.313197358084e+08,-9.149147151403e+07,-1.641812714189e+08,1.725096177736e+07,3.647544185090e+06,2.041110451563e+07,1.021952378300e+07,3.848523782998e+06,2.226478174320e+01,1.701586564897e+01,0,0,0,0,0,0,0,0,0
145,36,7.889617051839e+08,7.889616360000e+08,0,GPS,4,0,L1,-3.313197358084e+08,-9.149147151403e+07,-1.641812714189e+08,2.534211340147e+07,-2.617700286776e+05,-8.086103266362e+06,1.821541680177e+07,1.184441680177e+07,4.321467821673e+01,1.263376828923e+01,0,0,0,0,0,0,0,0,0
146,36,7.889617051839e+08,7.889616360000e+08,0,GPS,21,0,L1,-3.313197358084e+08,-9.149147151403e+07,-1.641812714189e+08,1.824993755593e+07,1.108688701646e+07,1.679380030710e+07,8.037046522537e+06,1.666046522537e+06,1.720824797403e+01,2.271013598487e+01,0,0,0,0,0,0,0,0,0
147,36,7.889617051839e+08,7.889616360000e+08,0,GPS,27,0,L1,-3.313197358084e+08,-9.149147151403e+07,-1.641812714189e+08,1.940286821020e+07,1.284445047403e+07,-1.344835039748e+07,2.198427910889e+07,1.561327910889e+07,5.488458018709e+01,1.416775722785e+01,0,0,0,0,0,0,0,0,0
148,37,7.889617061839e+08,7.889616370000e+08,0,GPS,2,0,L1,-3.313273383637e+08,-9.146723772147e+07,-1.641818015646e+08,1.725193532969e+07,3.649806695062e+06,2.040985803219e+07,1.021749594241e+07,3.846495942408e+06,2.226013978129e+01,1.702683809682e+01,0,0,0,0,0,0,0,0,0
149,37,7.889617061839e+08,7.889616370000e+08,0,GPS,4,0,L1,-3.313273383637e+08,-9.146723772147e+07,-1.641818015646e+08,2.534304012694e+07,-2.613312870621e+05,-8.083146525210e+06,1.821283825601e+07,1.184183825601e+07,4.320709888247e+01,1.264787250337e+01,0,0,0,0,0,0,0,0,0
150,37,7.889617061839e+08,7.889616370000e+08,0,GPS,21,0,L1,-3.313273383637e+08,-9.146723772147e+07,-1.641818015646e+08,1.825070113802e+07,1.108873745707e+07,1.679177248358e+07,8.037522781746e+06,1.666522781746e+06,1.720928989077e+01,2.270788490954e+01,0,0,0,0,0,0,0,0,0
151,37,7.889617061839e+08,7.889616370000e+08,0,GPS,27,0,L1,-3.313273383637e+08,-9.146723772147e+07,-1.641818015646e+08,1.940119911592e+07,1.284437312033e+07,-1.345080538775e+07,2.198622720374e+07,1.561522720374e+07,5.489184124934e+01,1.416799348887e+01,0,0,0,0,0,0,0,0,0
152,38,7.889617071839e+08,7.889616380000e+08,0,GPS,2,0,L1,-3.313349390000e+08,-9.144300360916e+07,-1.641823323426e+08,1.725290930370e+07,3.652069082552e+06,2.040861154876e+07,1.021546886641e+07,3.844468866415e+06,2.225549925759e+01,1.703780510455e+01,0,0,0,0,0,0,0,0,0
153,38,7.889617071839e+08,7.889616380000e+08,0,GPS,4,0,L1,-3.313349390000e+08,-9.144300360916e+07,-1.641823323426e+08,2.534396705116e+07,-2.608926818221e+05,-8.080189784059e+06,1.821025983464e+07,1.183925983464e+07,4.319951971575e+01,1.266198063698e+01,0,0,0,0,0,0,0,0,0
154,38,7.889617071839e+08,7.889616380000e+08,0,GPS,21,0,L1,-3.313349390000e+08,-9.144300360916e+07,-1.641823323426e+08,1.825146508695e+07,1.109058784538e+07,1.678974466007e+07,8.038000539311e+06,1.667000539311e+06,1.721033477820e+01,2.270562742297e+01,0,0,0,0,0,0,0,0,0
155,38,7.889617071839e+08,7.889616380000e+08,0,GPS,27,0,L1,-3.313349390000e+08,-9.144300360916e+07,-1.641823323426e+08,1.939953011312e+07,1.284429607877e+07,-1.345326037834e+07,2.198817543479e+07,1.561717543479e+07,5.489910248433e+01,1.416822940505e+01,0,0,0,0,0,0,0,0,0
156,39,7.889617081839e+08,7.889616390000e+08,0,GPS,2,0,L1,-3.313425377184e+08,-9.141876917272e+07,-1.641828637527e+08,1.725388369942e+07,3.654331347258e+06,2.040736506532e+07,1.021344255547e+07,3.842442555466e+06,2.225086017324e+01,1.704876667245e+01,0,0,0,0,0,0,0,0,0
157,39,7.889617081839e+08,7.889616390000e+08,0,GPS,4,0,L1,-3.313425377184e+08,-9.141876917272e+07,-1.641828637527e+08,2.534489417410e+07,-2.604542133529e+05,-8.077233042907e+06,1.820768153769e+07,1.183668153769e+07,4.319194071693e+01,1.267609269160e+01,0,0,0,0,0,0,0,0,0
158,39,7.889617081839e+08,7.889616390000e+08,0,GPS,21,0,L1,-3.313425377184e+08,-9.141876917272e+07,-1.641828637527e+08,1.825222940284e+07,1.109243818159e+07,1.678771683629e+07,8.038479795079e+06,1.667479795079e+06,1.721138263597e+01,2.270336352651e+01,0,0,0,0,0,0,0,0,0
159,39,7.889617081839e+08,7.889616390000e+08,0,GPS,27,0,L1,-3.313425377184e+08,-9.141876917272e+07,-1.641828637527e+08,1.939786120236e+07,1.284421934877e+07,-1.345571536893e+07,2.199012380169e+07,1.561912380169e+07,5.490636389075e+01,1.416846497648e+01,0,0,0,0,0,0,0,0,0
160,40,7.889617091839e+08,7.889616400000e+08,0,GPS,2,0,L1,-3.313501345179e+08,-9.139453441501e+07,-1.641833957947e+08,1.725485851681e+07,3.656593489258e+06,2.040611858188e+07,1.021141701001e+07,3.840417010011e+06,2.224622252938e+01,1.705972280082e+01,0,0,0,0,0,0,0,0,0
161,40,7.889617091839e+08,7.889616400000e+08,0,GPS,4,0,L1,-3.313501345179e+08,-9.139453441501e+07,-1.641833957947e+08,2.534582149575e+07,-2.600158814969e+05,-8.074276301757e+06,1.820510336521e+07,1.183410336521e+07,4.318436188641e+01,1.269020866878e+01,0,0,0,0,0,0,0,0,0
162,40,7.889617091839e+08,7.889616400000e+08,0,GPS,21,0,L1,-3.313501345179e+08,-9.139453441501e+07,-1.641833957947e+08,1.825299408567e+07,1.109428846478e+07,1.678568901278e+07,8.038960548553e+06,1.667960548553e+06,1.721243346299e+01,2.270109322225e+01,0,0,0,0,0,0,0,0,0
163,40,7.889617091839e+08,7.889616400000e+08,0,GPS,27,0,L1,-3.313501345179e+08,-9.139453441501e+07,-1.641833957947e+08,1.939619238391e+07,1.284414293019e+07,-1.345817035920e+07,2.199207230412e+07,1.562107230412e+07,5.491362546726e+01,1.416870020321e+01,0,0,0,0,0,0,0,0,0
164,41,7.889617101839e+08,7.889616410000e+08,0,GPS,2,0,L1,-3.313577293982e+08,-9.137029933648e+07,-1.641839284685e+08,1.725583375586e+07,3.658855508502e+06,2.040487209845e+07,1.020939223050e+07,3.838392230498e+06,2.224158632714e+01,1.707067348999e+01,0,0,0,0,0,0,0,0,0
165,41,7.889617101839e+08,7.889616410000e+08,0,GPS,4,0,L1,-3.313577293982e+08,-9.137029933648e+07,-1.641839284685e+08,2.534674901610e+07,-2.595776862807e+05,-8.071319560606e+06,1.820252531722e+07,1.183152531722e+07,4.317678322457e+01,1.270432857003e+01,0,0,0,0,0,0,0,0,0
166,41,7.889617101839e+08,7.889616410000e+08,0,GPS,21,0,L1,-3.313577293982e+08,-9.137029933648e+07,-1.641839284685e+08,1.825375913537e+07,1.109613869592e+07,1.678366118900e+07,8.039442799694e+06,1.668442799694e+06,1.721348725913e+01,2.269881651128e+01,0,0,0,0,0,0,0,0,0
167,41,7.889617101839e+08,7.889616410000e+08,0,GPS,27,0,L1,-3.313577293982e+08,-9.137029933648e+07,-1.641839284685e+08,1.939452365715e+07,1.284406682355e+07,-1.346062534979e+07,2.199402094261e+07,1.562302094261e+07,5.492088721533e+01,1.416893508543e+01,0,0,0,0,0,0,0,0,0
168,42,7.889617111839e+08,7.889616420000e+08,0,GPS,2,0,L1,-3.313653223590e+08,-9.134606393758e+07,-1.641844617738e+08,1.725680941655e+07,3.661117404940e+06,2.040362561501e+07,1.020736821738e+07,3.836368217375e+06,2.223695156765e+01,1.708161874025e+01,0,0,0,0,0,0,0,0,0
169,42,7.889617111839e+08,7.889616420000e+08,0,GPS,4,0,L1,-3.313653223590e+08,-9.134606393758e+07,-1.641844617738e+08,2.534767673512e+07,-2.591396277310e+05,-8.068362819456e+06,1.819994739377e+07,1.182894739377e+07,4.316920473179e+01,1.271845239691e+01,0,0,0,0,0,0,0,0,0
170,42,7.889617111839e+08,7.889616420000e+08,0,GPS,21,0,L1,-3.313653223590e+08,-9.134606393758e+07,-1.641844617738e+08,1.825452455201e+07,1.109798887397e+07,1.678163336549e+07,8.039926548004e+06,1.668926548004e+06,1.721454402331e+01,2.269653339573e+01,0,0,0,0,0,0,0,0,0
171,42,7.889617111839e+08,7.889616420000e+08,0,GPS,27,0,L1,-3.313653223590e+08,-9.134606393758e+07,-1.641844617738e+08,1.939285502243e+07,1.284399102858e+07,-1.346308034038e+07,2.199596971683e+07,1.562496971683e+07,5.492814913364e+01,1.416916962322e+01,0,0,0,0,0,0,0,0,0
172,43,7.889617121839e+08,7.889616430000e+08,0,GPS,2,0,L1,-3.313729133987e+08,-9.132182822356e+07,-1.641849957103e+08,1.725778549883e+07,3.663379178773e+06,2.040237913157e+07,1.020534497109e+07,3.834344971093e+06,2.223231825205e+01,1.709255855193e+01,0,0,0,0,0,0,0,0,0
173,43,7.889617121839e+08,7.889616430000e+08,0,GPS,4,0,L1,-3.313729133987e+08,-9.132182822356e+07,-1.641849957103e+08,2.534860465273e+07,-2.587017058959e+05,-8.065406078633e+06,1.819736959521e+07,1.182636959521e+07,4.316162640937e+01,1.273258014923e+01,0,0,0,0,0,0,0,0,0
174,43,7.889617121839e+08,7.889616430000e+08,0,GPS,21,0,L1,-3.313729133987e+08,-9.132182822356e+07,-1.641849957103e+08,1.825529033538e+07,1.109983899963e+07,1.677960554197e+07,8.040411793326e+06,1.669411793326e+06,1.721560375515e+01,2.269424387692e+01,0,0,0,0,0,0,0,0,0
175,43,7.889617121839e+08,7.889616430000e+08,0,GPS,27,0,L1,-3.313729133987e+08,-9.132182822356e+07,-1.641849957103e+08,1.939118647995e+07,1.284391554526e+07,-1.346553533064e+07,2.199791862644e+07,1.562691862644e+07,5.493541122085e+01,1.416940381665e+01,0,0,0,0,0,0,0,0,0
176,44,7.889617131839e+08,7.889616440000e+08,0,GPS,2,0,L1,-3.313805025203e+08,-9.129759218283e+07,-1.641855302779e+08,1.725876200281e+07,3.665640829326e+06,2.040113264814e+07,1.020332249210e+07,3.832322492100e+06,2.222768638148e+01,1.710349292534e+01,0,0,0,0,0,0,0,0,0
177,44,7.889617131839e+08,7.889616440000e+08,0,GPS,4,0,L1,-3.313805025203e+08,-9.129759218283e+07,-1.641855302779e+08,2.534953276907e+07,-2.582639209434e+05,-8.062449337484e+06,1.819479192093e+07,1.182379192093e+07,4.315404825585e+01,1.274671183194e+01,0,0,0,0,0,0,0,0,0
178,44,7.889617131839e+08,7.889616440000e+08,0,GPS,21,0,L1,-3.313805025203e+08,-9.129759218283e+07,-1.641855302779e+08,1.825605648586e+07,1.110168907271e+07,1.677757771819e+07,8.040898535507e+06,1.669898535507e+06,1.721666645429e+01,2.269194795620e+01,0,0,0,0,0,0,0,0,0
179,44,7.889617131839e+08,7.889616440000e+08,0,GPS,27,0,L1,-3.313805025203e+08,-9.129759218283e+07,-1.641855302779e+08,1.938951802955e+07,1.284384037344e+07,-1.346799032123e+07,2.199986767198e+07,1.562886767198e+07,5.494267347844e+01,1.416963766589e+01,0,0,0,0,0,0,0,0,0
180,45,7.889617141839e+08,7.889616450000e+08,0,GPS,2,0,L1,-3.313880897196e+08,-9.127335583029e+07,-1.641860654763e+08,1.725973892831e+07,3.667902357301e+06,2.039988616470e+07,1.020130078085e+07,3.830300780845e+06,2.222305595706e+01,1.711442186079e+01,0,0,0,0,0,0,0,0,0
181,45,7.889617141839e+08,7.889616450000e+08,0,GPS,4,0,L1,-3.313880897196e+08,-9.127335583029e+07,-1.641860654763e+08,2.535046108405e+07,-2.578262721839e+05,-8.059492596334e+06,1.819221437129e+07,1.182121437129e+07,4.314647027254e+01,1.276084744488e+01,0,0,0,0,0,0,0,0,0
182,45,7.889617141839e+08,7.889616450000e+08,0,GPS,21,0,L1,-3.313880897196e+08,-9.127335583029e+07,-1.641860654763e+08,1.825682300301e+07,1.110353909296e+07,1.677554989468e+07,8.041386774042e+06,1.670386774042e+06,1.721773211961e+01,2.268964563573e+01,0,0,0,0,0,0,0,0,0
183,45,7.889617141839e+08,7.889616450000e+08,0,GPS,27,0,L1,-3.313880897196e+08,-9.127335583029e+07,-1.641860654763e+08,1.938784967102e+07,1.284376551365e+07,-1.347044531182e+07,2.200181685312e+07,1.563081685312e+07,5.494993590508e+01,1.416987117103e+01,0,0,0,0,0,0,0,0,0
184,46,7.889617151839e+08,7.889616460000e+08,0,GPS,2,0,L1,-3.313956750008e+08,-9.124911914951e+07,-1.641866013054e+08,1.726071627552e+07,3.670163761770e+06,2.039863968126e+07,1.019927983778e+07,3.828279837779e+06,2.221842697993e+01,1.712534535863e+01,0,0,0,0,0,0,0,0,0
185,46,7.889617151839e+08,7.889616460000e+08,0,GPS,4,0,L1,-3.313956750008e+08,-9.124911914951e+07,-1.641866013054e+08,2.535138959764e+07,-2.573887609352e+05,-8.056535855186e+06,1.818963694632e+07,1.181863694632e+07,4.313889245982e+01,1.277498698957e+01,0,0,0,0,0,0,0,0,0
186,46,7.889617151839e+08,7.889616460000e+08,0,GPS,21,0,L1,-3.313956750008e+08,-9.124911914951e+07,-1.641866013054e+08,1.825758988738e+07,1.110538905990e+07,1.677352207116e+07,8.041876508775e+06,1.670876508775e+06,1.721880075076e+01,2.268733691683e+01,0,0,0,0,0,0,0,0,0
187,46,7.889617151839e+08,7.889616460000e+08,0,GPS,27,0,L1,-3.313956750008e+08,-9.124911914951e+07,-1.641866013054e+08,1.938618140541e+07,1.284369096463e+07,-1.347290030208e+07,2.200376616952e+07,1.563276616952e+07,5.495719849943e+01,1.417010433214e+01,0,0,0,0,0,0,0,0,0
188,47,7.889617161839e+08,7.889616470000e+08,0,GPS,2,0,L1,-3.314032583592e+08,-9.122488215782e+07,-1.641871377648e+08,1.726169404423e+07,3.672425043563e+06,2.039739319782e+07,1.019725966335e+07,3.826259663351e+06,2.221379945123e+01,1.713626341916e+01,0,0,0,0,0,0,0,0,0
189,47,7.889617161839e+08,7.889616470000e+08,0,GPS,4,0,L1,-3.314032583592e+08,-9.122488215782e+07,-1.641871377648e+08,2.535231830984e+07,-2.569513859329e+05,-8.053579114037e+06,1.818705964605e+07,1.181605964605e+07,4.313131481807e+01,1.278913046757e+01,0,0,0,0,0,0,0,0,0
190,47,7.889617161839e+08,7.889616470000e+08,0,GPS,21,0,L1,-3.314032583592e+08,-9.122488215782e+07,-1.641871377648e+08,1.825835713836e+07,1.110723897492e+07,1.677149424738e+07,8.042367739550e+06,1.671367739550e+06,1.721987234735e+01,2.268502180088e+01,0,0,0,0,0,0,0,0,0
191,47,7.889617161839e+08,7.889616470000e+08,0,GPS,27,0,L1,-3.314032583592e+08,-9.122488215782e+07,-1.641871377648e+08,1.938451323141e+07,1.284361672790e+07,-1.347535529267e+07,2.200571562173e+07,1.563471562173e+07,5.496446126297e+01,1.417033714940e+01,0,0,0,0,0,0,0,0,0
192,48,7.889617171839e+08,7.889616480000e+08,0,GPS,2,0,L1,-3.314108397969e+08,-9.120064484601e+07,-1.641876748544e+08,1.726266925794e+07,3.674685796299e+06,2.039614356676e+07,1.019523887003e+07,3.824238870032e+06,2.220917395191e+01,1.714715336106e+01,0,0,0,0,0,0,0,0,0
193,48,7.889617171839e+08,7.889616480000e+08,0,GPS,4,0,L1,-3.314108397969e+08,-9.120064484601e+07,-1.641876748544e+08,2.535324285347e+07,-2.565138716500e+05,-8.050621074851e+06,1.818447950610e+07,1.181347950610e+07,4.312373779345e+01,1.280341974473e+01,0,0,0,0,0,0,0,0,0
194,48,7.889617171839e+08,7.889616480000e+08,0,GPS,21,0,L1,-3.314108397969e+08,-9.120064484601e+07,-1.641876748544e+08,1.825912174756e+07,1.110908729610e+07,1.676946392493e+07,8.042859540749e+06,1.671859540749e+06,1.722094760769e+01,2.268269341954e+01,0,0,0,0,0,0,0,0,0
195,48,7.889617171839e+08,7.889616480000e+08,0,GPS,27,0,L1,-3.314108397969e+08,-9.120064484601e+07,-1.641876748544e+08,1.938284182561e+07,1.284354036433e+07,-1.347780796373e+07,2.200766148498e+07,1.563666148498e+07,5.497172473447e+01,1.417058608284e+01,0,0,0,0,0,0,0,0,0
196,49,7.889617181839e+08,7.889616490000e+08,0,GPS,2,0,L1,-3.314184193131e+08,-9.117640721694e+07,-1.641882125740e+08,1.726363674942e+07,3.676947358702e+06,2.039489026334e+07,1.019321875151e+07,3.822218751506e+06,2.220455650148e+01,1.715802286763e+01,0,0,0,0,0,0,0,0,0
197,49,7.889617181839e+08,7.889616490000e+08,0,GPS,4,0,L1,-3.314184193131e+08,-9.117640721694e+07,-1.641882125740e+08,2.535416084219e+07,-2.560750152899e+05,-8.047661495506e+06,1.818189503195e+07,1.181089503195e+07,4.311616173031e+01,1.281770123302e+01,0,0,0,0,0,0,0,0,0
198,49,7.889617181839e+08,7.889616490000e+08,0,GPS,21,0,L1,-3.314184193131e+08,-9.117640721694e+07,-1.641882125740e+08,1.825987917927e+07,1.111093430859e+07,1.676743058794e+07,8.043353885740e+06,1.672353885740e+06,1.722203301452e+01,2.268034337037e+01,0,0,0,0,0,0,0,0,0
199,49,7.889617181839e+08,7.889616490000e+08,0,GPS,27,0,L1,-3.314184193131e+08,-9.117640721694e+07,-1.641882125740e+08,1.938116620214e+07,1.284345822164e+07,-1.348025844429e+07,2.200960222062e+07,1.563860222062e+07,5.497899047785e+01,1.417083370333e+01,0,0,0,0,0,0,0,0,0
200,50,7.889617191839e+08,7.889616500000e+08,0,GPS,2,0,L1,-3.314259969075e+08,-9.115216927106e+07,-1.641887509233e+08,1.726460466246e+07,3.679208798987e+06,2.039363696009e+07,1.019119940486e+07,3.820199404859e+06,2.219994050242e+01,1.716888669211e+01,0,0,0,0,0,0,0,0,0
201,50,7.889617191839e+08,7.889616500000e+08,0,GPS,4,0,L1,-3.314259969075e+08,-9.115216927106e+07,-1.641887509233e+08,2.535507902973e+07,-2.556362941876e+05,-8.044701916161e+06,1.817931068278e+07,1.180831068278e+07,4.310858583269e+01,1.283198680894e+01,0,0,0,0,0,0,0,0,0
202,50,7.889617191839e+08,7.889616500000e+08,0,GPS,21,0,L1,-3.314259969075e+08,-9.115216927106e+07,-1.641887509233e+08,1.826063697748e+07,1.111278126917e+07,1.676539725122e+07,8.043849725948e+06,1.672849725948e+06,1.722312138582e+01,2.267798691983e+01,0,0,0,0,0,0,0,0,0
203,50,7.889617191839e+08,7.889616500000e+08,0,GPS,27,0,L1,-3.314259969075e+08,-9.115216927106e+07,-1.641887509233e+08,1.937949067012e+07,1.284337639134e+07,-1.348270892454e+07,2.201154309088e+07,1.564054309088e+07,5.498625639359e+01,1.417108099557e+01,0,0,0,0,0,0,0,0,0
204,51,7.889617201839e+08,7.889616510000e+08,0,GPS,2,0,L1,-3.314335725797e+08,-9.112793100881e+07,-1.641892899021e+08,1.726557299711e+07,3.681470117644e+06,2.039238365684e+07,1.018918083027e+07,3.818180830267e+06,2.219532595524e+01,1.717974483592e+01,0,0,0,0,0,0,0,0,0
205,51,7.889617201839e+08,7.889616510000e+08,0,GPS,4,0,L1,-3.314335725797e+08,-9.112793100881e+07,-1.641892899021e+08,2.535599741607e+07,-2.551977083695e+05,-8.041742336817e+06,1.817672645863e+07,1.180572645863e+07,4.310101010096e+01,1.284627647412e+01,0,0,0,0,0,0,0,0,0
206,51,7.889617201839e+08,7.889616510000e+08,0,GPS,21,0,L1,-3.314335725797e+08,-9.112793100881e+07,-1.641892899021e+08,1.826139514212e+07,1.111462817880e+07,1.676336391422e+07,8.044347061330e+06,1.673347061330e+06,1.722421272146e+01,2.267562406897e+01,0,0,0,0,0,0,0,0,0
207,51,7.889617201839e+08,7.889616510000e+08,0,GPS,27,0,L1,-3.314335725797e+08,-9.112793100881e+07,-1.641892899021e+08,1.937781522890e+07,1.284329487397e+07,-1.348515940510e+07,2.201348409630e+07,1.564248409630e+07,5.499352248313e+01,1.417132795969e+01,0,0,0,0,0,0,0,0,0
208,52,7.889617211839e+08,7.889616520000e+08,0,GPS,2,0,L1,-3.314411463282e+08,-9.110369243546e+07,-1.641898295103e+08,1.726654175336e+07,3.683731315411e+06,2.039113035342e+07,1.018716302791e+07,3.816163027909e+06,2.219071286047e+01,1.719059730051e+01,0,0,0,0,0,0,0,0,0
209,52,7.889617211839e+08,7.889616520000e+08,0,GPS,4,0,L1,-3.314411463282e+08,-9.110369243546e+07,-1.641898295103e+08,2.535691600120e+07,-2.547592574936e+05,-8.038782757473e+06,1.817414235954e+07,1.180314235954e+07,4.309343453553e+01,1.286057023016e+01,0,0,0,0,0,0,0,0,0
210,52,7.889617211839e+08,7.889616520000e+08,0,GPS,21,0,L1,-3.314411463282e+08,-9.110369243546e+07,-1.641898295103e+08,1.826215367305e+07,1.111647503719e+07,1.676133057723e+07,8.044845891493e+06,1.673845891493e+06,1.722530702056e+01,2.267325481967e+01,0,0,0,0,0,0,0,0,0
211,52,7.889617211839e+08,7.889616520000e+08,0,GPS,27,0,L1,-3.314411463282e+08,-9.110369243546e+07,-1.641898295103e+08,1.937613987866e+07,1.284321366952e+07,-1.348760988567e+07,2.201542523654e+07,1.564442523654e+07,5.500078874515e+01,1.417146189007e+01,0,0,0,0,0,0,0,0,0
212,53,7.889617221839e+08,7.889616530000e+08,0,GPS,2,0,L1,-3.314487181560e+08,-9.107945353939e+07,-1.641903697475e+08,1.726751093122e+07,3.685992390536e+06,2.038987705017e+07,1.018514599879e+07,3.814145998787e+06,2.218610122048e+01,1.720144408345e+01,0,0,0,0,0,0,0,0,0
213,53,7.889617221839e+08,7.889616530000e+08,0,GPS,4,0,L1,-3.314487181560e+08,-9.107945353939e+07,-1.641903697475e+08,2.535783478509e+07,-2.543209425088e+05,-8.035823178129e+06,1.817155838554e+07,1.180055838554e+07,4.308585913675e+01,1.287486807870e+01,0,0,0,0,0,0,0,0,0
214,53,7.889617221839e+08,7.889616530000e+08,0,GPS,21,0,L1,-3.314487181560e+08,-9.107945353939e+07,-1.641903697475e+08,1.826291257072e+07,1.111832184315e+07,1.675929724050e+07,8.045346216042e+06,1.674346216042e+06,1.722640428227e+01,2.267087917383e+01,0,0,0,0,0,0,0,0,0
215,53,7.889617221839e+08,7.889616530000e+08,0,GPS,27,0,L1,-3.314487181560e+08,-9.107945353939e+07,-1.641903697475e+08,1.937446461992e+07,1.284313277727e+07,-1.349006036623e+07,2.201736651155e+07,1.564636651155e+07,5.500805517925e+01,1.417118564738e+01,0,0,0,0,0,0,0,0,0
216,54,7.889617231839e+08,7.889616540000e+08,0,GPS,2,0,L1,-3.314562880588e+08,-9.105521433552e+07,-1.641909106135e+08,1.726848053056e+07,3.688253344260e+06,2.038862374691e+07,1.018312974308e+07,3.812129743077e+06,2.218149103580e+01,1.721228518619e+01,0,0,0,0,0,0,0,0,0
217,54,7.889617231839e+08,7.889616540000e+08,0,GPS,4,0,L1,-3.314562880588e+08,-9.105521433552e+07,-1.641909106135e+08,2.535875376775e+07,-2.538827623349e+05,-8.032863598786e+06,1.816897453666e+07,1.179797453666e+07,4.307828390503e+01,1.288917002134e+01,0,0,0,0,0,0,0,0,0
218,54,7.889617231839e+08,7.889616540000e+08,0,GPS,21,0,L1,-3.314562880588e+08,-9.105521433552e+07,-1.641909106135e+08,1.826367183456e+07,1.112016859841e+07,1.675726390351e+07,8.045848034934e+06,1.674848034934e+06,1.722750450643e+01,2.266849713250e+01,0,0,0,0,0,0,0,0,0
219,54,7.889617231839e+08,7.889616540000e+08,0,GPS,27,0,L1,-3.314562880588e+08,-9.105521433552e+07,-1.641909106135e+08,1.937278945214e+07,1.284305219806e+07,-1.349251084679e+07,2.201930792129e+07,1.564830792129e+07,5.501532178505e+01,1.417090918563e+01,0,0,0,0,0,0,0,0,0
220,55,7.889617241839e+08,7.889616550000e+08,0,GPS,2,0,L1,-3.314638560410e+08,-9.103097480741e+07,-1.641914521082e+08,1.726945055163e+07,3.690514176192e+06,2.038737044349e+07,1.018111426096e+07,3.810114260959e+06,2.217688230696e+01,1.722312061018e+01,0,0,0,0,0,0,0,0,0
221,55,7.889617241839e+08,7.889616550000e+08,0,GPS,4,0,L1,-3.314638560410e+08,-9.103097480741e+07,-1.641914521082e+08,2.535967294914e+07,-2.534447182900e+05,-8.029904019443e+06,1.816639081294e+07,1.179539081294e+07,4.307070884073e+01,1.290347605972e+01,0,0,0,0,0,0,0,0,0
222,55,7.889617241839e+08,7.889616550000e+08,0,GPS,21,0,L1,-3.314638560410e+08,-9.103097480741e+07,-1.641914521082e+08,1.826443146520e+07,1.112201530103e+07,1.675523056679e+07,8.046351347653e+06,1.675351347653e+06,1.722860769193e+01,2.266610869786e+01,0,0,0,0,0,0,0,0,0
223,55,7.889617241839e+08,7.889616550000e+08,0,GPS,27,0,L1,-3.314638560410e+08,-9.103097480741e+07,-1.641914521082e+08,1.937111437636e+07,1.284297193060e+07,-1.349496132703e+07,2.202124946544e+07,1.565024946544e+07,5.502258856121e+01,1.417063250494e+01,0,0,0,0,0,0,0,0,0
224,56,7.889617251839e+08,7.889616560000e+08,0,GPS,2,0,L1,-3.314714220969e+08,-9.100673497480e+07,-1.641919942313e+08,1.727042099408e+07,3.692774886213e+06,2.038611714024e+07,1.017909955343e+07,3.808099553433e+06,2.217227503632e+01,1.723395035300e+01,0,0,0,0,0,0,0,0,0
225,56,7.889617251839e+08,7.889616560000e+08,0,GPS,4,0,L1,-3.314714220969e+08,-9.100673497480e+07,-1.641919942313e+08,2.536059232926e+07,-2.530068089247e+05,-8.026944440100e+06,1.816380721442e+07,1.179280721442e+07,4.306313394425e+01,1.291778619546e+01,0,0,0,0,0,0,0,0,0
226,56,7.889617251839e+08,7.889616560000e+08,0,GPS,21,0,L1,-3.314714220969e+08,-9.100673497480e+07,-1.641919942313e+08,1.826519146193e+07,1.112386195299e+07,1.675319722979e+07,8.046856154156e+06,1.675856154156e+06,1.722971383862e+01,2.266371387097e+01,0,0,0,0,0,0,0,0,0
227,56,7.889617251839e+08,7.889616560000e+08,0,GPS,27,0,L1,-3.314714220969e+08,-9.100673497480e+07,-1.641919942313e+08,1.936943939119e+07,1.284289197656e+07,-1.349741180760e+07,2.202319114452e+07,1.565219114452e+07,5.502985550919e+01,1.417035560533e+01,0,0,0,0,0,0,0,0,0
228,57,7.889617261839e+08,7.889616570000e+08,0,GPS,2,0,L1,-3.314789862309e+08,-9.098249482125e+07,-1.641925369825e+08,1.727139185815e+07,3.695035473931e+06,2.038486383699e+07,1.017708562068e+07,3.806085620680e+06,2.216766922442e+01,1.724477441611e+01,0,0,0,0,0,0,0,0,0
229,57,7.889617261839e+08,7.889616570000e+08,0,GPS,4,0,L1,-3.314789862309e+08,-9.098249482125e+07,-1.641925369825e+08,2.536151190809e+07,-2.525690355573e+05,-8.023984860758e+06,1.816122374113e+07,1.179022374113e+07,4.305555921596e+01,1.293210043017e+01,0,0,0,0,0,0,0,0,0
230,57,7.889617261839e+08,7.889616570000e+08,0,GPS,21,0,L1,-3.314789862309e+08,-9.098249482125e+07,-1.641925369825e+08,1.826595182535e+07,1.112570855285e+07,1.675116389280e+07,8.047362454044e+06,1.676362454044e+06,1.723082294564e+01,2.266131265374e+01,0,0,0,0,0,0,0,0,0
231,57,7.889617261839e+08,7.889616570000e+08,0,GPS,27,0,L1,-3.314789862309e+08,-9.098249482125e+07,-1.641925369825e+08,1.936776449766e+07,1.284281233466e+07,-1.349986228816e+07,2.202513295821e+07,1.565413295821e+07,5.503712262768e+01,1.417007848694e+01,0,0,0,0,0,0,0,0,0
232,58,7.889617271839e+08,7.889616580000e+08,0,GPS,2,0,L1,-3.314865484395e+08,-9.095825435926e+07,-1.641930803617e+08,1.727236314374e+07,3.697295940462e+06,2.038361053356e+07,1.017507246288e+07,3.804072462878e+06,2.216306487178e+01,1.725559280096e+01,0,0,0,0,0,0,0,0,0
233,58,7.889617271839e+08,7.889616580000e+08,0,GPS,4,0,L1,-3.314865484395e+08,-9.095825435926e+07,-1.641930803617e+08,2.536243168571e+07,-2.521313969012e+05,-8.021025281089e+06,1.815864039278e+07,1.178764039278e+07,4.304798465532e+01,1.294641876720e+01,0,0,0,0,0,0,0,0,0
234,58,7.889617271839e+08,7.889616580000e+08,0,GPS,21,0,L1,-3.314865484395e+08,-9.095825435926e+07,-1.641930803617e+08,1.826671255507e+07,1.112755510071e+07,1.674913055607e+07,8.047870246917e+06,1.676870246917e+06,1.723193501208e+01,2.265890504808e+01,0,0,0,0,0,0,0,0,0
235,58,7.889617271839e+08,7.889616580000e+08,0,GPS,27,0,L1,-3.314865484395e+08,-9.095825435926e+07,-1.641930803617e+08,1.936608969534e+07,1.284273300561e+07,-1.350231276871e+07,2.202707490646e+07,1.565607490646e+07,5.504438991627e+01,1.416980114983e+01,0,0,0,0,0,0,0,0,0
236,59,7.889617281839e+08,7.889616590000e+08,0,GPS,2,0,L1,-3.314941087235e+08,-9.093401358445e+07,-1.641936243687e+08,1.727333485078e+07,3.699556284432e+06,2.038235723031e+07,1.017306008103e+07,3.802060081028e+06,2.215846198078e+01,1.726640550515e+01,0,0,0,0,0,0,0,0,0
237,59,7.889617281839e+08,7.889616590000e+08,0,GPS,4,0,L1,-3.314941087235e+08,-9.093401358445e+07,-1.641936243687e+08,2.536335166192e+07,-2.516938941332e+05,-8.018065701747e+06,1.815605717005e+07,1.178505717005e+07,4.304041026457e+01,1.296074120474e+01,0,0,0,0,0,0,0,0,0
238,59,7.889617281839e+08,7.889616590000e+08,0,GPS,21,0,L1,-3.314941087235e+08,-9.093401358445e+07,-1.641936243687e+08,1.826747365119e+07,1.112940159727e+07,1.674709721908e+07,8.048379532730e+06,1.677379532730e+06,1.723305003782e+01,2.265649105507e+01,0,0,0,0,0,0,0,0,0
239,59,7.889617281839e+08,7.889616590000e+08,0,GPS,27,0,L1,-3.314941087235e+08,-9.093401358445e+07,-1.641936243687e+08,1.936441498445e+07,1.284265398909e+07,-1.350476324927e+07,2.202901698923e+07,1.565801698923e+07,5.505165737457e+01,1.416952359410e+01,0,0,0,0,0,0,0,0,0
240,60,7.889617291839e+08,7.889616600000e+08,0,GPS,2,0,L1,-3.315016670849e+08,-9.090977249003e+07,-1.641941690031e+08,1.727430697939e+07,3.701816505950e+06,2.038110392705e+07,1.017104847531e+07,3.800048475310e+06,2.215386055194e+01,1.727721253015e+01,0,0,0,0,0,0,0,0,0
241,60,7.889617291839e+08,7.889616600000e+08,0,GPS,4,0,L1,-3.315016670849e+08,-9.090977249003e+07,-1.641941690031e+08,2.536427183679e+07,-2.512565274432e+05,-8.015106122406e+06,1.815347407266e+07,1.178247407266e+07,4.303283604315e+01,1.297506774611e+01,0,0,0,0,0,0,0,0,0
242,60,7.889617291839e+08,7.889616600000e+08,0,GPS,21,0,L1,-3.315016670849e+08,-9.090977249003e+07,-1.641941690031e+08,1.826823511402e+07,1.113124804109e+07,1.674506388235e+07,8.048890310962e+06,1.677890310962e+06,1.723416802171e+01,2.265407067690e+01,0,0,0,0,0,0,0,0,0
243,60,7.889617291839e+08,7.889616600000e+08,0,GPS,27,0,L1,-3.315016670849e+08,-9.090977249003e+07,-1.641941690031e+08,1.936274036564e+07,1.284257528441e+07,-1.350721372951e+07,2.203095920618e+07,1.565995920618e+07,5.505892500125e+01,1.416924581987e+01,0,0,0,0,0,0,0,0,0
244,61,7.889617301839e+08,7.889616610000e+08,0,GPS,2,0,L1,-3.315092235185e+08,-9.088553109333e+07,-1.641947142648e+08,1.727527952944e+07,3.704076606385e+06,2.037985062362e+07,1.016903764590e+07,3.798037645904e+06,2.214926058579e+01,1.728801387742e+01,0,0,0,0,0,0,0,0,0
245,61,7.889617301839e+08,7.889616610000e+08,0,GPS,4,0,L1,-3.315092235185e+08,-9.088553109333e+07,-1.641947142648e+08,2.536519221033e+07,-2.508192955660e+05,-8.012146543065e+06,1.815089110064e+07,1.177989110064e+07,4.302526199145e+01,1.298939839296e+01,0,0,0,0,0,0,0,0,0
246,61,7.889617301839e+08,7.889616610000e+08,0,GPS,21,0,L1,-3.315092235185e+08,-9.088553109333e+07,-1.641947142648e+08,1.826899694292e+07,1.113309443405e+07,1.674303054536e+07,8.049402581569e+06,1.678402581569e+06,1.723528896362e+01,2.265164391465e+01,0,0,0,0,0,0,0,0,0
247,61,7.889617301839e+08,7.889616610000e+08,0,GPS,27,0,L1,-3.315092235185e+08,-9.088553109333e+07,-1.641947142648e+08,1.936106583763e+07,1.284249689308e+07,-1.350966421007e+07,2.203290155785e+07,1.566190155785e+07,5.506619279777e+01,1.416896782717e+01,0,0,0,0,0,0,0,0,0
248,62,7.889617311839e+08,7.889616620000e+08,0,GPS,2,0,L1,-3.315167780288e+08,-9.086128937790e+07,-1.641952601536e+08,1.727625250098e+07,3.706336583733e+06,2.037859732037e+07,1.016702759381e+07,3.796027593812e+06,2.214466208471e+01,1.729880954457e+01,0,0,0,0,0,0,0,0,0
249,62,7.889617311839e+08,7.889616620000e+08,0,GPS,4,0,L1,-3.315167780288e+08,-9.086128937790e+07,-1.641952601536e+08,2.536611278249e+07,-2.503821998199e+05,-8.009186963724e+06,1.814830825402e+07,1.177730825402e+07,4.301768810985e+01,1.300373314690e+01,0,0,0,0,0,0,0,0,0
250,62,7.889617311839e+08,7.889616620000e+08,0,GPS,21,0,L1,-3.315167780288e+08,-9.086128937790e+07,-1.641952601536e+08,1.826975913852e+07,1.113494077417e+07,1.674099720863e+07,8.049916344026e+06,1.678916344026e+06,1.723641286239e+01,2.264921077055e+01,0,0,0,0,0,0,0,0,0
251,62,7.889617311839e+08,7.889616620000e+08,0,GPS,27,0,L1,-3.315167780288e+08,-9.086128937790e+07,-1.641952601536e+08,1.935939140144e+07,1.284241881382e+07,-1.351211469063e+07,2.203484404392e+07,1.566384404392e+07,5.507346076282e+01,1.416868961611e+01,0,0,0,0,0,0,0,0,0
252,63,7.889617321839e+08,7.889616630000e+08,0,GPS,2,0,L1,-3.315243306115e+08,-9.083704735866e+07,-1.641958066691e+08,1.727722589390e+07,3.708596439235e+06,2.037734401712e+07,1.016501831921e+07,3.794018319214e+06,2.214006504921e+01,1.730959953308e+01,0,0,0,0,0,0,0,0,0
253,63,7.889617321839e+08,7.889616630000e+08,0,GPS,4,0,L1,-3.315243306115e+08,-9.083704735866e+07,-1.641958066691e+08,2.536703355328e+07,-2.499452391243e+05,-8.006227384384e+06,1.814572553285e+07,1.177472553285e+07,4.301011439874e+01,1.301807200956e+01,0,0,0,0,0,0,0,0,0
254,63,7.889617321839e+08,7.889616630000e+08,0,GPS,21,0,L1,-3.315243306115e+08,-9.083704735866e+07,-1.641958066691e+08,1.827052170026e+07,1.113678706322e+07,1.673896387163e+07,8.050431598287e+06,1.679431598287e+06,1.723753971789e+01,2.264677124567e+01,0,0,0,0,0,0,0,0,0
255,63,7.889617321839e+08,7.889616630000e+08,0,GPS,27,0,L1,-3.315243306115e+08,-9.083704735866e+07,-1.641958066691e+08,1.935771705655e+07,1.284234104747e+07,-1.351456517118e+07,2.203678666432e+07,1.566578666432e+07,5.508072889598e+01,1.416841118678e+01,0,0,0,0,0,0,0,0,0
256,64,7.889617331839e+08,7.889616640000e+08,0,GPS,2,0,L1,-3.315318812709e+08,-9.081280501917e+07,-1.641963538113e+08,1.727819970837e+07,3.710856171962e+06,2.037609071386e+07,1.016300982256e+07,3.792009822564e+06,2.213546948046e+01,1.732038384313e+01,0,0,0,0,0,0,0,0,0
257,64,7.889617331839e+08,7.889616640000e+08,0,GPS,4,0,L1,-3.315318812709e+08,-9.081280501917e+07,-1.641963538113e+08,2.536795452268e+07,-2.495084147979e+05,-8.003267805044e+06,1.814314293715e+07,1.177214293715e+07,4.300254085849e+01,1.303241498255e+01,0,0,0,0,0,0,0,0,0
258,64,7.889617331839e+08,7.889616640000e+08,0,GPS,21,0,L1,-3.315318812709e+08,-9.081280501917e+07,-1.641963538113e+08,1.827128462878e+07,1.113863329922e+07,1.673693053491e+07,8.050948343827e+06,1.679948343827e+06,1.723866952896e+01,2.264432534223e+01,0,0,0,0,0,0,0,0,0
259,64,7.889617331839e+08,7.889616640000e+08,0,GPS,27,0,L1,-3.315318812709e+08,-9.081280501917e+07,-1.641963538113e+08,1.935604280398e+07,1.284226359276e+07,-1.351701565142e+07,2.203872941874e+07,1.566772941874e+07,5.508799719594e+01,1.416813253930e+01,0,0,0,0,0,0,0,0,0
260,65,7.889617341839e+08,7.889616650000e+08,0,GPS,2,0,L1,-3.315394300015e+08,-9.078856237916e+07,-1.641969015798e+08,1.727917394422e+07,3.713115783408e+06,2.037483741043e+07,1.016100210404e+07,3.790002104044e+06,2.213087537898e+01,1.733116247620e+01,0,0,0,0,0,0,0,0,0
261,65,7.889617341839e+08,7.889616650000e+08,0,GPS,4,0,L1,-3.315394300015e+08,-9.078856237916e+07,-1.641969015798e+08,2.536887569067e+07,-2.490717253906e+05,-8.000308225704e+06,1.814056046696e+07,1.176956046696e+07,4.299496748948e+01,1.304676206752e+01,0,0,0,0,0,0,0,0,0
262,65,7.889617341839e+08,7.889616650000e+08,0,GPS,21,0,L1,-3.315394300015e+08,-9.078856237916e+07,-1.641969015798e+08,1.827204792335e+07,1.114047948418e+07,1.673489719791e+07,8.051466580600e+06,1.680466580600e+06,1.723980229546e+01,2.264187306134e+01,0,0,0,0,0,0,0,0,0
263,65,7.889617341839e+08,7.889616650000e+08,0,GPS,27,0,L1,-3.315394300015e+08,-9.078856237916e+07,-1.641969015798e+08,1.935436864236e+07,1.284218645135e+07,-1.351946613198e+07,2.204067230771e+07,1.566967230771e+07,5.509526566416e+01,1.416785367370e+01,0,0,0,0,0,0,0,0,0
264,66,7.889617351839e+08,7.889616660000e+08,0,GPS,2,0,L1,-3.315469768069e+08,-9.076431942461e+07,-1.641974499745e+08,1.728014860149e+07,3.715375271694e+06,2.037358410718e+07,1.015899516466e+07,3.787995164655e+06,2.212628274714e+01,1.734193542992e+01,0,0,0,0,0,0,0,0,0
265,66,7.889617351839e+08,7.889616660000e+08,0,GPS,4,0,L1,-3.315469768069e+08,-9.076431942461e+07,-1.641974499745e+08,2.536979705724e+07,-2.486351720366e+05,-7.997348646365e+06,1.813797812232e+07,1.176697812232e+07,4.298739429210e+01,1.306111326608e+01,0,0,0,0,0,0,0,0,0
266,66,7.889617351839e+08,7.889616660000e+08,0,GPS,21,0,L1,-3.315469768069e+08,-9.076431942461e+07,-1.641974499745e+08,1.827281158449e+07,1.114232561676e+07,1.673286386092e+07,8.051986308197e+06,1.680986308197e+06,1.724093801649e+01,2.263941440493e+01,0,0,0,0,0,0,0,0,0
267,66,7.889617351839e+08,7.889616660000e+08,0,GPS,27,0,L1,-3.315469768069e+08,-9.076431942461e+07,-1.641974499745e+08,1.935269457261e+07,1.284210962209e+07,-1.352191661253e+07,2.204261533089e+07,1.567161533089e+07,5.510253429931e+01,1.416757459009e+01,0,0,0,0,0,0,0,0,0
268,67,7.889617361839e+08,7.889616670000e+08,0,GPS,2,0,L1,-3.315545216856e+08,-9.074007616078e+07,-1.641979989951e+08,1.728112368017e+07,3.717634637560e+06,2.037233080392e+07,1.015698900458e+07,3.785989004579e+06,2.212169158546e+01,1.735270270578e+01,0,0,0,0,0,0,0,0,0
269,67,7.889617361839e+08,7.889616670000e+08,0,GPS,4,0,L1,-3.315545216856e+08,-9.074007616078e+07,-1.641979989951e+08,2.537071862237e+07,-2.481987543934e+05,-7.994389067026e+06,1.813539590326e+07,1.176439590326e+07,4.297982126673e+01,1.307546857986e+01,0,0,0,0,0,0,0,0,0
270,67,7.889617361839e+08,7.889616670000e+08,0,GPS,21,0,L1,-3.315545216856e+08,-9.074007616078e+07,-1.641979989951e+08,1.827357561207e+07,1.114417169670e+07,1.673083052419e+07,8.052507526209e+06,1.681507526209e+06,1.724207669113e+01,2.263694937496e+01,0,0,0,0,0,0,0,0,0
271,67,7.889617361839e+08,7.889616670000e+08,0,GPS,27,0,L1,-3.315545216856e+08,-9.074007616078e+07,-1.641979989951e+08,1.935102059458e+07,1.284203310527e+07,-1.352436709309e+07,2.204455848824e+07,1.567355848824e+07,5.510980310100e+01,1.416729528857e+01,0,0,0,0,0,0,0,0,0
272,68,7.889617371839e+08,7.889616680000e+08,0,GPS,2,0,L1,-3.315620646365e+08,-9.071583259053e+07,-1.641985486414e+08,1.728209918021e+07,3.719893881082e+06,2.037107750066e+07,1.015498362427e+07,3.783983624269e+06,2.211710189510e+01,1.736346430397e+01,0,0,0,0,0,0,0,0,0
273,68,7.889617371839e+08,7.889616680000e+08,0,GPS,4,0,L1,-3.315620646365e+08,-9.071583259053e+07,-1.641985486414e+08,2.537164038605e+07,-2.477624723029e+05,-7.991429487687e+06,1.813281380981e+07,1.176181380981e+07,4.297224841375e+01,1.308982801048e+01,0,0,0,0,0,0,0,0,0
274,68,7.889617371839e+08,7.889616680000e+08,0,GPS,21,0,L1,-3.315620646365e+08,-9.071583259053e+07,-1.641985486414e+08,1.827434000593e+07,1.114601772508e+07,1.672879718719e+07,8.053030234589e+06,1.682030234589e+06,1.724321831925e+01,2.263447797253e+01,0,0,0,0,0,0,0,0,0
275,68,7.889617371839e+08,7.889616680000e+08,0,GPS,27,0,L1,-3.315620646365e+08,-9.071583259053e+07,-1.641985486414e+08,1.934934670856e+07,1.284195690073e+07,-1.352681757332e+07,2.204650177943e+07,1.567550177943e+07,5.511707206789e+01,1.416701576925e+01,0,0,0,0,0,0,0,0,0
276,69,7.889617381839e+08,7.889616690000e+08,0,GPS,2,0,L1,-3.315696056607e+08,-9.069158870947e+07,-1.641990989131e+08,1.728307510166e+07,3.722153001959e+06,2.036982419741e+07,1.015297902418e+07,3.781979024183e+06,2.211251367721e+01,1.737422022470e+01,0,0,0,0,0,0,0,0,0
277,69,7.889617381839e+08,7.889616690000e+08,0,GPS,4,0,L1,-3.315696056607e+08,-9.069158870947e+07,-1.641990989131e+08,2.537256234826e+07,-2.473263261612e+05,-7.988469908349e+06,1.813023184201e+07,1.175923184201e+07,4.296467573354e+01,1.310419155957e+01,0,0,0,0,0,0,0,0,0
278,69,7.889617381839e+08,7.889616690000e+08,0,GPS,21,0,L1,-3.315696056607e+08,-9.069158870947e+07,-1.641990989131e+08,1.827510476631e+07,1.114786370058e+07,1.672676385046e+07,8.053554432805e+06,1.682554432805e+06,1.724436289968e+01,2.263200019989e+01,0,0,0,0,0,0,0,0,0
279,69,7.889617381839e+08,7.889616690000e+08,0,GPS,27,0,L1,-3.315696056607e+08,-9.069158870947e+07,-1.641990989131e+08,1.934767291409e+07,1.284188100873e+07,-1.352926805387e+07,2.204844520500e+07,1.567744520500e+07,5.512434120145e+01,1.416673603215e+01,0,0,0,0,0,0,0,0,0
280,70,7.889617391839e+08,7.889616700000e+08,0,GPS,2,0,L1,-3.315771447573e+08,-9.066734452045e+07,-1.641996498100e+08,1.728405144454e+07,3.724412000805e+06,2.036857089398e+07,1.015097520450e+07,3.779975204502e+06,2.210792693231e+01,1.738497046946e+01,0,0,0,0,0,0,0,0,0
281,70,7.889617391839e+08,7.889616700000e+08,0,GPS,4,0,L1,-3.315771447573e+08,-9.066734452045e+07,-1.641996498100e+08,2.537348450899e+07,-2.468903158100e+05,-7.985510329011e+06,1.812764999990e+07,1.175664999990e+07,4.295710322648e+01,1.311855922876e+01,0,0,0,0,0,0,0,0,0
282,70,7.889617391839e+08,7.889616700000e+08,0,GPS,21,0,L1,-3.315771447573e+08,-9.066734452045e+07,-1.641996498100e+08,1.827586989305e+07,1.114970962430e+07,1.672473051347e+07,8.054080120810e+06,1.683080120810e+06,1.724551043227e+01,2.262951605814e+01,0,0,0,0,0,0,0,0,0
283,70,7.889617391839e+08,7.889616700000e+08,0,GPS,27,0,L1,-3.315771447573e+08,-9.066734452045e+07,-1.641996498100e+08,1.934599921146e+07,1.284180542912e+07,-1.353171853442e+07,2.205038876461e+07,1.567938876461e+07,5.513161050036e+01,1.416645607741e+01,0,0,0,0,0,0,0,0,0
284,71,7.889617401839e+08,7.889616710000e+08,0,GPS,2,0,L1,-3.315846819260e+08,-9.064310002393e+07,-1.642002013319e+08,1.728502820871e+07,3.726670876495e+06,2.036731759072e+07,1.014897216623e+07,3.777972166227e+06,2.210334166277e+01,1.739571503590e+01,0,0,0,0,0,0,0,0,0
285,71,7.889617401839e+08,7.889616710000e+08,0,GPS,4,0,L1,-3.315846819260e+08,-9.064310002393e+07,-1.642002013319e+08,2.537440686822e+07,-2.464544412763e+05,-7.982550749674e+06,1.812506828351e+07,1.175406828351e+07,4.294953089295e+01,1.313293101968e+01,0,0,0,0,0,0,0,0,0
286,71,7.889617401839e+08,7.889616710000e+08,0,GPS,21,0,L1,-3.315846819260e+08,-9.064310002393e+07,-1.642002013319e+08,1.827663538622e+07,1.115155549520e+07,1.672269717674e+07,8.054607298067e+06,1.683607298067e+06,1.724666091585e+01,2.262702554955e+01,0,0,0,0,0,0,0,0,0
287,71,7.889617401839e+08,7.889616710000e+08,0,GPS,27,0,L1,-3.315846819260e+08,-9.064310002393e+07,-1.642002013319e+08,1.934432560070e+07,1.284173016189e+07,-1.353416901498e+07,2.205233245822e+07,1.568133245822e+07,5.513887996422e+01,1.416617590510e+01,0,0,0,0,0,0,0,0,0
288,72,7.889617411839e+08,7.889616720000e+08,0,GPS,2,0,L1,-3.315922171658e+08,-9.061885522274e+07,-1.642007534786e+08,1.728600539420e+07,3.728929629644e+06,2.036606428746e+07,1.014696990954e+07,3.775969909542e+06,2.209875786913e+01,1.740645392552e+01,0,0,0,0,0,0,0,0,0
289,72,7.889617411839e+08,7.889616720000e+08,0,GPS,4,0,L1,-3.315922171658e+08,-9.061885522274e+07,-1.642007534786e+08,2.537532942586e+07,-2.460187027922e+05,-7.979591170664e+06,1.812248669319e+07,1.175148669319e+07,4.294195873426e+01,1.314730693222e+01,0,0,0,0,0,0,0,0,0
290,72,7.889617411839e+08,7.889616720000e+08,0,GPS,21,0,L1,-3.315922171658e+08,-9.061885522274e+07,-1.642007534786e+08,1.827740124566e+07,1.115340131436e+07,1.672066383974e+07,8.055135964529e+06,1.684135964529e+06,1.724781435026e+01,2.262452867522e+01,0,0,0,0,0,0,0,0,0
291,72,7.889617411839e+08,7.889616720000e+08,0,GPS,27,0,L1,-3.315922171658e+08,-9.061885522274e+07,-1.642007534786e+08,1.934265208209e+07,1.284165520688e+07,-1.353661949521e+07,2.205427628550e+07,1.568327628550e+07,5.514614959169e+01,1.416589551535e+01,0,0,0,0,0,0,0,0,0
292,73,7.889617421839e+08,7.889616730000e+08,0,GPS,2,0,L1,-3.315997504777e+08,-9.059461011252e+07,-1.642013062498e+08,1.728698300105e+07,3.731188259950e+06,2.036481098420e+07,1.014496843490e+07,3.773968434902e+06,2.209417555254e+01,1.741718713854e+01,0,0,0,0,0,0,0,0,0
293,73,7.889617421839e+08,7.889616730000e+08,0,GPS,4,0,L1,-3.315997504777e+08,-9.059461011252e+07,-1.642013062498e+08,2.537625218205e+07,-2.455830999729e+05,-7.976631591327e+06,1.811990522835e+07,1.174890522835e+07,4.293438674894e+01,1.316168697148e+01,0,0,0,0,0,0,0,0,0
294,73,7.889617421839e+08,7.889616730000e+08,0,GPS,21,0,L1,-3.315997504777e+08,-9.059461011252e+07,-1.642013062498e+08,1.827816747159e+07,1.115524708047e+07,1.671863050301e+07,8.055666119660e+06,1.684666119660e+06,1.724897073434e+01,2.262202543743e+01,0,0,0,0,0,0,0,0,0
295,73,7.889617421839e+08,7.889616730000e+08,0,GPS,27,0,L1,-3.315997504777e+08,-9.059461011252e+07,-1.642013062498e+08,1.934097865519e+07,1.284158056435e+07,-1.353906997576e+07,2.205622024697e+07,1.568522024697e+07,5.515341938425e+01,1.416561490818e+01,0,0,0,0,0,0,0,0,0
296,74,7.889617431839e+08,7.889616740000e+08,0,GPS,2,0,L1,-3.316072818608e+08,-9.057036469610e+07,-1.642018596453e+08,1.728796102922e+07,3.733446767490e+06,2.036355768095e+07,1.014296774276e+07,3.771967742764e+06,2.208959471413e+01,1.742791467518e+01,0,0,0,0,0,0,0,0,0
297,74,7.889617431839e+08,7.889616740000e+08,0,GPS,4,0,L1,-3.316072818608e+08,-9.057036469610e+07,-1.642018596453e+08,2.537717513670e+07,-2.451476330508e+05,-7.973672011990e+06,1.811732388932e+07,1.174632388932e+07,4.292681493829e+01,1.317607113734e+01,0,0,0,0,0,0,0,0,0
298,74,7.889617431839e+08,7.889616740000e+08,0,GPS,21,0,L1,-3.316072818608e+08,-9.057036469610e+07,-1.642018596453e+08,1.827893406391e+07,1.115709279413e+07,1.671659716628e+07,8.056197763286e+06,1.685197763286e+06,1.725013006766e+01,2.261951583759e+01,0,0,0,0,0,0,0,0,0
299,74,7.889617431839e+08,7.889616740000e+08,0,GPS,27,0,L1,-3.316072818608e+08,-9.057036469610e+07,-1.642018596453e+08,1.933930532026e+07,1.284150623416e+07,-1.354152045631e+07,2.205816434232e+07,1.568716434232e+07,5.516068934056e+01,1.416533408372e+01,0,0,0,0,0,0,0,0,0
300,75,7.889617441839e+08,7.889616750000e+08,0,GPS,2,0,L1,-3.316148113149e+08,-9.054611897393e+07,-1.642024136648e+08,1.728893947875e+07,3.735705152751e+06,2.036230437751e+07,1.014096783331e+07,3.769967833312e+06,2.208501535446e+01,1.743863653694e+01,0,0,0,0,0,0,0,0,0
301,75,7.889617441839e+08,7.889616750000e+08,0,GPS,4,0,L1,-3.316148113149e+08,-9.054611897393e+07,-1.642024136648e+08,2.537809828980e+07,-2.447123020525e+05,-7.970712432654e+06,1.811474267615e+07,1.174374267615e+07,4.291924330269e+01,1.319045943145e+01,0,0,0,0,0,0,0,0,0
302,75,7.889617441839e+08,7.889616750000e+08,0,GPS,21,0,L1,-3.316148113149e+08,-9.054611897393e+07,-1.642024136648e+08,1.827970102257e+07,1.115893845578e+07,1.671456382928e+07,8.056730895238e+06,1.685730895238e+06,1.725129234983e+01,2.261699987709e+01,0,0,0,0,0,0,0,0,0
303,75,7.889617441839e+08,7.889616750000e+08,0,GPS,27,0,L1,-3.316148113149e+08,-9.054611897393e+07,-1.642024136648e+08,1.933763207769e+07,1.284143221602e+07,-1.354397093654e+07,2.206010857121e+07,1.568910857121e+07,5.516795945930e+01,1.416505304208e+01,0,0,0,0,0,0,0,0,0
304,76,7.889617451839e+08,7.889616760000e+08,0,GPS,2,0,L1,-3.316223388396e+08,-9.052187294646e+07,-1.642029683082e+08,1.728991834951e+07,3.737963414609e+06,2.036105107425e+07,1.013896870755e+07,3.767968707545e+06,2.208043747587e+01,1.744935272150e+01,0,0,0,0,0,0,0,0,0
305,76,7.889617451839e+08,7.889616760000e+08,0,GPS,4,0,L1,-3.316223388396e+08,-9.052187294646e+07,-1.642029683082e+08,2.537902164132e+07,-2.442771070047e+05,-7.967752853318e+06,1.811216158888e+07,1.174116158888e+07,4.291167184253e+01,1.320485185542e+01,0,0,0,0,0,0,0,0,0
306,76,7.889617451839e+08,7.889616760000e+08,0,GPS,21,0,L1,-3.316223388396e+08,-9.052187294646e+07,-1.642029683082e+08,1.828046834763e+07,1.116078406439e+07,1.671253049255e+07,8.057265514973e+06,1.686265514973e+06,1.725245757966e+01,2.261447755824e+01,0,0,0,0,0,0,0,0,0
307,76,7.889617451839e+08,7.889616760000e+08,0,GPS,27,0,L1,-3.316223388396e+08,-9.052187294646e+07,-1.642029683082e+08,1.933595892684e+07,1.284135851046e+07,-1.354642141709e+07,2.206205293416e+07,1.569105293416e+07,5.517522974193e+01,1.416477178329e+01,0,0,0,0,0,0,0,0,0
308,77,7.889617461839e+08,7.889616770000e+08,0,GPS,2,0,L1,-3.316298644340e+08,-9.049762661653e+07,-1.642035235752e+08,1.729089557385e+07,3.740221351965e+06,2.035979573319e+07,1.013696951157e+07,3.765969511568e+06,2.207586161241e+01,1.746004265765e+01,0,0,0,0,0,0,0,0,0
309,77,7.889617461839e+08,7.889616770000e+08,0,GPS,4,0,L1,-3.316298644340e+08,-9.049762661653e+07,-1.642035235752e+08,2.537994224577e+07,-2.438417767109e+05,-7.964792431201e+06,1.810957863577e+07,1.173857863577e+07,4.290410083707e+01,1.321935874600e+01,0,0,0,0,0,0,0,0,0
310,77,7.889617461839e+08,7.889616770000e+08,0,GPS,21,0,L1,-3.316298644340e+08,-9.049762661653e+07,-1.642035235752e+08,1.828123397327e+07,1.116262866852e+07,1.671049554679e+07,8.057801105854e+06,1.686801105854e+06,1.725362643119e+01,2.261194321372e+01,0,0,0,0,0,0,0,0,0
311,77,7.889617461839e+08,7.889616770000e+08,0,GPS,27,0,L1,-3.316298644340e+08,-9.049762661653e+07,-1.642035235752e+08,1.933428360344e+07,1.284128335762e+07,-1.354887033519e+07,2.206399486911e+07,1.569299486911e+07,5.518250060784e+01,1.416450295891e+01,0,0,0,0,0,0,0,0,0
312,78,7.889617471839e+08,7.889616780000e+08,0,GPS,2,0,L1,-3.316373880991e+08,-9.047337997976e+07,-1.642040794655e+08,1.729186412436e+07,3.742480118516e+06,2.035853607110e+07,1.013497085759e+07,3.763970857590e+06,2.207129439312e+01,1.747071285977e+01,0,0,0,0,0,0,0,0,0
313,78,7.889617471839e+08,7.889616780000e+08,0,GPS,4,0,L1,-3.316373880991e+08,-9.047337997976e+07,-1.642040794655e+08,2.538085526337e+07,-2.434049940029e+05,-7.961830176312e+06,1.810699065485e+07,1.173599065485e+07,4.289653084567e+01,1.323384743946e+01,0,0,0,0,0,0,0,0,0
314,78,7.889617471839e+08,7.889616780000e+08,0,GPS,21,0,L1,-3.316373880991e+08,-9.047337997976e+07,-1.642040794655e+08,1.828199151449e+07,1.116447167713e+07,1.670845705808e+07,8.058339176367e+06,1.687339176367e+06,1.725480598899e+01,2.260938645398e+01,0,0,0,0,0,0,0,0,0
315,78,7.889617471839e+08,7.889616780000e+08,0,GPS,27,0,L1,-3.316373880991e+08,-9.047337997976e+07,-1.642040794655e+08,1.933260333235e+07,1.284120167166e+07,-1.355131664846e+07,2.206593084599e+07,1.569493084599e+07,5.518977406030e+01,1.416423169012e+01,0,0,0,0,0,0,0,0,0
316,79,7.889617481839e+08,7.889616790000e+08,0,GPS,2,0,L1,-3.316449098340e+08,-9.044913303900e+07,-1.642046359789e+08,1.729283309618e+07,3.744738763145e+06,2.035727640918e+07,1.013297299044e+07,3.761972990443e+06,2.206672865774e+01,1.748137721972e+01,0,0,0,0,0,0,0,0,0
317,79,7.889617481839e+08,7.889616790000e+08,0,GPS,4,0,L1,-3.316449098340e+08,-9.044913303900e+07,-1.642046359789e+08,2.538176847970e+07,-2.429683453694e+05,-7.958867921096e+06,1.810440279979e+07,1.173340279979e+07,4.288896102360e+01,1.324834037248e+01,0,0,0,0,0,0,0,0,0
318,79,7.889617481839e+08,7.889616790000e+08,0,GPS,21,0,L1,-3.316449098340e+08,-9.044913303900e+07,-1.642046359789e+08,1.828274942175e+07,1.116631463410e+07,1.670641856963e+07,8.058878734005e+06,1.687878734005e+06,1.725598849384e+01,2.260682333308e+01,0,0,0,0,0,0,0,0,0
319,79,7.889617481839e+08,7.889616790000e+08,0,GPS,27,0,L1,-3.316449098340e+08,-9.044913303900e+07,-1.642046359789e+08,1.933092315218e+07,1.284112029903e+07,-1.355376296172e+07,2.206786695601e+07,1.569686695601e+07,5.519704768049e+01,1.416396020803e+01,0,0,0,0,0,0,0,0,0
320,80,7.889617491839e+08,7.889616800000e+08,0,GPS,2,0,L1,-3.316524296384e+08,-9.042488579469e+07,-1.642051931153e+08,1.729380248941e+07,3.746997286876e+06,2.035601674708e+07,1.013097591004e+07,3.759975910043e+06,2.206216440623e+01,1.749203574016e+01,0,0,0,0,0,0,0,0,0
321,80,7.889617491839e+08,7.889616800000e+08,0,GPS,4,0,L1,-3.316524296384e+08,-9.042488579469e+07,-1.642051931153e+08,2.538268189460e+07,-2.425318316185e+05,-7.955905666207e+06,1.810181507127e+07,1.173081507127e+07,4.288139137308e+01,1.326283754327e+01,0,0,0,0,0,0,0,0,0
322,80,7.889617491839e+08,7.889616800000e+08,0,GPS,21,0,L1,-3.316524296384e+08,-9.042488579469e+07,-1.642051931153e+08,1.828350769497e+07,1.116815754039e+07,1.670438008092e+07,8.059419778718e+06,1.688419778718e+06,1.725717394561e+01,2.260425385210e+01,0,0,0,0,0,0,0,0,0
323,80,7.889617491839e+08,7.889616800000e+08,0,GPS,27,0,L1,-3.316524296384e+08,-9.042488579469e+07,-1.642051931153e+08,1.932924306329e+07,1.284103923945e+07,-1.355620927467e+07,2.206980319885e+07,1.569880319885e+07,5.520432146709e+01,1.416368851276e+01,0,0,0,0,0,0,0,0,0
324,81,7.889617501839e+08,7.889616810000e+08,0,GPS,2,0,L1,-3.316599475120e+08,-9.040063824727e+07,-1.642057508743e+08,1.729477230391e+07,3.749255688585e+06,2.035475708516e+07,1.012897961739e+07,3.757979617391e+06,2.205760164095e+01,1.750268841867e+01,0,0,0,0,0,0,0,0,0
325,81,7.889617501839e+08,7.889616810000e+08,0,GPS,4,0,L1,-3.316599475120e+08,-9.040063824727e+07,-1.642057508743e+08,2.538359550811e+07,-2.420954523864e+05,-7.952943411318e+06,1.809922746900e+07,1.172822746900e+07,4.287382189358e+01,1.327733895526e+01,0,0,0,0,0,0,0,0,0
326,81,7.889617501839e+08,7.889616810000e+08,0,GPS,21,0,L1,-3.316599475120e+08,-9.040063824727e+07,-1.642057508743e+08,1.828426633418e+07,1.117000039544e+07,1.670234159221e+07,8.059962310083e+06,1.688962310083e+06,1.725836234334e+01,2.260167801304e+01,0,0,0,0,0,0,0,0,0
327,81,7.889617501839e+08,7.889616810000e+08,0,GPS,27,0,L1,-3.316599475120e+08,-9.040063824727e+07,-1.642057508743e+08,1.932756306505e+07,1.284095849344e+07,-1.355865558793e+07,2.207173957504e+07,1.570073957504e+07,5.521159542157e+01,1.416341660432e+01,0,0,0,0,0,0,0,0,0
328,82,7.889617511839e+08,7.889616820000e+08,0,GPS,2,0,L1,-3.316674634538e+08,-9.037639039960e+07,-1.642063092557e+08,1.729574253972e+07,3.751513968886e+06,2.035349742324e+07,1.012698411268e+07,3.755984112675e+06,2.205304036243e+01,1.751333525663e+01,0,0,0,0,0,0,0,0,0
329,82,7.889617511839e+08,7.889616820000e+08,0,GPS,4,0,L1,-3.316674634538e+08,-9.037639039960e+07,-1.642063092557e+08,2.538450932024e+07,-2.416592075148e+05,-7.949981156430e+06,1.809663999302e+07,1.172563999302e+07,4.286625258547e+01,1.329184461013e+01,0,0,0,0,0,0,0,0,0
330,82,7.889617511839e+08,7.889616820000e+08,0,GPS,21,0,L1,-3.316674634538e+08,-9.037639039960e+07,-1.642063092557e+08,1.828502533930e+07,1.117184319936e+07,1.670030310349e+07,8.060506327800e+06,1.689506327800e+06,1.725955368637e+01,2.259909581762e+01,0,0,0,0,0,0,0,0,0
331,82,7.889617511839e+08,7.889616820000e+08,0,GPS,27,0,L1,-3.316674634538e+08,-9.037639039960e+07,-1.642063092557e+08,1.932588315773e+07,1.284087806087e+07,-1.356110190120e+07,2.207367608425e+07,1.570267608425e+07,5.521886954260e+01,1.416314448282e+01,0,0,0,0,0,0,0,0,0
332,83,7.889617521839e+08,7.889616830000e+08,0,GPS,2,0,L1,-3.316749774649e+08,-9.035214224728e+07,-1.642068682593e+08,1.729671319692e+07,3.753772128015e+06,2.035223776115e+07,1.012498939608e+07,3.753989396084e+06,2.204848057124e+01,1.752397625544e+01,0,0,0,0,0,0,0,0,0
333,83,7.889617521839e+08,7.889616830000e+08,0,GPS,4,0,L1,-3.316749774649e+08,-9.035214224728e+07,-1.642068682593e+08,2.538542333097e+07,-2.412230973998e+05,-7.947018901543e+06,1.809405264336e+07,1.172305264336e+07,4.285868344914e+01,1.330635450956e+01,0,0,0,0,0,0,0,0,0
334,83,7.889617521839e+08,7.889616830000e+08,0,GPS,21,0,L1,-3.316749774649e+08,-9.035214224728e+07,-1.642068682593e+08,1.828578471051e+07,1.117368595133e+07,1.669826461505e+07,8.061051831444e+06,1.690051831444e+06,1.726074797376e+01,2.259650726784e+01,0,0,0,0,0,0,0,0,0
335,83,7.889617521839e+08,7.889616830000e+08,0,GPS,27,0,L1,-3.316749774649e+08,-9.035214224728e+07,-1.642068682593e+08,1.932420334156e+07,1.284079794142e+07,-1.356354821446e+07,2.207561272643e+07,1.570461272643e+07,5.522614382978e+01,1.416287214833e+01,0,0,0,0,0,0,0,0,0
336,84,7.889617531839e+08,7.889616840000e+08,0,GPS,2,0,L1,-3.316824895444e+08,-9.032789379317e+07,-1.642074278848e+08,1.729768427537e+07,3.756030164975e+06,2.035097809923e+07,1.012299546862e+07,3.751995468617e+06,2.204392226972e+01,1.753461141268e+01,0,0,0,0,0,0,0,0,0
337,84,7.889617531839e+08,7.889616840000e+08,0,GPS,4,0,L1,-3.316824895444e+08,-9.032789379317e+07,-1.642074278848e+08,2.538633754028e+07,-2.407871218834e+05,-7.944056646655e+06,1.809146542005e+07,1.172046542005e+07,4.285111448496e+01,1.332086865525e+01,0,0,0,0,0,0,0,0,0
338,84,7.889617531839e+08,7.889616840000e+08,0,GPS,21,0,L1,-3.316824895444e+08,-9.032789379317e+07,-1.642074278848e+08,1.828654444768e+07,1.117552865244e+07,1.669622612634e+07,8.061598820962e+06,1.690598820962e+06,1.726194520534e+01,2.259391236481e+01,0,0,0,0,0,0,0,0,0
339,84,7.889617531839e+08,7.889616840000e+08,0,GPS,27,0,L1,-3.316824895444e+08,-9.032789379317e+07,-1.642074278848e+08,1.932252361649e+07,1.284071813525e+07,-1.356599452772e+07,2.207754950155e+07,1.570654950155e+07,5.523341828272e+01,1.416259960094e+01,0,0,0,0,0,0,0,0,0
340,85,7.889617541839e+08,7.889616850000e+08,0,GPS,2,0,L1,-3.316899996919e+08,-9.030364503771e+07,-1.642079881321e+08,1.729865577517e+07,3.758288080789e+06,2.034971843713e+07,1.012100233019e+07,3.750002330195e+06,2.203936545784e+01,1.754524073103e+01,0,0,0,0,0,0,0,0,0
341,85,7.889617541839e+08,7.889616850000e+08,0,GPS,4,0,L1,-3.316899996919e+08,-9.030364503771e+07,-1.642079881321e+08,2.538725194815e+07,-2.403512809921e+05,-7.941094391768e+06,1.808887832313e+07,1.171787832313e+07,4.284354569332e+01,1.333538704889e+01,0,0,0,0,0,0,0,0,0
342,85,7.889617541839e+08,7.889616850000e+08,0,GPS,21,0,L1,-3.316899996919e+08,-9.030364503771e+07,-1.642079881321e+08,1.828730455082e+07,1.117737130214e+07,1.669418763762e+07,8.062147295930e+06,1.691147295930e+06,1.726314538017e+01,2.259131111054e+01,0,0,0,0,0,0,0,0,0
343,85,7.889617541839e+08,7.889616850000e+08,0,GPS,27,0,L1,-3.316899996919e+08,-9.030364503771e+07,-1.642079881321e+08,1.932084398254e+07,1.284063864232e+07,-1.356844084099e+07,2.207948640956e+07,1.570848640956e+07,5.524069290101e+01,1.416232684072e+01,0,0,0,0,0,0,0,0,0
344,86,7.889617551839e+08,7.889616860000e+08,0,GPS,2,0,L1,-3.316975079066e+08,-9.027939598374e+07,-1.642085490008e+08,1.729962769615e+07,3.760545874460e+06,2.034845877521e+07,1.011900998182e+07,3.748009981816e+06,2.203481013795e+01,1.755586420809e+01,0,0,0,0,0,0,0,0,0
345,86,7.889617551839e+08,7.889616860000e+08,0,GPS,4,0,L1,-3.316975079066e+08,-9.027939598374e+07,-1.642085490008e+08,2.538816655458e+07,-2.399155745680e+05,-7.938132136882e+06,1.808629135264e+07,1.171529135264e+07,4.283597707460e+01,1.334990969216e+01,0,0,0,0,0,0,0,0,0
346,86,7.889617551839e+08,7.889616860000e+08,0,GPS,21,0,L1,-3.316975079066e+08,-9.027939598374e+07,-1.642085490008e+08,1.828806501986e+07,1.117921390054e+07,1.669214914891e+07,8.062697256044e+06,1.691697256044e+06,1.726434849757e+01,2.258870350676e+01,0,0,0,0,0,0,0,0,0
347,86,7.889617551839e+08,7.889616860000e+08,0,GPS,27,0,L1,-3.316975079066e+08,-9.027939598374e+07,-1.642085490008e+08,1.931916443967e+07,1.284055946276e+07,-1.357088715425e+07,2.208142345042e+07,1.571042345042e+07,5.524796768426e+01,1.416205386774e+01,0,0,0,0,0,0,0,0,0
348,87,7.889617561839e+08,7.889616870000e+08,0,GPS,2,0,L1,-3.317050141887e+08,-9.025514662930e+07,-1.642091104907e+08,1.730060003846e+07,3.762803546888e+06,2.034719911311e+07,1.011701842340e+07,3.746018423401e+06,2.203025630999e+01,1.756648184651e+01,0,0,0,0,0,0,0,0,0
349,87,7.889617561839e+08,7.889616870000e+08,0,GPS,4,0,L1,-3.317050141887e+08,-9.025514662930e+07,-1.642091104907e+08,2.538908135963e+07,-2.394800024317e+05,-7.935169881668e+06,1.808370450828e+07,1.171270450828e+07,4.282840862825e+01,1.336443658850e+01,0,0,0,0,0,0,0,0,0
350,87,7.889617561839e+08,7.889616870000e+08,0,GPS,21,0,L1,-3.317050141887e+08,-9.025514662930e+07,-1.642091104907e+08,1.828882585490e+07,1.118105644695e+07,1.669011066046e+07,8.063248700874e+06,1.692248700874e+06,1.726555455658e+01,2.258608955550e+01,0,0,0,0,0,0,0,0,0
351,87,7.889617561839e+08,7.889616870000e+08,0,GPS,27,0,L1,-3.317050141887e+08,-9.025514662930e+07,-1.642091104907e+08,1.931748498834e+07,1.284048059615e+07,-1.357333346719e+07,2.208336062379e+07,1.571236062379e+07,5.525524263114e+01,1.416178068212e+01,0,0,0,0,0,0,0,0,0
352,88,7.889617571839e+08,7.889616880000e+08,0,GPS,2,0,L1,-3.317125185394e+08,-9.023089697000e+07,-1.642096726017e+08,1.730157280201e+07,3.765061096696e+06,2.034593945119e+07,1.011502765595e+07,3.744027655950e+06,2.202570397633e+01,1.757709364392e+01,0,0,0,0,0,0,0,0,0
353,88,7.889617571839e+08,7.889616880000e+08,0,GPS,4,0,L1,-3.317125185394e+08,-9.023089697000e+07,-1.642096726017e+08,2.538999636311e+07,-2.390445657607e+05,-7.932207626782e+06,1.808111779074e+07,1.171011779074e+07,4.282084035650e+01,1.337896773609e+01,0,0,0,0,0,0,0,0,0
354,88,7.889617571839e+08,7.889616880000e+08,0,GPS,21,0,L1,-3.317125185394e+08,-9.023089697000e+07,-1.642096726017e+08,1.828958705603e+07,1.118289894205e+07,1.668807217175e+07,8.063801630369e+06,1.692801630369e+06,1.726676355705e+01,2.258346925787e+01,0,0,0,0,0,0,0,0,0
355,88,7.889617571839e+08,7.889616880000e+08,0,GPS,27,0,L1,-3.317125185394e+08,-9.023089697000e+07,-1.642096726017e+08,1.931580562811e+07,1.284040204274e+07,-1.357577978045e+07,2.208529793021e+07,1.571429793021e+07,5.526251774312e+01,1.416150728388e+01,0,0,0,0,0,0,0,0,0
356,89,7.889617581839e+08,7.889616890000e+08,0,GPS,2,0,L1,-3.317200209550e+08,-9.020664701833e+07,-1.642102353334e+08,1.730254598678e+07,3.767318525539e+06,2.034467978909e+07,1.011303767938e+07,3.742037679383e+06,2.202115313691e+01,1.758769960298e+01,0,0,0,0,0,0,0,0,0
357,89,7.889617581839e+08,7.889616890000e+08,0,GPS,4,0,L1,-3.317200209550e+08,-9.020664701833e+07,-1.642102353334e+08,2.539091156511e+07,-2.386092632672e+05,-7.929245371896e+06,1.807853119973e+07,1.170753119973e+07,4.281327225880e+01,1.339350313838e+01,0,0,0,0,0,0,0,0,0
358,89,7.889617581839e+08,7.889616890000e+08,0,GPS,21,0,L1,-3.317200209550e+08,-9.020664701833e+07,-1.642102353334e+08,1.829034862289e+07,1.118474138598e+07,1.668603368303e+07,8.064356044097e+06,1.693356044097e+06,1.726797549803e+01,2.258084261591e+01,0,0,0,0,0,0,0,0,0
359,89,7.889617581839e+08,7.889616890000e+08,0,GPS,27,0,L1,-3.317200209550e+08,-9.020664701833e+07,-1.642102353334e+08,1.931412635886e+07,1.284032380295e+07,-1.357822609371e+07,2.208723536935e+07,1.571623536935e+07,5.526979301886e+01,1.416123367311e+01,0,0,0,0,0,0,0,0,0
360,90,7.889617591839e+08,7.889616900000e+08,0,GPS,2,0,L1,-3.317275214399e+08,-9.018239675785e+07,-1.642107986856e+08,1.730351959282e+07,3.769575831412e+06,2.034342012717e+07,1.011104849470e+07,3.740048494701e+06,2.201660379410e+01,1.759829972132e+01,0,0,0,0,0,0,0,0,0
361,90,7.889617591839e+08,7.889616900000e+08,0,GPS,4,0,L1,-3.317275214399e+08,-9.018239675785e+07,-1.642107986856e+08,2.539182696559e+07,-2.381740962710e+05,-7.926283117011e+06,1.807594473528e+07,1.170494473528e+07,4.280570433555e+01,1.340804279706e+01,0,0,0,0,0,0,0,0,0
362,90,7.889617591839e+08,7.889616900000e+08,0,GPS,21,0,L1,-3.317275214399e+08,-9.018239675785e+07,-1.642107986856e+08,1.829111055607e+07,1.118658377725e+07,1.668399519459e+07,8.064911941627e+06,1.693911941627e+06,1.726919037854e+01,2.257820963166e+01,0,0,0,0,0,0,0,0,0
363,90,7.889617591839e+08,7.889616900000e+08,0,GPS,27,0,L1,-3.317275214399e+08,-9.018239675785e+07,-1.642107986856e+08,1.931244718131e+07,1.284024587578e+07,-1.358067240697e+07,2.208917294117e+07,1.571817294117e+07,5.527706845798e+01,1.416095984991e+01,0,0,0,0,0,0,0,0,0
364,91,7.889617601839e+08,7.889616910000e+08,0,GPS,2,0,L1,-3.317350199892e+08,-9.015814620589e+07,-1.642113626581e+08,1.730449362000e+07,3.771833015684e+06,2.034216046524e+07,1.010906010209e+07,3.738060102093e+06,2.201205594845e+01,1.760889400035e+01,0,0,0,0,0,0,0,0,0
365,91,7.889617601839e+08,7.889616910000e+08,0,GPS,4,0,L1,-3.317350199892e+08,-9.015814620589e+07,-1.642113626581e+08,2.539274256455e+07,-2.377390635056e+05,-7.923320862126e+06,1.807335839743e+07,1.170235839743e+07,4.279813658711e+01,1.342258671382e+01,0,0,0,0,0,0,0,0,0
366,91,7.889617601839e+08,7.889616910000e+08,0,GPS,21,0,L1,-3.317350199892e+08,-9.015814620589e+07,-1.642113626581e+08,1.829187285492e+07,1.118842611776e+07,1.668195670587e+07,8.065469322904e+06,1.694469322904e+06,1.727040819844e+01,2.257557030626e+01,0,0,0,0,0,0,0,0,0
367,91,7.889617601839e+08,7.889616910000e+08,0,GPS,27,0,L1,-3.317350199892e+08,-9.015814620589e+07,-1.642113626581e+08,1.931076809483e+07,1.284016826219e+07,-1.358311872023e+07,2.209111064561e+07,1.572011064561e+07,5.528434406006e+01,1.416068581434e+01,0,0,0,0,0,0,0,0,0
368,92,7.889617611839e+08,7.889616920000e+08,0,GPS,2,0,L1,-3.317425166053e+08,-9.013389535322e+07,-1.642119272506e+08,1.730546806846e+07,3.774090078339e+06,2.034090080315e+07,1.010707250175e+07,3.736072501752e+06,2.200750960051e+01,1.761948244148e+01,0,0,0,0,0,0,0,0,0
369,92,7.889617611839e+08,7.889616920000e+08,0,GPS,4,0,L1,-3.317425166053e+08,-9.013389535322e+07,-1.642119272506e+08,2.539365836198e+07,-2.373041657367e+05,-7.920358607241e+06,1.807077218621e+07,1.169977218621e+07,4.279056901386e+01,1.343713489034e+01,0,0,0,0,0,0,0,0,0
370,92,7.889617611839e+08,7.889616920000e+08,0,GPS,21,0,L1,-3.317425166053e+08,-9.013389535322e+07,-1.642119272506e+08,1.829263551981e+07,1.119026840643e+07,1.667991821715e+07,8.066028187496e+06,1.695028187496e+06,1.727162895675e+01,2.257292464175e+01,0,0,0,0,0,0,0,0,0
371,92,7.889617611839e+08,7.889616920000e+08,0,GPS,27,0,L1,-3.317425166053e+08,-9.013389535322e+07,-1.642119272506e+08,1.930908910016e+07,1.284009096134e+07,-1.358556503317e+07,2.209304848236e+07,1.572204848236e+07,5.529161982379e+01,1.416041156651e+01,0,0,0,0,0,0,0,0,0
372,93,7.889617621839e+08,7.889616930000e+08,0,GPS,2,0,L1,-3.317500112871e+08,-9.010964420271e+07,-1.642124924629e+08,1.730644293805e+07,3.776347018380e+06,2.033964114122e+07,1.010508569468e+07,3.734085694677e+06,2.200296475264e+01,1.763006504236e+01,0,0,0,0,0,0,0,0,0
373,93,7.889617621839e+08,7.889616930000e+08,0,GPS,4,0,L1,-3.317500112871e+08,-9.010964420271e+07,-1.642124924629e+08,2.539457435785e+07,-2.368694028060e+05,-7.917396352357e+06,1.806818610166e+07,1.169718610166e+07,4.278300161619e+01,1.345168732832e+01,0,0,0,0,0,0,0,0,0
374,93,7.889617621839e+08,7.889616930000e+08,0,GPS,21,0,L1,-3.317500112871e+08,-9.010964420271e+07,-1.642124924629e+08,1.829339855066e+07,1.119211064335e+07,1.667787972844e+07,8.066588535095e+06,1.695588535095e+06,1.727285265279e+01,2.257027263987e+01,0,0,0,0,0,0,0,0,0
375,93,7.889617621839e+08,7.889616930000e+08,0,GPS,27,0,L1,-3.317500112871e+08,-9.010964420271e+07,-1.642124924629e+08,1.930741019658e+07,1.284001397390e+07,-1.358801134642e+07,2.209498645194e+07,1.572398645194e+07,5.529889575063e+01,1.416013710645e+01,0,0,0,0,0,0,0,0,0
376,94,7.889617631839e+08,7.889616940000e+08,0,GPS,2,0,L1,-3.317575040331e+08,-9.008539275961e+07,-1.642130582948e+08,1.730741822882e+07,3.778603837082e+06,2.033838147912e+07,1.010309968079e+07,3.732099680790e+06,2.199842140479e+01,1.764006377100e+01,0,0,0,0,0,0,0,0,0
377,94,7.889617631839e+08,7.889616940000e+08,0,GPS,4,0,L1,-3.317575040331e+08,-9.008539275961e+07,-1.642130582948e+08,2.539549055216e+07,-2.364347743707e+05,-7.914434097473e+06,1.806560014381e+07,1.169460014381e+07,4.277543439448e+01,1.346624402945e+01,0,0,0,0,0,0,0,0,0
378,94,7.889617631839e+08,7.889616940000e+08,0,GPS,21,0,L1,-3.317575040331e+08,-9.008539275961e+07,-1.642130582948e+08,1.829416194731e+07,1.119395282824e+07,1.667584123999e+07,8.067150365265e+06,1.696150365265e+06,1.727407928558e+01,2.256761430270e+01,0,0,0,0,0,0,0,0,0
379,94,7.889617631839e+08,7.889616940000e+08,0,GPS,27,0,L1,-3.317575040331e+08,-9.008539275961e+07,-1.642130582948e+08,1.930573138428e+07,1.283993729987e+07,-1.359045765968e+07,2.209692455403e+07,1.572592455403e+07,5.530617183925e+01,1.415986243426e+01,0,0,0,0,0,0,0,0,0
380,95,7.889617641839e+08,7.889616950000e+08,0,GPS,2,0,L1,-3.317649948463e+08,-9.006114101230e+07,-1.642136247459e+08,1.730839394077e+07,3.780860532693e+06,2.033712181720e+07,1.010111446109e+07,3.730114461092e+06,2.199387955932e+01,1.764947943111e+01,0,0,0,0,0,0,0,0,0
381,95,7.889617641839e+08,7.889616950000e+08,0,GPS,4,0,L1,-3.317649948463e+08,-9.006114101230e+07,-1.642136247459e+08,2.539640694489e+07,-2.360002813812e+05,-7.911471842590e+06,1.806301431270e+07,1.169201431270e+07,4.276786734911e+01,1.348080499541e+01,0,0,0,0,0,0,0,0,0
382,95,7.889617641839e+08,7.889616950000e+08,0,GPS,21,0,L1,-3.317649948463e+08,-9.006114101230e+07,-1.642136247459e+08,1.829492571013e+07,1.119579496139e+07,1.667380275128e+07,8.067713677950e+06,1.696713677950e+06,1.727530885497e+01,2.256494963136e+01,0,0,0,0,0,0,0,0,0
383,95,7.889617641839e+08,7.889616950000e+08,0,GPS,27,0,L1,-3.317649948463e+08,-9.006114101230e+07,-1.642136247459e+08,1.930405266376e+07,1.283986093853e+07,-1.359290397293e+07,2.209886278857e+07,1.572786278857e+07,5.531344808924e+01,1.415958755002e+01,0,0,0,0,0,0,0,0,0
384,96,7.889617651839e+08,7.889616960000e+08,0,GPS,2,0,L1,-3.317724837231e+08,-9.003688897327e+07,-1.642141918162e+08,1.730937007382e+07,3.783117106330e+06,2.033586215527e+07,1.009913003577e+07,3.728130035774e+06,2.198933921678e+01,1.765889258174e+01,0,0,0,0,0,0,0,0,0
385,96,7.889617651839e+08,7.889616960000e+08,0,GPS,4,0,L1,-3.317724837231e+08,-9.003688897327e+07,-1.642141918162e+08,2.539732353602e+07,-2.355659229403e+05,-7.908509587706e+06,1.806042860836e+07,1.168942860836e+07,4.276030048045e+01,1.349537022791e+01,0,0,0,0,0,0,0,0,0
386,96,7.889617651839e+08,7.889616960000e+08,0,GPS,21,0,L1,-3.317724837231e+08,-9.003688897327e+07,-1.642141918162e+08,1.829568983875e+07,1.119763704243e+07,1.667176426283e+07,8.068278472586e+06,1.697278472586e+06,1.727654135970e+01,2.256227862825e+01,0,0,0,0,0,0,0,0,0
387,96,7.889617651839e+08,7.889616960000e+08,0,GPS,27,0,L1,-3.317724837231e+08,-9.003688897327e+07,-1.642141918162e+08,1.930237403458e+07,1.283978489057e+07,-1.359535028619e+07,2.210080115553e+07,1.572980115553e+07,5.532072450023e+01,1.415931245381e+01,0,0,0,0,0,0,0,0,0
388,97,7.889617661839e+08,7.889616970000e+08,0,GPS,2,0,L1,-3.317799706660e+08,-9.001263663331e+07,-1.642147595052e+08,1.731034662812e+07,3.785373557977e+06,2.033460249317e+07,1.009714640503e+07,3.726146405029e+06,2.198480037774e+01,1.766830322107e+01,0,0,0,0,0,0,0,0,0
389,97,7.889617661839e+08,7.889616970000e+08,0,GPS,4,0,L1,-3.317799706660e+08,-9.001263663331e+07,-1.642147595052e+08,2.539824032554e+07,-2.351316998139e+05,-7.905547332823e+06,1.805784303082e+07,1.168684303082e+07,4.275273378888e+01,1.350993972862e+01,0,0,0,0,0,0,0,0,0
390,97,7.889617661839e+08,7.889616970000e+08,0,GPS,21,0,L1,-3.317799706660e+08,-9.001263663331e+07,-1.642147595052e+08,1.829645433344e+07,1.119947907177e+07,1.666972577411e+07,8.068844749118e+06,1.697844749118e+06,1.727777679961e+01,2.255960129449e+01,0,0,0,0,0,0,0,0,0
391,97,7.889617661839e+08,7.889616970000e+08,0,GPS,27,0,L1,-3.317799706660e+08,-9.001263663331e+07,-1.642147595052e+08,1.930069549749e+07,1.283970915513e+07,-1.359779659913e+07,2.210273965458e+07,1.573173965458e+07,5.532800107086e+01,1.415903714574e+01,0,0,0,0,0,0,0,0,0
392,98,7.889617671839e+08,7.889616980000e+08,0,GPS,2,0,L1,-3.317874556712e+08,-8.998838400493e+07,-1.642153278129e+08,1.731132360341e+07,3.787629887139e+06,2.033334283124e+07,1.009516356986e+07,3.724163569857e+06,2.198026304454e+01,1.767771134390e+01,0,0,0,0,0,0,0,0,0
393,98,7.889617671839e+08,7.889616980000e+08,0,GPS,4,0,L1,-3.317874556712e+08,-8.998838400493e+07,-1.642153278129e+08,2.539915731343e+07,-2.346976111044e+05,-7.902585077941e+06,1.805525758012e+07,1.168425758012e+07,4.274516727479e+01,1.352451349926e+01,0,0,0,0,0,0,0,0,0
394,98,7.889617671839e+08,7.889616980000e+08,0,GPS,21,0,L1,-3.317874556712e+08,-8.998838400493e+07,-1.642153278129e+08,1.829721919381e+07,1.120132104955e+07,1.666768728539e+07,8.069412507106e+06,1.698412507106e+06,1.727901517373e+01,2.255691763217e+01,0,0,0,0,0,0,0,0,0
395,98,7.889617671839e+08,7.889616980000e+08,0,GPS,27,0,L1,-3.317874556712e+08,-8.998838400493e+07,-1.642153278129e+08,1.929901705140e+07,1.283963373347e+07,-1.360024291238e+07,2.210467828624e+07,1.573367828624e+07,5.533527780261e+01,1.415876162582e+01,0,0,0,0,0,0,0,0,0
396,99,7.889617681839e+08,7.889616990000e+08,0,GPS,2,0,L1,-3.317949387432e+08,-8.996413107167e+07,-1.642158967389e+08,1.731230099991e+07,3.789886093424e+06,2.033208316932e+07,1.009318153045e+07,3.722181530451e+06,2.197572721775e+01,1.768711694840e+01,0,0,0,0,0,0,0,0,0
397,99,7.889617681839e+08,7.889616990000e+08,0,GPS,4,0,L1,-3.317949387432e+08,-8.996413107167e+07,-1.642158967389e+08,2.540007449968e+07,-2.342636581323e+05,-7.899622823059e+06,1.805267225630e+07,1.168167225630e+07,4.273760093855e+01,1.353909154150e+01,0,0,0,0,0,0,0,0,0
398,99,7.889617681839e+08,7.889616990000e+08,0,GPS,21,0,L1,-3.317949387432e+08,-8.996413107167e+07,-1.642158967389e+08,1.829798442048e+07,1.120316297428e+07,1.666564879695e+07,8.069981746110e+06,1.698981746110e+06,1.728025648108e+01,2.255422764337e+01,0,0,0,0,0,0,0,0,0
399,99,7.889617681839e+08,7.889616990000e+08,0,GPS,27,0,L1,-3.317949387432e+08,-8.996413107167e+07,-1.642158967389e+08,1.929733869733e+07,1.283955862429e+07,-1.360268922563e+07,2.210661705020e+07,1.573561705020e+07,5.534255469416e+01,1.415848589417e+01,0,0,0,0,0,0,0,0,0
400,100,7.889617691839e+08,7.889617000000e+08,0,GPS,2,0,L1,-3.318024198763e+08,-8.993987785326e+07,-1.642164662829e+08,1.731327881747e+07,3.792142178327e+06,2.033082350721e+07,1.009120028700e+07,3.720200287004e+06,2.197119289792e+01,1.769652003274e+01,0,0,0,0,0,0,0,0,0
401,100,7.889617691839e+08,7.889617000000e+08,0,GPS,4,0,L1,-3.318024198763e+08,-8.993987785326e+07,-1.642164662829e+08,2.540099188437e+07,-2.338298390549e+05,-7.896660567849e+06,1.805008705906e+07,1.167908705906e+07,4.273003477962e+01,1.355367385880e+01,0,0,0,0,0,0,0,0,0
402,100,7.889617691839e+08,7.889617000000e+08,0,GPS,21,0,L1,-3.318024198763e+08,-8.993987785326e+07,-1.642164662829e+08,1.829875001271e+07,1.120500484799e+07,1.666361030823e+07,8.070552466073e+06,1.699552466073e+06,1.728150072149e+01,2.255153132925e+01,0,0,0,0,0,0,0,0,0
403,100,7.889617691839e+08,7.889617000000e+08,0,GPS,27,0,L1,-3.318024198763e+08,-8.993987785326e+07,-1.642164662829e+08,1.929566043456e+07,1.283948382872e+07,-1.360513553889e+07,2.210855594639e+07,1.573755594639e+07,5.534983174509e+01,1.415820995085e+01,0,0,0,0,0,0,0,0,0
404,101,7.889617701839e+08,7.889617010000e+08,0,GPS,2,0,L1,-3.318098990743e+08,-8.991562433567e+07,-1.642170364449e+08,1.731425705610e+07,3.794398139967e+06,2.032956384529e+07,1.008921984052e+07,3.718219840516e+06,2.196666008740e+01,1.770592059171e+01,0,0,0,0,0,0,0,0,0
405,101,7.889617701839e+08,7.889617010000e+08,0,GPS,4,0,L1,-3.318098990743e+08,-8.991562433567e+07,-1.642170364449e+08,2.540190946730e+07,-2.333961557891e+05,-7.893698312968e+06,1.804750198908e+07,1.167650198908e+07,4.272246880023e+01,1.356826044933e+01,0,0,0,0,0,0,0,0,0
406,101,7.889617701839e+08,7.889617010000e+08,0,GPS,21,0,L1,-3.318098990743e+08,-8.991562433567e+07,-1.642170364449e+08,1.829951597103e+07,1.120684666933e+07,1.666157181951e+07,8.071124666554e+06,1.700124666554e+06,1.728274789397e+01,2.254882869189e+01,0,0,0,0,0,0,0,0,0
407,101,7.889617701839e+08,7.889617010000e+08,0,GPS,27,0,L1,-3.318098990743e+08,-8.991562433567e+07,-1.642170364449e+08,1.929398226404e+07,1.283940934562e+07,-1.360758185182e+07,2.211049497450e+07,1.573949497450e+07,5.535710895409e+01,1.415793379599e+01,0,0,0,0,0,0,0,0,0
408,102,7.889617711839e+08,7.889617020000e+08,0,GPS,2,0,L1,-3.318173763350e+08,-8.989137052658e+07,-1.642176072244e+08,1.731523571584e+07,3.796653979748e+06,2.032830418318e+07,1.008724019091e+07,3.716240190913e+06,2.196212878616e+01,1.771531862459e+01,0,0,0,0,0,0,0,0,0
409,102,7.889617711839e+08,7.889617020000e+08,0,GPS,4,0,L1,-3.318173763350e+08,-8.989137052658e+07,-1.642176072244e+08,2.540282724854e+07,-2.329626074162e+05,-7.890736058087e+06,1.804491704609e+07,1.167391704609e+07,4.271490299983e+01,1.358285131655e+01,0,0,0,0,0,0,0,0,0
410,102,7.889617711839e+08,7.889617020000e+08,0,GPS,21,0,L1,-3.318173763350e+08,-8.989137052658e+07,-1.642176072244e+08,1.830028229521e+07,1.120868843816e+07,1.665953333106e+07,8.071698347108e+06,1.700698347108e+06,1.728399799755e+01,2.254611973340e+01,0,0,0,0,0,0,0,0,0
411,102,7.889617711839e+08,7.889617020000e+08,0,GPS,27,0,L1,-3.318173763350e+08,-8.989137052658e+07,-1.642176072244e+08,1.929230418484e+07,1.283933517596e+07,-1.361002816507e+07,2.211243413506e+07,1.574143413506e+07,5.536438632261e+01,1.415765742960e+01,0,0,0,0,0,0,0,0,0
412,103,7.889617721839e+08,7.889617030000e+08,0,GPS,1,0,L1,-3.318248516592e+08,-8.986711642158e+07,-1.642181786213e+08,1.601991327715e+07,2.456473408077e+06,2.101742087295e+07,1.144526856000e+07,5.074268559997e+06,2.554603260688e+01,1.000502484740e+01,0,0,0,0,0,0,0,0,0
413,103,7.889617721839e+08,7.889617030000e+08,0,GPS,2,0,L1,-3.318248516592e+08,-8.986711642158e+07,-1.642181786213e+08,1.731621479662e+07,3.798909696294e+06,2.032704452126e+07,1.008526133919e+07,3.714261339193e+06,2.195759899656e+01,1.772471412619e+01,0,0,0,0,0,0,0,0,0
414,103,7.889617721839e+08,7.889617030000e+08,0,GPS,4,0,L1,-3.318248516592e+08,-8.986711642158e+07,-1.642181786213e+08,2.540374522808e+07,-2.325291943328e+05,-7.887773803206e+06,1.804233223010e+07,1.167133223010e+07,4.270733737880e+01,1.359744646216e+01,0,0,0,0,0,0,0,0,0
415,103,7.889617721839e+08,7.889617030000e+08,0,GPS,21,0,L1,-3.318248516592e+08,-8.986711642158e+07,-1.642181786213e+08,1.830104898536e+07,1.121053015517e+07,1.665749484234e+07,8.072273507679e+06,1.701273507679e+06,1.728525103204e+01,2.254340445493e+01,0,0,0,0,0,0,0,0,0
416,103,7.889617721839e+08,7.889617030000e+08,0,GPS,27,0,L1,-3.318248516592e+08,-8.986711642158e+07,-1.642181786213e+08,1.929062619752e+07,1.283926131915e+07,-1.361247447832e+07,2.211437342774e+07,1.574337342774e+07,5.537166384933e+01,1.415738085179e+01,0,0,0,0,0,0,0,0,0
417,104,7.889617731839e+08,7.889617040000e+08,0,GPS,1,0,L1,-3.318323250462e+08,-8.984286202353e+07,-1.642187506353e+08,1.602056913094e+07,2.459053532388e+06,2.101660892493e+07,1.144348405416e+07,5.072484054163e+06,2.554177129089e+01,1.001649495454e+01,0,0,0,0,0,0,0,0,0
418,104,7.889617731839e+08,7.889617040000e+08,0,GPS,2,0,L1,-3.318323250462e+08,-8.984286202353e+07,-1.642187506353e+08,1.731719429843e+07,3.801165290219e+06,2.032578485933e+07,1.008328328555e+07,3.712283285552e+06,2.195307071914e+01,1.773410709468e+01,0,0,0,0,0,0,0,0,0
419,104,7.889617731839e+08,7.889617040000e+08,0,GPS,4,0,L1,-3.318323250462e+08,-8.984286202353e+07,-1.642187506353e+08,2.540466340591e+07,-2.320959163805e+05,-7.884811548325e+06,1.803974754117e+07,1.166874754117e+07,4.269977193752e+01,1.361204588783e+01,0,0,0,0,0,0,0,0,0
420,104,7.889617731839e+08,7.889617040000e+08,0,GPS,21,0,L1,-3.318323250462e+08,-8.984286202353e+07,-1.642187506353e+08,1.830181604146e+07,1.121237181945e+07,1.665545635389e+07,8.072850147692e+06,1.701850147692e+06,1.728650699619e+01,2.254068285890e+01,0,0,0,0,0,0,0,0,0
421,104,7.889617731839e+08,7.889617040000e+08,0,GPS,27,0,L1,-3.318323250462e+08,-8.984286202353e+07,-1.642187506353e+08,1.928894830204e+07,1.283918777533e+07,-1.361492079157e+07,2.211631285248e+07,1.574531285248e+07,5.537894153385e+01,1.415710406264e+01,0,0,0,0,0,0,0,0,0
422,105,7.889617741839e+08,7.889617050000e+08,0,GPS,1,0,L1,-3.318397964955e+08,-8.981860733287e+07,-1.642193232662e+08,1.602122544623e+07,2.461633574655e+06,2.101579697678e+07,1.144170035047e+07,5.070700350474e+06,2.553751146246e+01,1.002796425595e+01,0,0,0,0,0,0,0,0,0
423,105,7.889617741839e+08,7.889617050000e+08,0,GPS,2,0,L1,-3.318397964955e+08,-8.981860733287e+07,-1.642193232662e+08,1.731817422129e+07,3.803420761473e+06,2.032452519740e+07,1.008130603045e+07,3.710306030451e+06,2.194854395507e+01,1.774349752707e+01,0,0,0,0,0,0,0,0,0
424,105,7.889617741839e+08,7.889617050000e+08,0,GPS,4,0,L1,-3.318397964955e+08,-8.981860733287e+07,-1.642193232662e+08,2.540558178201e+07,-2.316627735859e+05,-7.881849293445e+06,1.803716297931e+07,1.166616297931e+07,4.269220667637e+01,1.362664959529e+01,0,0,0,0,0,0,0,0,0
425,105,7.889617741839e+08,7.889617050000e+08,0,GPS,21,0,L1,-3.318397964955e+08,-8.981860733287e+07,-1.642193232662e+08,1.830258346343e+07,1.121421343195e+07,1.665341786518e+07,8.073428267089e+06,1.702428267089e+06,1.728776588982e+01,2.253795494648e+01,0,0,0,0,0,0,0,0,0
426,105,7.889617741839e+08,7.889617050000e+08,0,GPS,27,0,L1,-3.318397964955e+08,-8.981860733287e+07,-1.642193232662e+08,1.928727049875e+07,1.283911454421e+07,-1.361736710450e+07,2.211825240897e+07,1.574725240897e+07,5.538621937484e+01,1.415682706226e+01,0,0,0,0,0,0,0,0,0
427,106,7.889617751839e+08,7.889617060000e+08,0,GPS,1,0,L1,-3.318472660077e+08,-8.979435234761e+07,-1.642198965136e+08,1.602188222300e+07,2.464213534142e+06,2.101498502863e+07,1.143991744955e+07,5.068917449547e+06,2.553325312312e+01,1.003943274476e+01,0,0,0,0,0,0,0,0,0
428,106,7.889617751839e+08,7.889617060000e+08,0,GPS,2,0,L1,-3.318472660077e+08,-8.979435234761e+07,-1.642198965136e+08,1.731915456526e+07,3.805676110418e+06,2.032326553529e+07,1.007932957409e+07,3.708329574087e+06,2.194401870490e+01,1.775288542153e+01,0,0,0,0,0,0,0,0,0
429,106,7.889617751839e+08,7.889617060000e+08,0,GPS,4,0,L1,-3.318472660077e+08,-8.979435234761e+07,-1.642198965136e+08,2.540650035637e+07,-2.312297661605e+05,-7.878887038565e+06,1.803457854456e+07,1.166357854456e+07,4.268464159572e+01,1.364125758620e+01,0,0,0,0,0,0,0,0,0
430,106,7.889617751839e+08,7.889617060000e+08,0,GPS,21,0,L1,-3.318472660077e+08,-8.979435234761e+07,-1.642198965136e+08,1.830335125138e+07,1.121605499201e+07,1.665137937646e+07,8.074007865424e+06,1.703007865424e+06,1.728902771195e+01,2.253522071978e+01,0,0,0,0,0,0,0,0,0
431,106,7.889617751839e+08,7.889617060000e+08,0,GPS,27,0,L1,-3.318472660077e+08,-8.979435234761e+07,-1.642198965136e+08,1.928559278713e+07,1.283904162619e+07,-1.361981341775e+07,2.212019209773e+07,1.574919209773e+07,5.539349737376e+01,1.415654985066e+01,0,0,0,0,0,0,0,0,0
432,107,7.889617761839e+08,7.889617070000e+08,0,GPS,1,0,L1,-3.318547335797e+08,-8.977009707784e+07,-1.642204703775e+08,1.602252660115e+07,2.466794082084e+06,2.101416534340e+07,1.143813361235e+07,5.067133612351e+06,2.552900636898e+01,1.005078575867e+01,0,0,0,0,0,0,0,0,0
433,107,7.889617761839e+08,7.889617070000e+08,0,GPS,2,0,L1,-3.318547335797e+08,-8.977009707784e+07,-1.642204703775e+08,1.732012301888e+07,3.807932155280e+06,2.032199872918e+07,1.007735263460e+07,3.706352634598e+06,2.193950330470e+01,1.776222690752e+01,0,0,0,0,0,0,0,0,0
434,107,7.889617761839e+08,7.889617070000e+08,0,GPS,4,0,L1,-3.318547335797e+08,-8.977009707784e+07,-1.642204703775e+08,2.540740699562e+07,-2.307947595824e+05,-7.875921753877e+06,1.803198615350e+07,1.166098615350e+07,4.267707784692e+01,1.365600686815e+01,0,0,0,0,0,0,0,0,0
435,107,7.889617761839e+08,7.889617070000e+08,0,GPS,21,0,L1,-3.318547335797e+08,-8.977009707784e+07,-1.642204703775e+08,1.830410780090e+07,1.121789372796e+07,1.664933512439e+07,8.074589397573e+06,1.703589397573e+06,1.729030166987e+01,2.253245487974e+01,0,0,0,0,0,0,0,0,0
436,107,7.889617761839e+08,7.889617070000e+08,0,GPS,27,0,L1,-3.318547335797e+08,-8.977009707784e+07,-1.642204703775e+08,1.928390674734e+07,1.283895930727e+07,-1.362225488058e+07,2.212212197302e+07,1.575112197302e+07,5.540077880085e+01,1.415628835484e+01,0,0,0,0,0,0,0,0,0
437,108,7.889617771839e+08,7.889617080000e+08,0,GPS,1,0,L1,-3.318621992147e+08,-8.974584151193e+07,-1.642210448575e+08,1.602317261142e+07,2.469374574543e+06,2.101334684940e+07,1.143635112008e+07,5.065351120084e+06,2.552476069261e+01,1.006219168264e+01,0,0,0,0,0,0,0,0,0
438,108,7.889617771839e+08,7.889617080000e+08,0,GPS,2,0,L1,-3.318621992147e+08,-8.974584151193e+07,-1.642210448575e+08,1.732109302973e+07,3.810188146649e+06,2.032073299760e+07,1.007537693513e+07,3.704376935131e+06,2.193498909915e+01,1.777158272440e+01,0,0,0,0,0,0,0,0,0
439,108,7.889617771839e+08,7.889617080000e+08,0,GPS,4,0,L1,-3.318621992147e+08,-8.974584151193e+07,-1.642210448575e+08,2.540831548121e+07,-2.303601108263e+05,-7.872956917792e+06,1.802939500200e+07,1.165839500200e+07,4.266951413783e+01,1.367067373775e+01,0,0,0,0,0,0,0,0,0
440,108,7.889617771839e+08,7.889617080000e+08,0,GPS,21,0,L1,-3.318621992147e+08,-8.974584151193e+07,-1.642210448575e+08,1.830486584105e+07,1.121973287242e+07,1.664729170852e+07,8.075172634519e+06,1.704172634519e+06,1.729157809760e+01,2.252968707196e+01,0,0,0,0,0,0,0,0,0
441,108,7.889617771839e+08,7.889617080000e+08,0,GPS,27,0,L1,-3.318621992147e+08,-8.974584151193e+07,-1.642210448575e+08,1.928222211592e+07,1.283887836036e+07,-1.362469725123e+07,2.212405348336e+07,1.575305348336e+07,5.540806012991e+01,1.415601683474e+01,0,0,0,0,0,0,0,0,0
442,109,7.889617781839e+08,7.889617090000e+08,0,GPS,1,0,L1,-3.318696629096e+08,-8.972158565998e+07,-1.642216199534e+08,1.602381908324e+07,2.471954986681e+06,2.101252835528e+07,1.143456943310e+07,5.063569433104e+06,2.552051650692e+01,1.007359686188e+01,0,0,0,0,0,0,0,0,0
443,109,7.889617781839e+08,7.889617090000e+08,0,GPS,2,0,L1,-3.318696629096e+08,-8.972158565998e+07,-1.642216199534e+08,1.732206346170e+07,3.812444017570e+06,2.031946726584e+07,1.007340203767e+07,3.702402037672e+06,2.193047641070e+01,1.778093600909e+01,0,0,0,0,0,0,0,0,0
444,109,7.889617781839e+08,7.889617090000e+08,0,GPS,4,0,L1,-3.318696629096e+08,-8.972158565998e+07,-1.642216199534e+08,2.540922416537e+07,-2.299255950449e+05,-7.869992081380e+06,1.802680397758e+07,1.165580397758e+07,4.266195060331e+01,1.368534495950e+01,0,0,0,0,0,0,0,0,0
445,109,7.889617781839e+08,7.889617090000e+08,0,GPS,21,0,L1,-3.318696629096e+08,-8.972158565998e+07,-1.642216199534e+08,1.830562424653e+07,1.122157196721e+07,1.664524829212e+07,8.075757349926e+06,1.704757349926e+06,1.729285745365e+01,2.252691294857e+01,0,0,0,0,0,0,0,0,0
446,109,7.889617781839e+08,7.889617090000e+08,0,GPS,27,0,L1,-3.318696629096e+08,-8.972158565998e+07,-1.642216199534e+08,1.928053757473e+07,1.283879772796e+07,-1.362713962220e+07,2.212598512532e+07,1.575498512532e+07,5.541534162152e+01,1.415574510556e+01,0,0,0,0,0,0,0,0,0
447,110,7.889617791839e+08,7.889617100000e+08,0,GPS,1,0,L1,-3.318771246669e+08,-8.969732951275e+07,-1.642221956648e+08,1.602446601662e+07,2.474535317415e+06,2.101170986116e+07,1.143278855203e+07,5.061788552029e+06,2.551627381346e+01,1.008500128958e+01,0,0,0,0,0,0,0,0,0
448,110,7.889617791839e+08,7.889617100000e+08,0,GPS,2,0,L1,-3.318771246669e+08,-8.969732951275e+07,-1.642221956648e+08,1.732303431477e+07,3.814699766413e+06,2.031820153426e+07,1.007142794322e+07,3.700427943221e+06,2.192596524171e+01,1.779028675641e+01,0,0,0,0,0,0,0,0,0
449,110,7.889617791839e+08,7.889617100000e+08,0,GPS,4,0,L1,-3.318771246669e+08,-8.969732951275e+07,-1.642221956648e+08,2.541013304810e+07,-2.294912130040e+05,-7.867027244641e+06,1.802421308027e+07,1.165321308027e+07,4.265438724373e+01,1.370002053516e+01,0,0,0,0,0,0,0,0,0
450,110,7.889617791839e+08,7.889617100000e+08,0,GPS,21,0,L1,-3.318771246669e+08,-8.969732951275e+07,-1.642221956648e+08,1.830638301773e+07,1.122341101077e+07,1.664320487571e+07,8.076343543215e+06,1.705343543215e+06,1.729413973675e+01,2.252413251201e+01,0,0,0,0,0,0,0,0,0
451,110,7.889617791839e+08,7.889617100000e+08,0,GPS,27,0,L1,-3.318771246669e+08,-8.969732951275e+07,-1.642221956648e+08,1.927885312451e+07,1.283871740923e+07,-1.362958199317e+07,2.212791689857e+07,1.575691689857e+07,5.542262327438e+01,1.415547316742e+01,0,0,0,0,0,0,0,0,0
452,111,7.889617801839e+08,7.889617110000e+08,0,GPS,1,0,L1,-3.318845844856e+08,-8.967307307310e+07,-1.642227719917e+08,1.602511341154e+07,2.477115566807e+06,2.101089136703e+07,1.143100847723e+07,5.060008477226e+06,2.551203261317e+01,1.009640496026e+01,0,0,0,0,0,0,0,0,0
453,111,7.889617801839e+08,7.889617110000e+08,0,GPS,2,0,L1,-3.318845844856e+08,-8.967307307310e+07,-1.642227719917e+08,1.732400558902e+07,3.816955394330e+06,2.031693580250e+07,1.006945465171e+07,3.698454651707e+06,2.192145559216e+01,1.779963496562e+01,0,0,0,0,0,0,0,0,0
454,111,7.889617801839e+08,7.889617110000e+08,0,GPS,4,0,L1,-3.318845844856e+08,-8.967307307310e+07,-1.642227719917e+08,2.541104212919e+07,-2.290569653270e+05,-7.864062408229e+06,1.802162231077e+07,1.165062231077e+07,4.264682406133e+01,1.371470046289e+01,0,0,0,0,0,0,0,0,0
455,111,7.889617801839e+08,7.889617110000e+08,0,GPS,21,0,L1,-3.318845844856e+08,-8.967307307310e+07,-1.642227719917e+08,1.830714215455e+07,1.122525000319e+07,1.664116145931e+07,8.076931214063e+06,1.705931214063e+06,1.729542494616e+01,2.252134576408e+01,0,0,0,0,0,0,0,0,0
456,111,7.889617801839e+08,7.889617110000e+08,0,GPS,27,0,L1,-3.318845844856e+08,-8.967307307310e+07,-1.642227719917e+08,1.927716876521e+07,1.283863740428e+07,-1.363202436413e+07,2.212984880307e+07,1.575884880307e+07,5.542990508807e+01,1.415520102037e+01,0,0,0,0,0,0,0,0,0
457,112,7.889617811839e+08,7.889617120000e+08,0,GPS,1,0,L1,-3.318920423634e+08,-8.964881634870e+07,-1.642233489337e+08,1.602576126798e+07,2.479695735718e+06,2.101007287279e+07,1.142922920881e+07,5.058229208808e+06,2.550779290647e+01,1.010780786982e+01,0,0,0,0,0,0,0,0,0
458,112,7.889617811839e+08,7.889617120000e+08,0,GPS,2,0,L1,-3.318920423634e+08,-8.964881634870e+07,-1.642233489337e+08,1.732497728428e+07,3.819210901113e+06,2.031567007074e+07,1.006748216386e+07,3.696482163864e+06,2.191694746381e+01,1.780898063263e+01,0,0,0,0,0,0,0,0,0
459,112,7.889617811839e+08,7.889617120000e+08,0,GPS,4,0,L1,-3.318920423634e+08,-8.964881634870e+07,-1.642233489337e+08,2.541195140874e+07,-2.286228510953e+05,-7.861097571818e+06,1.801903166878e+07,1.164803166878e+07,4.263926105556e+01,1.372938474620e+01,0,0,0,0,0,0,0,0,0
460,112,7.889617811839e+08,7.889617120000e+08,0,GPS,21,0,L1,-3.318920423634e+08,-8.964881634870e+07,-1.642233489337e+08,1.830790165677e+07,1.122708894482e+07,1.663911804291e+07,8.077520362149e+06,1.706520362149e+06,1.729671308117e+01,2.251855270660e+01,0,0,0,0,0,0,0,0,0
461,112,7.889617811839e+08,7.889617120000e+08,0,GPS,27,0,L1,-3.318920423634e+08,-8.964881634870e+07,-1.642233489337e+08,1.927548449658e+07,1.283855771352e+07,-1.363446673510e+07,2.213178083877e+07,1.576078083877e+07,5.543718706219e+01,1.415492866450e+01,0,0,0,0,0,0,0,0,0
462,113,7.889617821839e+08,7.889617130000e+08,0,GPS,1,0,L1,-3.318994983027e+08,-8.962455933033e+07,-1.642239264906e+08,1.602640958593e+07,2.482275822499e+06,2.100925437866e+07,1.142745074765e+07,5.056450747646e+06,2.550355469545e+01,1.011921001007e+01,0,0,0,0,0,0,0,0,0
463,113,7.889617821839e+08,7.889617130000e+08,0,GPS,2,0,L1,-3.318994983027e+08,-8.962455933033e+07,-1.642239264906e+08,1.732594940061e+07,3.821466285670e+06,2.031440433915e+07,1.006551048043e+07,3.694510480426e+06,2.191244085840e+01,1.781832375337e+01,0,0,0,0,0,0,0,0,0
464,113,7.889617821839e+08,7.889617130000e+08,0,GPS,4,0,L1,-3.318994983027e+08,-8.962455933033e+07,-1.642239264906e+08,2.541286088671e+07,-2.281888710747e+05,-7.858132735407e+06,1.801644115433e+07,1.164544115433e+07,4.263169822679e+01,1.374407338684e+01,0,0,0,0,0,0,0,0,0
465,113,7.889617821839e+08,7.889617130000e+08,0,GPS,21,0,L1,-3.318994983027e+08,-8.962455933033e+07,-1.642239264906e+08,1.830866152468e+07,1.122892783510e+07,1.663707462650e+07,8.078110987151e+06,1.707110987151e+06,1.729800414104e+01,2.251575334137e+01,0,0,0,0,0,0,0,0,0
466,113,7.889617821839e+08,7.889617130000e+08,0,GPS,27,0,L1,-3.318994983027e+08,-8.962455933033e+07,-1.642239264906e+08,1.927380031903e+07,1.283847833638e+07,-1.363690910607e+07,2.213371300564e+07,1.576271300564e+07,5.544446919636e+01,1.415465609988e+01,0,0,0,0,0,0,0,0,0
467,114,7.889617831839e+08,7.889617140000e+08,0,GPS,1,0,L1,-3.319069523000e+08,-8.960030203049e+07,-1.642245046621e+08,1.602705836533e+07,2.484855828243e+06,2.100843588454e+07,1.142567309385e+07,5.054673093853e+06,2.549931798051e+01,1.013061137688e+01,0,0,0,0,0,0,0,0,0
468,114,7.889617831839e+08,7.889617140000e+08,0,GPS,2,0,L1,-3.319069523000e+08,-8.960030203049e+07,-1.642245046621e+08,1.732692193797e+07,3.823721549657e+06,2.031313860739e+07,1.006353960132e+07,3.692539601324e+06,2.190793577593e+01,1.782766432709e+01,0,0,0,0,0,0,0,0,0
469,114,7.889617831839e+08,7.889617140000e+08,0,GPS,4,0,L1,-3.319069523000e+08,-8.960030203049e+07,-1.642245046621e+08,2.541377056311e+07,-2.277550243677e+05,-7.855167898997e+06,1.801385076746e+07,1.164285076746e+07,4.262413557541e+01,1.375876638651e+01,0,0,0,0,0,0,0,0,0
470,114,7.889617831839e+08,7.889617140000e+08,0,GPS,21,0,L1,-3.319069523000e+08,-8.960030203049e+07,-1.642245046621e+08,1.830942175790e+07,1.123076667463e+07,1.663503121010e+07,8.078703088744e+06,1.707703088744e+06,1.729929812503e+01,2.251294767020e+01,0,0,0,0,0,0,0,0,0
471,114,7.889617831839e+08,7.889617140000e+08,0,GPS,27,0,L1,-3.319069523000e+08,-8.960030203049e+07,-1.642245046621e+08,1.927211623248e+07,1.283839927327e+07,-1.363935147671e+07,2.213564530334e+07,1.576464530334e+07,5.545175148923e+01,1.415438332660e+01,0,0,0,0,0,0,0,0,0
472,115,7.889617841839e+08,7.889617150000e+08,0,GPS,1,0,L1,-3.319144043595e+08,-8.957604443272e+07,-1.642250834480e+08,1.602770760629e+07,2.487435752081e+06,2.100761739041e+07,1.142389624780e+07,5.052896247795e+06,2.549508276262e+01,1.014201196477e+01,0,0,0,0,0,0,0,0,0
473,115,7.889617841839e+08,7.889617150000e+08,0,GPS,2,0,L1,-3.319144043595e+08,-8.957604443272e+07,-1.642250834480e+08,1.732789489641e+07,3.825976691067e+06,2.031187287581e+07,1.006156952756e+07,3.690569527557e+06,2.190343221873e+01,1.783700234860e+01,0,0,0,0,0,0,0,0,0
474,115,7.889617841839e+08,7.889617150000e+08,0,GPS,4,0,L1,-3.319144043595e+08,-8.957604443272e+07,-1.642250834480e+08,2.541468043799e+07,-2.273213119043e+05,-7.852203062259e+06,1.801126050788e+07,1.164026050788e+07,4.261657310088e+01,1.377346374874e+01,0,0,0,0,0,0,0,0,0
475,115,7.889617841839e+08,7.889617150000e+08,0,GPS,21,0,L1,-3.319144043595e+08,-8.957604443272e+07,-1.642250834480e+08,1.831018235697e+07,1.123260546246e+07,1.663298779369e+07,8.079296666606e+06,1.708296666606e+06,1.730059503242e+01,2.251013569492e+01,0,0,0,0,0,0,0,0,0
476,115,7.889617841839e+08,7.889617150000e+08,0,GPS,27,0,L1,-3.319144043595e+08,-8.957604443272e+07,-1.642250834480e+08,1.927043223693e+07,1.283832052375e+07,-1.364179384768e+07,2.213757773240e+07,1.576657773240e+07,5.545903394228e+01,1.415411034468e+01,0,0,0,0,0,0,0,0,0
477,116,7.889617851839e+08,7.889617160000e+08,0,GPS,1,0,L1,-3.319218544758e+08,-8.955178655677e+07,-1.642256628480e+08,1.602835730866e+07,2.490015594892e+06,2.100679889629e+07,1.142212020984e+07,5.051120209838e+06,2.549084904273e+01,1.015341176826e+01,0,0,0,0,0,0,0,0,0
478,116,7.889617851839e+08,7.889617160000e+08,0,GPS,2,0,L1,-3.319218544758e+08,-8.955178655677e+07,-1.642256628480e+08,1.732886827583e+07,3.828231711935e+06,2.031060714405e+07,1.005960025906e+07,3.688600259060e+06,2.189893018680e+01,1.784633781715e+01,0,0,0,0,0,0,0,0,0
479,116,7.889617851839e+08,7.889617160000e+08,0,GPS,4,0,L1,-3.319218544758e+08,-8.955178655677e+07,-1.642256628480e+08,2.541559051117e+07,-2.268877330135e+05,-7.849238225849e+06,1.800867037628e+07,1.163767037628e+07,4.260901080541e+01,1.378816547170e+01,0,0,0,0,0,0,0,0,0
480,116,7.889617851839e+08,7.889617160000e+08,0,GPS,21,0,L1,-3.319218544758e+08,-8.955178655677e+07,-1.642256628480e+08,1.831094332129e+07,1.123444419909e+07,1.663094437756e+07,8.079891720278e+06,1.708891720278e+06,1.730189486218e+01,2.250731741767e+01,0,0,0,0,0,0,0,0,0
481,116,7.889617851839e+08,7.889617160000e+08,0,GPS,27,0,L1,-3.319218544758e+08,-8.955178655677e+07,-1.642256628480e+08,1.926874833202e+07,1.283824208865e+07,-1.364423621864e+07,2.213951029250e+07,1.576851029250e+07,5.546631655418e+01,1.415383715423e+01,0,0,0,0,0,0,0,0,0
482,117,7.889617861839e+08,7.889617170000e+08,0,GPS,1,0,L1,-3.319293026524e+08,-8.952752838857e+07,-1.642262428619e+08,1.602900747257e+07,2.492595356488e+06,2.100598040204e+07,1.142034498010e+07,5.049344980098e+06,2.548661682125e+01,1.016481078320e+01,0,0,0,0,0,0,0,0,0
483,117,7.889617861839e+08,7.889617170000e+08,0,GPS,2,0,L1,-3.319293026524e+08,-8.952752838857e+07,-1.642262428619e+08,1.732984207632e+07,3.830486610917e+06,2.030934141229e+07,1.005763179656e+07,3.686631796564e+06,2.189442968188e+01,1.785567072865e+01,0,0,0,0,0,0,0,0,0
484,117,7.889617861839e+08,7.889617170000e+08,0,GPS,4,0,L1,-3.319293026524e+08,-8.952752838857e+07,-1.642262428619e+08,2.541650078273e+07,-2.264542884406e+05,-7.846273389440e+06,1.800608037235e+07,1.163508037235e+07,4.260144868846e+01,1.380287155891e+01,0,0,0,0,0,0,0,0,0
485,117,7.889617861839e+08,7.889617170000e+08,0,GPS,21,0,L1,-3.319293026524e+08,-8.952752838857e+07,-1.642262428619e+08,1.831170465126e+07,1.123628288469e+07,1.662890096115e+07,8.080488249700e+06,1.709488249700e+06,1.730319761414e+01,2.250449283963e+01,0,0,0,0,0,0,0,0,0
486,117,7.889617861839e+08,7.889617170000e+08,0,GPS,27,0,L1,-3.319293026524e+08,-8.952752838857e+07,-1.642262428619e+08,1.926706451834e+07,1.283816396712e+07,-1.364667858960e+07,2.214144298359e+07,1.577044298359e+07,5.547359932452e+01,1.415356375531e+01,0,0,0,0,0,0,0,0,0
487,118,7.889617871839e+08,7.889617180000e+08,0,GPS,1,0,L1,-3.319367488872e+08,-8.950326993581e+07,-1.642268234894e+08,1.602965809790e+07,2.495175036035e+06,2.100516190792e+07,1.141857055944e+07,5.047570559443e+06,2.548238610027e+01,1.017620900139e+01,0,0,0,0,0,0,0,0,0
488,118,7.889617871839e+08,7.889617180000e+08,0,GPS,2,0,L1,-3.319367488872e+08,-8.950326993581e+07,-1.642268234894e+08,1.733081629773e+07,3.832741387804e+06,2.030807568070e+07,1.005566414080e+07,3.684664140804e+06,2.188993070573e+01,1.786500107902e+01,0,0,0,0,0,0,0,0,0
489,118,7.889617871839e+08,7.889617180000e+08,0,GPS,4,0,L1,-3.319367488872e+08,-8.950326993581e+07,-1.642268234894e+08,2.541741125264e+07,-2.260209776574e+05,-7.843308553031e+06,1.800349049615e+07,1.163249049615e+07,4.259388675041e+01,1.381758201208e+01,0,0,0,0,0,0,0,0,0
490,118,7.889617871839e+08,7.889617180000e+08,0,GPS,21,0,L1,-3.319367488872e+08,-8.950326993581e+07,-1.642268234894e+08,1.831246634668e+07,1.123812151911e+07,1.662685754475e+07,8.081086254413e+06,1.710086254413e+06,1.730450328728e+01,2.250166196296e+01,0,0,0,0,0,0,0,0,0
491,118,7.889617871839e+08,7.889617180000e+08,0,GPS,27,0,L1,-3.319367488872e+08,-8.950326993581e+07,-1.642268234894e+08,1.926538079565e+07,1.283808615955e+07,-1.364912096056e+07,2.214337580562e+07,1.577237580562e+07,5.548088225291e+01,1.415329014801e+01,0,0,0,0,0,0,0,0,0
492,119,7.889617881839e+08,7.889617190000e+08,0,GPS,1,0,L1,-3.319441931812e+08,-8.947901119409e+07,-1.642274047303e+08,1.603030918471e+07,2.497754633812e+06,2.100434341379e+07,1.141679694799e+07,5.045796947988e+06,2.547815688021e+01,1.018760641869e+01,0,0,0,0,0,0,0,0,0
493,119,7.889617881839e+08,7.889617190000e+08,0,GPS,2,0,L1,-3.319441931812e+08,-8.947901119409e+07,-1.642274047303e+08,1.733179094021e+07,3.834996043370e+06,2.030680994894e+07,1.005369729171e+07,3.682697291713e+06,2.188543325834e+01,1.787432886750e+01,0,0,0,0,0,0,0,0,0
494,119,7.889617881839e+08,7.889617190000e+08,0,GPS,4,0,L1,-3.319441931812e+08,-8.947901119409e+07,-1.642274047303e+08,2.541832192089e+07,-2.255878010604e+05,-7.840343716622e+06,1.800090074769e+07,1.162990074769e+07,4.258632499164e+01,1.383229683297e+01,0,0,0,0,0,0,0,0,0
495,119,7.889617881839e+08,7.889617190000e+08,0,GPS,21,0,L1,-3.319441931812e+08,-8.947901119409e+07,-1.642274047303e+08,1.831322840771e+07,1.123996010203e+07,1.662481412834e+07,8.081685734091e+06,1.710685734091e+06,1.730581188086e+01,2.249882478948e+01,0,0,0,0,0,0,0,0,0
496,119,7.889617881839e+08,7.889617190000e+08,0,GPS,27,0,L1,-3.319441931812e+08,-8.947901119409e+07,-1.642274047303e+08,1.926369716416e+07,1.283800866567e+07,-1.365156333152e+07,2.214530875857e+07,1.577430875857e+07,5.548816533895e+01,1.415301633239e+01,0,0,0,0,0,0,0,0,0
497,120,7.889617891839e+08,7.889617200000e+08,0,GPS,1,0,L1,-3.319516355334e+08,-8.945475216626e+07,-1.642279865843e+08,1.603096073296e+07,2.500334149881e+06,2.100352491967e+07,1.141502414610e+07,5.044024146099e+06,2.547392916201e+01,1.019900302958e+01,0,0,0,0,0,0,0,0,0
498,120,7.889617891839e+08,7.889617200000e+08,0,GPS,2,0,L1,-3.319516355334e+08,-8.945475216626e+07,-1.642279865843e+08,1.733276600361e+07,3.837250576616e+06,2.030554421736e+07,1.005173125029e+07,3.680731250291e+06,2.188093734206e+01,1.788365408889e+01,0,0,0,0,0,0,0,0,0
499,120,7.889617891839e+08,7.889617200000e+08,0,GPS,4,0,L1,-3.319516355334e+08,-8.945475216626e+07,-1.642279865843e+08,2.541923278748e+07,-2.251547584913e+05,-7.837378880214e+06,1.799831112702e+07,1.162731112702e+07,4.257876341253e+01,1.384701602330e+01,0,0,0,0,0,0,0,0,0
500,120,7.889617891839e+08,7.889617200000e+08,0,GPS,21,0,L1,-3.319516355334e+08,-8.945475216626e+07,-1.642279865843e+08,1.831399083425e+07,1.124179863357e+07,1.662277071194e+07,8.082286688406e+06,1.711286688406e+06,1.730712339413e+01,2.249598132103e+01,0,0,0,0,0,0,0,0,0
501,120,7.889617891839e+08,7.889617200000e+08,0,GPS,27,0,L1,-3.319516355334e+08,-8.945475216626e+07,-1.642279865843e+08,1.926201362384e+07,1.283793148558e+07,-1.365400570249e+07,2.214724184237e+07,1.577624184237e+07,5.549544858223e+01,1.415274230852e+01,0,0,0,0,0,0,0,0,0
502,121,7.889617901839e+08,7.889617210000e+08,0,GPS,1,0,L1,-3.319590759436e+08,-8.943049285274e+07,-1.642285690512e+08,1.603161274266e+07,2.502913584188e+06,2.100270642554e+07,1.141325215414e+07,5.042252154143e+06,2.546970294664e+01,1.021039882856e+01,0,0,0,0,0,0,0,0,0
503,121,7.889617901839e+08,7.889617210000e+08,0,GPS,2,0,L1,-3.319590759436e+08,-8.943049285274e+07,-1.642285690512e+08,1.733374148804e+07,3.839504988569e+06,2.030427848559e+07,1.004976601647e+07,3.678766016472e+06,2.187644295686e+01,1.789297674244e+01,0,0,0,0,0,0,0,0,0
504,121,7.889617901839e+08,7.889617210000e+08,0,GPS,4,0,L1,-3.319590759436e+08,-8.943049285274e+07,-1.642285690512e+08,2.542014385246e+07,-2.247218495863e+05,-7.834414043478e+06,1.799572163384e+07,1.162472163384e+07,4.257120201254e+01,1.386173958658e+01,0,0,0,0,0,0,0,0,0
505,121,7.889617901839e+08,7.889617210000e+08,0,GPS,21,0,L1,-3.319590759436e+08,-8.943049285274e+07,-1.642285690512e+08,1.831475362631e+07,1.124363711365e+07,1.662072729553e+07,8.082889117029e+06,1.711889117029e+06,1.730843782635e+01,2.249313155946e+01,0,0,0,0,0,0,0,0,0
506,121,7.889617901839e+08,7.889617210000e+08,0,GPS,27,0,L1,-3.319590759436e+08,-8.943049285274e+07,-1.642285690512e+08,1.926033017470e+07,1.283785461929e+07,-1.365644807344e+07,2.214917505700e+07,1.577817505700e+07,5.550273198237e+01,1.415246807649e+01,0,0,0,0,0,0,0,0,0
507,122,7.889617911839e+08,7.889617220000e+08,0,GPS,1,0,L1,-3.319665144109e+08,-8.940623325639e+07,-1.642291521307e+08,1.603226521377e+07,2.505492936798e+06,2.100188793141e+07,1.141148097249e+07,5.040480972485e+06,2.546547823507e+01,1.022179381012e+01,0,0,0,0,0,0,0,0,0
508,122,7.889617911839e+08,7.889617220000e+08,0,GPS,2,0,L1,-3.319665144109e+08,-8.940623325639e+07,-1.642291521307e+08,1.733471739332e+07,3.841759278229e+06,2.030301275401e+07,1.004780159126e+07,3.676801591256e+06,2.187195010510e+01,1.790229682295e+01,0,0,0,0,0,0,0,0,0
509,122,7.889617911839e+08,7.889617220000e+08,0,GPS,4,0,L1,-3.319665144109e+08,-8.940623325639e+07,-1.642291521307e+08,2.542105511566e+07,-2.242890749679e+05,-7.831449207070e+06,1.799313226884e+07,1.162213226884e+07,4.256364079388e+01,1.387646752099e+01,0,0,0,0,0,0,0,0,0
510,122,7.889617911839e+08,7.889617220000e+08,0,GPS,21,0,L1,-3.319665144109e+08,-8.940623325639e+07,-1.642291521307e+08,1.831551678383e+07,1.124547554189e+07,1.661868387939e+07,8.083493019498e+06,1.712493019498e+06,1.730975517649e+01,2.249027550695e+01,0,0,0,0,0,0,0,0,0
511,122,7.889617911839e+08,7.889617220000e+08,0,GPS,27,0,L1,-3.319665144109e+08,-8.940623325639e+07,-1.642291521307e+08,1.925864681704e+07,1.283777806664e+07,-1.365889044409e+07,2.215110840211e+07,1.578010840211e+07,5.551001553804e+01,1.415219363639e+01,0,0,0,0,0,0,0,0,0
512,123,7.889617921839e+08,7.889617230000e+08,0,GPS,1,0,L1,-3.319739509362e+08,-8.938197337281e+07,-1.642297358225e+08,1.603291814635e+07,2.508072207988e+06,2.100106943716e+07,1.140971060124e+07,5.038710601243e+06,2.546125502769e+01,1.023318797009e+01,0,0,0,0,0,0,0,0,0
513,123,7.889617921839e+08,7.889617230000e+08,0,GPS,2,0,L1,-3.319739509362e+08,-8.938197337281e+07,-1.642297358225e+08,1.733569371964e+07,3.844013446370e+06,2.030174702224e+07,1.004583797458e+07,3.674837974580e+06,2.186745878676e+01,1.791161432965e+01,0,0,0,0,0,0,0,0,0
514,123,7.889617921839e+08,7.889617230000e+08,0,GPS,4,0,L1,-3.319739509362e+08,-8.938197337281e+07,-1.642297358225e+08,2.542196657714e+07,-2.238564346424e+05,-7.828484370663e+06,1.799054303173e+07,1.161954303173e+07,4.255607975601e+01,1.389119983004e+01,0,0,0,0,0,0,0,0,0
515,123,7.889617921839e+08,7.889617230000e+08,0,GPS,21,0,L1,-3.319739509362e+08,-8.938197337281e+07,-1.642297358225e+08,1.831628030691e+07,1.124731391897e+07,1.661664046299e+07,8.084098395751e+06,1.713098395751e+06,1.731107544436e+01,2.248741316467e+01,0,0,0,0,0,0,0,0,0
516,123,7.889617921839e+08,7.889617230000e+08,0,GPS,27,0,L1,-3.319739509362e+08,-8.938197337281e+07,-1.642297358225e+08,1.925696355039e+07,1.283770182788e+07,-1.366133281505e+07,2.215304187825e+07,1.578204187825e+07,5.551729925069e+01,1.415191898823e+01,0,0,0,0,0,0,0,0,0
517,124,7.889617931839e+08,7.889617240000e+08,0,GPS,1,0,L1,-3.319813855187e+08,-8.935771320484e+07,-1.642303201264e+08,1.603357154032e+07,2.510651396690e+06,2.100025094304e+07,1.140794104128e+07,5.036941041284e+06,2.545703332661e+01,1.024458130023e+01,0,0,0,0,0,0,0,0,0
518,124,7.889617931839e+08,7.889617240000e+08,0,GPS,2,0,L1,-3.319813855187e+08,-8.935771320484e+07,-1.642303201264e+08,1.733667046682e+07,3.846267491995e+06,2.030048129066e+07,1.004387516744e+07,3.672875167441e+06,2.186296900419e+01,1.792092925734e+01,0,0,0,0,0,0,0,0,0
519,124,7.889617931839e+08,7.889617240000e+08,0,GPS,4,0,L1,-3.319813855187e+08,-8.935771320484e+07,-1.642303201264e+08,2.542287823689e+07,-2.234239284512e+05,-7.825519534256e+06,1.798795392254e+07,1.161695392254e+07,4.254851889932e+01,1.390593651547e+01,0,0,0,0,0,0,0,0,0
520,124,7.889617931839e+08,7.889617240000e+08,0,GPS,21,0,L1,-3.319813855187e+08,-8.935771320484e+07,-1.642303201264e+08,1.831704419550e+07,1.124915224447e+07,1.661459704658e+07,8.084705245322e+06,1.713705245322e+06,1.731239862894e+01,2.248454453482e+01,0,0,0,0,0,0,0,0,0
521,124,7.889617931839e+08,7.889617240000e+08,0,GPS,27,0,L1,-3.319813855187e+08,-8.935771320484e+07,-1.642303201264e+08,1.925528037505e+07,1.283762590288e+07,-1.366377518600e+07,2.215497548508e+07,1.578397548508e+07,5.552458311899e+01,1.415164413213e+01,0,0,0,0,0,0,0,0,0
522,125,7.889617941839e+08,7.889617250000e+08,0,GPS,1,0,L1,-3.319888181580e+08,-8.933345275291e+07,-1.642309050422e+08,1.603422539570e+07,2.513230503417e+06,2.099943244891e+07,1.140617229272e+07,5.035172292722e+06,2.545281313222e+01,1.025597379639e+01,0,0,0,0,0,0,0,0,0
523,125,7.889617941839e+08,7.889617250000e+08,0,GPS,2,0,L1,-3.319888181580e+08,-8.933345275291e+07,-1.642309050422e+08,1.733764763497e+07,3.848521416127e+06,2.029921555889e+07,1.004191316978e+07,3.670913169777e+06,2.185848075737e+01,1.793024160526e+01,0,0,0,0,0,0,0,0,0
524,125,7.889617941839e+08,7.889617250000e+08,0,GPS,4,0,L1,-3.319888181580e+08,-8.933345275291e+07,-1.642309050422e+08,2.542379009490e+07,-2.229915564211e+05,-7.822554697849e+06,1.798536494131e+07,1.161436494131e+07,4.254095822417e+01,1.392067757902e+01,0,0,0,0,0,0,0,0,0
525,125,7.889617941839e+08,7.889617250000e+08,0,GPS,21,0,L1,-3.319888181580e+08,-8.933345275291e+07,-1.642309050422e+08,1.831780844958e+07,1.125099051835e+07,1.661255363017e+07,8.085313567882e+06,1.714313567882e+06,1.731372472947e+01,2.248166961924e+01,0,0,0,0,0,0,0,0,0
526,125,7.889617941839e+08,7.889617250000e+08,0,GPS,27,0,L1,-3.319888181580e+08,-8.933345275291e+07,-1.642309050422e+08,1.925359729105e+07,1.283755029161e+07,-1.366621755696e+07,2.215690922256e+07,1.578590922256e+07,5.553186714255e+01,1.415136906815e+01,0,0,0,0,0,0,0,0,0
527,126,7.889617951839e+08,7.889617260000e+08,0,GPS,1,0,L1,-3.319962488540e+08,-8.930919201746e+07,-1.642314905696e+08,1.603487971247e+07,2.515809528115e+06,2.099861395478e+07,1.140440435593e+07,5.033404355926e+06,2.544859444548e+01,1.026736545302e+01,0,0,0,0,0,0,0,0,0
528,126,7.889617951839e+08,7.889617260000e+08,0,GPS,2,0,L1,-3.319962488540e+08,-8.930919201746e+07,-1.642314905696e+08,1.733862522396e+07,3.850775217644e+06,2.029794982730e+07,1.003995198259e+07,3.668951982587e+06,2.185399404866e+01,1.793955136819e+01,0,0,0,0,0,0,0,0,0
529,126,7.889617951839e+08,7.889617260000e+08,0,GPS,4,0,L1,-3.319962488540e+08,-8.930919201746e+07,-1.642314905696e+08,2.542470215115e+07,-2.225593185787e+05,-7.819589861443e+06,1.798277608806e+07,1.161177608806e+07,4.253339773095e+01,1.393542302241e+01,0,0,0,0,0,0,0,0,0
530,126,7.889617951839e+08,7.889617260000e+08,0,GPS,21,0,L1,-3.319962488540e+08,-8.930919201746e+07,-1.642314905696e+08,1.831857306917e+07,1.125282874057e+07,1.661051021377e+07,8.085923363097e+06,1.714923363097e+06,1.731505374520e+01,2.247878841981e+01,0,0,0,0,0,0,0,0,0
531,126,7.889617951839e+08,7.889617260000e+08,0,GPS,27,0,L1,-3.319962488540e+08,-8.930919201746e+07,-1.642314905696e+08,1.925191429843e+07,1.283747499406e+07,-1.366865992792e+07,2.215884309065e+07,1.578784309065e+07,5.553915132098e+01,1.415109379638e+01,0,0,0,0,0,0,0,0,0
532,127,7.889617961839e+08,7.889617270000e+08,0,GPS,1,0,L1,-3.320036776056e+08,-8.928493100133e+07,-1.642320767083e+08,1.603553449062e+07,2.518388470848e+06,2.099779546066e+07,1.140263723126e+07,5.031637231262e+06,2.544437726737e+01,1.027875626459e+01,0,0,0,0,0,0,0,0,0
533,127,7.889617961839e+08,7.889617270000e+08,0,GPS,2,0,L1,-3.320036776056e+08,-8.928493100133e+07,-1.642320767083e+08,1.733960323388e+07,3.853028897697e+06,2.029668409554e+07,1.003799160581e+07,3.666991605807e+06,2.184950887803e+01,1.794885854538e+01,0,0,0,0,0,0,0,0,0
534,127,7.889617961839e+08,7.889617270000e+08,0,GPS,4,0,L1,-3.320036776056e+08,-8.928493100133e+07,-1.642320767083e+08,2.542561440562e+07,-2.221272147653e+05,-7.816625025037e+06,1.798018736284e+07,1.160918736284e+07,4.252583742004e+01,1.395017284739e+01,0,0,0,0,0,0,0,0,0
535,127,7.889617961839e+08,7.889617270000e+08,0,GPS,21,0,L1,-3.320036776056e+08,-8.928493100133e+07,-1.642320767083e+08,1.831933805420e+07,1.125466691073e+07,1.660846679763e+07,8.086534630501e+06,1.715534630501e+06,1.731638567509e+01,2.247590093873e+01,0,0,0,0,0,0,0,0,0
536,127,7.889617961839e+08,7.889617270000e+08,0,GPS,27,0,L1,-3.320036776056e+08,-8.928493100133e+07,-1.642320767083e+08,1.925023139712e+07,1.283740001036e+07,-1.367110229887e+07,2.216077708929e+07,1.578977708929e+07,5.554643565386e+01,1.415081831687e+01,0,0,0,0,0,0,0,0,0
537,128,7.889617971839e+08,7.889617280000e+08,0,GPS,1,0,L1,-3.320111044139e+08,-8.926066970012e+07,-1.642326634581e+08,1.603618973016e+07,2.520967331327e+06,2.099697696653e+07,1.140087091910e+07,5.029870919096e+06,2.544016159884e+01,1.029014622557e+01,0,0,0,0,0,0,0,0,0
538,128,7.889617971839e+08,7.889617280000e+08,0,GPS,2,0,L1,-3.320111044139e+08,-8.926066970012e+07,-1.642326634581e+08,1.734058166464e+07,3.855282454908e+06,2.029541836395e+07,1.003603204044e+07,3.665032040438e+06,2.184502524784e+01,1.795816313161e+01,0,0,0,0,0,0,0,0,0
539,128,7.889617971839e+08,7.889617280000e+08,0,GPS,4,0,L1,-3.320111044139e+08,-8.926066970012e+07,-1.642326634581e+08,2.542652685830e+07,-2.216952453779e+05,-7.813660188631e+06,1.797759876568e+07,1.160659876568e+07,4.251827729181e+01,1.396492705569e+01,0,0,0,0,0,0,0,0,0
540,128,7.889617971839e+08,7.889617280000e+08,0,GPS,21,0,L1,-3.320111044139e+08,-8.926066970012e+07,-1.642326634581e+08,1.832010340477e+07,1.125650502950e+07,1.660642338122e+07,8.087147370030e+06,1.716147370030e+06,1.731772051894e+01,2.247300717718e+01,0,0,0,0,0,0,0,0,0
541,128,7.889617971839e+08,7.889617280000e+08,0,GPS,27,0,L1,-3.320111044139e+08,-8.926066970012e+07,-1.642326634581e+08,1.924854858769e+07,1.283732533994e+07,-1.367354466951e+07,2.216271121817e+07,1.579171121817e+07,5.555372013986e+01,1.415054262974e+01,0,0,0,0,0,0,0,0,0
542,129,7.889617981839e+08,7.889617290000e+08,0,GPS,1,0,L1,-3.320185292780e+08,-8.923640811667e+07,-1.642332508187e+08,1.603684543108e+07,2.523546109616e+06,2.099615847240e+07,1.139910541980e+07,5.028105419796e+06,2.543594744085e+01,1.030153533040e+01,0,0,0,0,0,0,0,0,0
543,129,7.889617981839e+08,7.889617290000e+08,0,GPS,2,0,L1,-3.320185292780e+08,-8.923640811667e+07,-1.642332508187e+08,1.734156051632e+07,3.857535890431e+06,2.029415263218e+07,1.003407328642e+07,3.663073286417e+06,2.184054315807e+01,1.796746512612e+01,0,0,0,0,0,0,0,0,0
544,129,7.889617981839e+08,7.889617290000e+08,0,GPS,4,0,L1,-3.320185292780e+08,-8.923640811667e+07,-1.642332508187e+08,2.542743950927e+07,-2.212634098674e+05,-7.810695351898e+06,1.797501029628e+07,1.160401029628e+07,4.251071734572e+01,1.397968565083e+01,0,0,0,0,0,0,0,0,0
545,129,7.889617981839e+08,7.889617290000e+08,0,GPS,21,0,L1,-3.320185292780e+08,-8.923640811667e+07,-1.642332508187e+08,1.832086912083e+07,1.125834309648e+07,1.660437996481e+07,8.087761581214e+06,1.716761581214e+06,1.731905827572e+01,2.247010713738e+01,0,0,0,0,0,0,0,0,0
546,129,7.889617981839e+08,7.889617290000e+08,0,GPS,27,0,L1,-3.320185292780e+08,-8.923640811667e+07,-1.642332508187e+08,1.924686586941e+07,1.283725098347e+07,-1.367598704047e+07,2.216464547782e+07,1.579364547782e+07,5.556100478047e+01,1.415026673500e+01,0,0,0,0,0,0,0,0,0
547,130,7.889617991839e+08,7.889617300000e+08,0,GPS,1,0,L1,-3.320259521976e+08,-8.921214625143e+07,-1.642338387899e+08,1.603750159336e+07,2.526124805662e+06,2.099533997827e+07,1.139734073373e+07,5.026340733728e+06,2.543173479438e+01,1.031292357353e+01,0,0,0,0,0,0,0,0,0
548,130,7.889617991839e+08,7.889617300000e+08,0,GPS,2,0,L1,-3.320259521976e+08,-8.921214625143e+07,-1.642338387899e+08,1.734253978879e+07,3.859789203140e+06,2.029288690059e+07,1.003211534474e+07,3.661115344742e+06,2.183606261107e+01,1.797676452369e+01,0,0,0,0,0,0,0,0,0
549,130,7.889617991839e+08,7.889617300000e+08,0,GPS,4,0,L1,-3.320259521976e+08,-8.921214625143e+07,-1.642338387899e+08,2.542835235833e+07,-2.208317090415e+05,-7.807730515493e+06,1.797242195533e+07,1.160142195533e+07,4.250315758398e+01,1.399444863098e+01,0,0,0,0,0,0,0,0,0
550,130,7.889617991839e+08,7.889617300000e+08,0,GPS,21,0,L1,-3.320259521976e+08,-8.921214625143e+07,-1.642338387899e+08,1.832163520238e+07,1.126018111163e+07,1.660233654841e+07,8.088377263720e+06,1.717377263720e+06,1.732039894466e+01,2.246720082120e+01,0,0,0,0,0,0,0,0,0
551,130,7.889617991839e+08,7.889617300000e+08,0,GPS,27,0,L1,-3.320259521976e+08,-8.921214625143e+07,-1.642338387899e+08,1.924518324266e+07,1.283717694067e+07,-1.367842941142e+07,2.216657986790e+07,1.579557986790e+07,5.556828957433e+01,1.414999063275e+01,0,0,0,0,0,0,0,0,0
552,131,7.889618001839e+08,7.889617310000e+08,0,GPS,1,0,L1,-3.320333731718e+08,-8.918788410722e+07,-1.642344273714e+08,1.603815821698e+07,2.528703419528e+06,2.099452148414e+07,1.139557686126e+07,5.024576861258e+06,2.542752366039e+01,1.032431094943e+01,0,0,0,0,0,0,0,0,0
553,131,7.889618001839e+08,7.889617310000e+08,0,GPS,2,0,L1,-3.320333731718e+08,-8.918788410722e+07,-1.642344273714e+08,1.734351948213e+07,3.862042394187e+06,2.029162116883e+07,1.003015821535e+07,3.659158215354e+06,2.183158360683e+01,1.798606132354e+01,0,0,0,0,0,0,0,0,0
554,131,7.889618001839e+08,7.889617310000e+08,0,GPS,4,0,L1,-3.320333731718e+08,-8.918788410722e+07,-1.642344273714e+08,2.542926540556e+07,-2.204001423513e+05,-7.804765679088e+06,1.796983374255e+07,1.159883374255e+07,4.249559800607e+01,1.400921599967e+01,0,0,0,0,0,0,0,0,0
555,131,7.889618001839e+08,7.889617310000e+08,0,GPS,21,0,L1,-3.320333731718e+08,-8.918788410722e+07,-1.642344273714e+08,1.832240164936e+07,1.126201907454e+07,1.660029313227e+07,8.088994417076e+06,1.717994417076e+06,1.732174252472e+01,2.246428823087e+01,0,0,0,0,0,0,0,0,0
556,131,7.889618001839e+08,7.889617310000e+08,0,GPS,27,0,L1,-3.320333731718e+08,-8.918788410722e+07,-1.642344273714e+08,1.924350070737e+07,1.283710321166e+07,-1.368087178237e+07,2.216851438837e+07,1.579751438837e+07,5.557557452106e+01,1.414971432308e+01,0,0,0,0,0,0,0,0,0
557,132,7.889618011839e+08,7.889617320000e+08,0,GPS,1,0,L1,-3.320407922016e+08,-8.916362167966e+07,-1.642350165629e+08,1.603881530197e+07,2.531281950926e+06,2.099370299001e+07,1.139381380275e+07,5.022813802755e+06,2.542331403983e+01,1.033569745252e+01,0,0,0,0,0,0,0,0,0
558,132,7.889618011839e+08,7.889617320000e+08,0,GPS,2,0,L1,-3.320407922016e+08,-8.916362167966e+07,-1.642350165629e+08,1.734449959627e+07,3.864295462196e+06,2.029035543724e+07,1.002820189925e+07,3.657201899250e+06,2.182710614769e+01,1.799535552048e+01,0,0,0,0,0,0,0,0,0
559,132,7.889618011839e+08,7.889617320000e+08,0,GPS,4,0,L1,-3.320407922016e+08,-8.916362167966e+07,-1.642350165629e+08,2.543017865093e+07,-2.199687101934e+05,-7.801800842684e+06,1.796724565796e+07,1.159624565796e+07,4.248803861235e+01,1.402398775862e+01,0,0,0,0,0,0,0,0,0
560,132,7.889618011839e+08,7.889617320000e+08,0,GPS,21,0,L1,-3.320407922016e+08,-8.916362167966e+07,-1.642350165629e+08,1.832316846186e+07,1.126385698589e+07,1.659824971586e+07,8.089613041217e+06,1.718613041217e+06,1.732308901570e+01,2.246136936758e+01,0,0,0,0,0,0,0,0,0
561,132,7.889618011839e+08,7.889617320000e+08,0,GPS,27,0,L1,-3.320407922016e+08,-8.916362167966e+07,-1.642350165629e+08,1.924181826377e+07,1.283702979615e+07,-1.368331415333e+07,2.217044903919e+07,1.579944903919e+07,5.558285962025e+01,1.414943780604e+01,0,0,0,0,0,0,0,0,0
562,133,7.889618021839e+08,7.889617330000e+08,0,GPS,1,0,L1,-3.320482092861e+08,-8.913935897158e+07,-1.642356063642e+08,1.603947284833e+07,2.533860400485e+06,2.099288449576e+07,1.139205155833e+07,5.021051558335e+06,2.541910593312e+01,1.034708307860e+01,0,0,0,0,0,0,0,0,0
563,133,7.889618021839e+08,7.889617330000e+08,0,GPS,2,0,L1,-3.320482092861e+08,-8.913935897158e+07,-1.642356063642e+08,1.734548013127e+07,3.866548408318e+06,2.028908970547e+07,1.002624639637e+07,3.655246396370e+06,2.182263023366e+01,1.800464711371e+01,0,0,0,0,0,0,0,0,0
564,133,7.889618021839e+08,7.889617330000e+08,0,GPS,4,0,L1,-3.320482092861e+08,-8.913935897158e+07,-1.642356063642e+08,2.543109209445e+07,-2.195374124094e+05,-7.798836006280e+06,1.796465770159e+07,1.159365770159e+07,4.248047940320e+01,1.403876390958e+01,0,0,0,0,0,0,0,0,0
565,133,7.889618021839e+08,7.889617330000e+08,0,GPS,21,0,L1,-3.320482092861e+08,-8.913935897158e+07,-1.642356063642e+08,1.832393563984e+07,1.126569484527e+07,1.659620629945e+07,8.090233135671e+06,1.719233135671e+06,1.732443841655e+01,2.245844423357e+01,0,0,0,0,0,0,0,0,0
566,133,7.889618021839e+08,7.889617330000e+08,0,GPS,27,0,L1,-3.320482092861e+08,-8.913935897158e+07,-1.642356063642e+08,1.924013591214e+07,1.283695669400e+07,-1.368575652396e+07,2.217238382003e+07,1.580138382003e+07,5.559014487058e+01,1.414916108176e+01,0,0,0,0,0,0,0,0,0
567,134,7.889618031839e+08,7.889617340000e+08,0,GPS,1,0,L1,-3.320556244249e+08,-8.911509598342e+07,-1.642361967751e+08,1.604013085598e+07,2.536438767022e+06,2.099206600163e+07,1.139029012886e+07,5.019290128864e+06,2.541489934234e+01,1.035846781941e+01,0,0,0,0,0,0,0,0,0
568,134,7.889618031839e+08,7.889617340000e+08,0,GPS,2,0,L1,-3.320556244249e+08,-8.911509598342e+07,-1.642361967751e+08,1.734646108702e+07,3.868801231429e+06,2.028782397388e+07,1.002429170771e+07,3.653291707713e+06,2.181815586706e+01,1.801393609803e+01,0,0,0,0,0,0,0,0,0
569,134,7.889618031839e+08,7.889617340000e+08,0,GPS,4,0,L1,-3.320556244249e+08,-8.911509598342e+07,-1.642361967751e+08,2.543200573609e+07,-2.191062490258e+05,-7.795871169877e+06,1.796206987349e+07,1.159106987349e+07,4.247292037900e+01,1.405354445429e+01,0,0,0,0,0,0,0,0,0
570,134,7.889618031839e+08,7.889617340000e+08,0,GPS,21,0,L1,-3.320556244249e+08,-8.911509598342e+07,-1.642361967751e+08,1.832470318329e+07,1.126753265265e+07,1.659416288304e+07,8.090854700100e+06,1.719854700100e+06,1.732579072651e+01,2.245551283072e+01,0,0,0,0,0,0,0,0,0
571,134,7.889618031839e+08,7.889617340000e+08,0,GPS,27,0,L1,-3.320556244249e+08,-8.911509598342e+07,-1.642361967751e+08,1.923845365185e+07,1.283688390573e+07,-1.368819889491e+07,2.217431873142e+07,1.580331873142e+07,5.559743027350e+01,1.414888415023e+01,0,0,0,0,0,0,0,0,0
572,135,7.889618041839e+08,7.889617350000e+08,0,GPS,1,0,L1,-3.320630376180e+08,-8.909083271560e+07,-1.642367877952e+08,1.604078932496e+07,2.539017051047e+06,2.099124750750e+07,1.138852951446e+07,5.017529514460e+06,2.541069426789e+01,1.036985167072e+01,0,0,0,0,0,0,0,0,0
573,135,7.889618041839e+08,7.889617350000e+08,0,GPS,2,0,L1,-3.320630376180e+08,-8.909083271560e+07,-1.642367877952e+08,1.734744246362e+07,3.871053932554e+06,2.028655824211e+07,1.002233783322e+07,3.651337833220e+06,2.181368304789e+01,1.802322247265e+01,0,0,0,0,0,0,0,0,0
574,135,7.889618041839e+08,7.889617350000e+08,0,GPS,4,0,L1,-3.320630376180e+08,-8.909083271560e+07,-1.642367877952e+08,2.543291957583e+07,-2.186752200693e+05,-7.792906333473e+06,1.795948217368e+07,1.158848217368e+07,4.246536154012e+01,1.406832939448e+01,0,0,0,0,0,0,0,0,0
575,135,7.889618041839e+08,7.889617350000e+08,0,GPS,21,0,L1,-3.320630376180e+08,-8.909083271560e+07,-1.642367877952e+08,1.832547109223e+07,1.126937040748e+07,1.659211946690e+07,8.091477734029e+06,1.720477734029e+06,1.732714594451e+01,2.245257516128e+01,0,0,0,0,0,0,0,0,0
576,135,7.889618041839e+08,7.889617350000e+08,0,GPS,27,0,L1,-3.320630376180e+08,-8.909083271560e+07,-1.642367877952e+08,1.923677148326e+07,1.283681143105e+07,-1.369064126586e+07,2.217625377303e+07,1.580525377303e+07,5.560471582769e+01,1.414860701158e+01,0,0,0,0,0,0,0,0,0
577,136,7.889618051839e+08,7.889617360000e+08,0,GPS,1,0,L1,-3.320704488642e+08,-8.906656917097e+07,-1.642373794243e+08,1.604143633828e+07,2.541596021554e+06,2.099042236087e+07,1.138676852726e+07,5.015768527257e+06,2.540650057603e+01,1.038115369646e+01,0,0,0,0,0,0,0,0,0
578,136,7.889618051839e+08,7.889617360000e+08,0,GPS,2,0,L1,-3.320704488642e+08,-8.906656917097e+07,-1.642373794243e+08,1.734841290837e+07,3.873307475008e+06,2.028528636496e+07,1.002038395459e+07,3.649383954589e+06,2.180921992241e+01,1.803247269889e+01,0,0,0,0,0,0,0,0,0
579,136,7.889618051839e+08,7.889617360000e+08,0,GPS,4,0,L1,-3.320704488642e+08,-8.906656917097e+07,-1.642373794243e+08,2.543382280827e+07,-2.182422624213e+05,-7.789938855151e+06,1.795688741670e+07,1.158588741670e+07,4.245780382790e+01,1.408320557566e+01,0,0,0,0,0,0,0,0,0
580,136,7.889618051839e+08,7.889617360000e+08,0,GPS,21,0,L1,-3.320704488642e+08,-8.906656917097e+07,-1.642373794243e+08,1.832622873654e+07,1.127120584447e+07,1.659007108266e+07,8.092102979436e+06,1.721102979436e+06,1.732851304259e+01,2.244960834510e+01,0,0,0,0,0,0,0,0,0
581,136,7.889618051839e+08,7.889617360000e+08,0,GPS,27,0,L1,-3.320704488642e+08,-8.906656917097e+07,-1.642373794243e+08,1.923508194531e+07,1.283673024547e+07,-1.369307948693e+07,2.217818008711e+07,1.580718008711e+07,5.561200474546e+01,1.414833980754e+01,0,0,0,0,0,0,0,0,0
582,137,7.889618061839e+08,7.889617370000e+08,0,GPS,1,0,L1,-3.320778581647e+08,-8.904230534513e+07,-1.642379716622e+08,1.604208403387e+07,2.544174885554e+06,2.098959747418e+07,1.138500849544e+07,5.014008495442e+06,2.540230838614e+01,1.039249524541e+01,0,0,0,0,0,0,0,0,0
583,137,7.889618061839e+08,7.889617370000e+08,0,GPS,2,0,L1,-3.320778581647e+08,-8.904230534513e+07,-1.642379716622e+08,1.734938396379e+07,3.875560879237e+06,2.028401470353e+07,1.001843100135e+07,3.647431001347e+06,2.180475835489e+01,1.804173298910e+01,0,0,0,0,0,0,0,0,0
584,137,7.889618061839e+08,7.889617370000e+08,0,GPS,4,0,L1,-3.320778581647e+08,-8.904230534513e+07,-1.642379716622e+08,2.543472667809e+07,-2.178095848607e+05,-7.786971473118e+06,1.795429308647e+07,1.158329308647e+07,4.245024628093e+01,1.409801597694e+01,0,0,0,0,0,0,0,0,0
585,137,7.889618061839e+08,7.889617370000e+08,0,GPS,21,0,L1,-3.320778581647e+08,-8.904230534513e+07,-1.642379716622e+08,1.832698693330e+07,1.127304126663e+07,1.658802284409e+07,8.092729712770e+06,1.721729712770e+06,1.732988293896e+01,2.244663826637e+01,0,0,0,0,0,0,0,0,0
586,137,7.889618061839e+08,7.889617370000e+08,0,GPS,27,0,L1,-3.320778581647e+08,-8.904230534513e+07,-1.642379716622e+08,1.923339294789e+07,1.283664971507e+07,-1.369551803639e+07,2.218010705215e+07,1.580910705215e+07,5.561929375633e+01,1.414806459108e+01,0,0,0,0,0,0,0,0,0
587,138,7.889618071839e+08,7.889617380000e+08,0,GPS,1,0,L1,-3.320852655172e+08,-8.901804124575e+07,-1.642385645086e+08,1.604273219080e+07,2.546753668255e+06,2.098877258761e+07,1.138324928178e+07,5.012249281776e+06,2.539811771549e+01,1.040383591335e+01,0,0,0,0,0,0,0,0,0
588,138,7.889618071839e+08,7.889617380000e+08,0,GPS,2,0,L1,-3.320852655172e+08,-8.901804124575e+07,-1.642385645086e+08,1.735035544010e+07,3.877814163212e+06,2.028274304192e+07,1.001647886561e+07,3.645478865612e+06,2.180029833823e+01,1.805099066517e+01,0,0,0,0,0,0,0,0,0
589,138,7.889618071839e+08,7.889617380000e+08,0,GPS,4,0,L1,-3.320852655172e+08,-8.901804124575e+07,-1.642385645086e+08,2.543563074618e+07,-2.173770403159e+05,-7.784004091414e+06,1.795169888515e+07,1.158069888515e+07,4.244268891528e+01,1.411283080294e+01,0,0,0,0,0,0,0,0,0
590,138,7.889618071839e+08,7.889617380000e+08,0,GPS,21,0,L1,-3.320852655172e+08,-8.901804124575e+07,-1.642385645086e+08,1.832774549504e+07,1.127487663840e+07,1.658597460552e+07,8.093357914924e+06,1.722357914924e+06,1.733125574282e+01,2.244366192217e+01,0,0,0,0,0,0,0,0,0
591,138,7.889618071839e+08,7.889617380000e+08,0,GPS,27,0,L1,-3.320852655172e+08,-8.901804124575e+07,-1.642385645086e+08,1.923170404083e+07,1.283656949954e+07,-1.369795658586e+07,2.218203414674e+07,1.581103414674e+07,5.562658292303e+01,1.414778916837e+01,0,0,0,0,0,0,0,0,0
592,139,7.889618081839e+08,7.889617390000e+08,0,GPS,1,0,L1,-3.320926709254e+08,-8.899377685877e+07,-1.642391579632e+08,1.604338080920e+07,2.549332369470e+06,2.098794770105e+07,1.138149088638e+07,5.010490886379e+06,2.539392856450e+01,1.041517569604e+01,0,0,0,0,0,0,0,0,0
593,139,7.889618081839e+08,7.889617390000e+08,0,GPS,2,0,L1,-3.320926709254e+08,-8.899377685877e+07,-1.642391579632e+08,1.735132733740e+07,3.880067325589e+06,2.028147138032e+07,1.001452754812e+07,3.643527548121e+06,2.179583987418e+01,1.806024572300e+01,0,0,0,0,0,0,0,0,0
594,139,7.889618081839e+08,7.889617390000e+08,0,GPS,4,0,L1,-3.320926709254e+08,-8.899377685877e+07,-1.642391579632e+08,2.543653501258e+07,-2.169446295329e+05,-7.781036709710e+06,1.794910481246e+07,1.157810481246e+07,4.243513173039e+01,1.412765005721e+01,0,0,0,0,0,0,0,0,0
595,139,7.889618081839e+08,7.889617390000e+08,0,GPS,21,0,L1,-3.320926709254e+08,-8.899377685877e+07,-1.642391579632e+08,1.832850442223e+07,1.127671195894e+07,1.658392636696e+07,8.093987585558e+06,1.722987585558e+06,1.733263145341e+01,2.244067931441e+01,0,0,0,0,0,0,0,0,0
596,139,7.889618081839e+08,7.889617390000e+08,0,GPS,27,0,L1,-3.320926709254e+08,-8.899377685877e+07,-1.642391579632e+08,1.923001522474e+07,1.283648959801e+07,-1.370039513532e+07,2.218396137086e+07,1.581296137086e+07,5.563387224516e+01,1.414751353947e+01,0,0,0,0,0,0,0,0,0
597,140,7.889618091839e+08,7.889617400000e+08,0,GPS,1,0,L1,-3.321000743837e+08,-8.896951220393e+07,-1.642397520257e+08,1.604402988894e+07,2.551910990643e+06,2.098712281435e+07,1.137973330937e+07,5.008733309370e+06,2.538974093355e+01,1.042651458926e+01,0,0,0,0,0,0,0,0,0
598,140,7.889618091839e+08,7.889617400000e+08,0,GPS,2,0,L1,-3.321000743837e+08,-8.896951220393e+07,-1.642397520257e+08,1.735229965545e+07,3.882320367330e+06,2.028019971871e+07,1.001257704934e+07,3.641577049344e+06,2.179138296393e+01,1.806949815957e+01,0,0,0,0,0,0,0,0,0
599,140,7.889618091839e+08,7.889617400000e+08,0,GPS,4,0,L1,-3.321000743837e+08,-8.896951220393e+07,-1.642397520257e+08,2.543743947740e+07,-2.165123506672e+05,-7.778069327679e+06,1.794651086810e+07,1.157551086810e+07,4.242757472572e+01,1.414247374328e+01,0,0,0,0,0,0,0,0,0
600,140,7.889618091839e+08,7.889617400000e+08,0,GPS,21,0,L1,-3.321000743837e+08,-8.896951220393e+07,-1.642397520257e+08,1.832926371421e+07,1.127854722926e+07,1.658187812839e+07,8.094618724329e+06,1.723618724329e+06,1.733401006995e+01,2.243769044499e+01,0,0,0,0,0,0,0,0,0
601,140,7.889618091839e+08,7.889617400000e+08,0,GPS,27,0,L1,-3.321000743837e+08,-8.896951220393e+07,-1.642397520257e+08,1.922832649889e+07,1.283641001159e+07,-1.370283368478e+07,2.218588872444e+07,1.581488872444e+07,5.564116172232e+01,1.414723770447e+01,0,0,0,0,0,0,0,0,0
602,141,7.889618101839e+08,7.889617410000e+08,0,GPS,1,0,L1,-3.321074758966e+08,-8.894524726476e+07,-1.642403466960e+08,1.604467943009e+07,2.554489529775e+06,2.098629792778e+07,1.137797655162e+07,5.006976551616e+06,2.538555482476e+01,1.043785258473e+01,0,0,0,0,0,0,0,0,0
603,141,7.889618101839e+08,7.889617410000e+08,0,GPS,2,0,L1,-3.321074758966e+08,-8.894524726476e+07,-1.642403466960e+08,1.735327239437e+07,3.884573286963e+06,2.027892805728e+07,1.001062737002e+07,3.639627370018e+06,2.178692760923e+01,1.807874797078e+01,0,0,0,0,0,0,0,0,0
604,141,7.889618101839e+08,7.889617410000e+08,0,GPS,4,0,L1,-3.321074758966e+08,-8.894524726476e+07,-1.642403466960e+08,2.543834414042e+07,-2.160802058225e+05,-7.775101945975e+06,1.794391705275e+07,1.157291705275e+07,4.242001790349e+01,1.415730185935e+01,0,0,0,0,0,0,0,0,0
605,141,7.889618101839e+08,7.889617410000e+08,0,GPS,21,0,L1,-3.321074758966e+08,-8.894524726476e+07,-1.642403466960e+08,1.833002337156e+07,1.128038244839e+07,1.657982988983e+07,8.095251330894e+06,1.724251330894e+06,1.733539159165e+01,2.243469531581e+01,0,0,0,0,0,0,0,0,0
606,141,7.889618101839e+08,7.889617410000e+08,0,GPS,27,0,L1,-3.321074758966e+08,-8.894524726476e+07,-1.642403466960e+08,1.922663786399e+07,1.283633073930e+07,-1.370527223424e+07,2.218781620747e+07,1.581681620747e+07,5.564845135411e+01,1.414696166343e+01,0,0,0,0,0,0,0,0,0
607,142,7.889618111839e+08,7.889617420000e+08,0,GPS,1,0,L1,-3.321148754610e+08,-8.892098205135e+07,-1.642409419737e+08,1.604532943260e+07,2.557067987842e+06,2.098547304121e+07,1.137622061324e+07,5.005220613236e+06,2.538137023852e+01,1.044918967823e+01,0,0,0,0,0,0,0,0,0
608,142,7.889618111839e+08,7.889617420000e+08,0,GPS,2,0,L1,-3.321148754610e+08,-8.892098205135e+07,-1.642409419737e+08,1.735424555417e+07,3.886826086019e+06,2.027765639567e+07,1.000867851009e+07,3.637678510087e+06,2.178247381008e+01,1.808799515582e+01,0,0,0,0,0,0,0,0,0
609,142,7.889618111839e+08,7.889617420000e+08,0,GPS,4,0,L1,-3.321148754610e+08,-8.892098205135e+07,-1.642409419737e+08,2.543924900172e+07,-2.156481938943e+05,-7.772134564272e+06,1.794132336613e+07,1.157032336613e+07,4.241246126315e+01,1.417213440894e+01,0,0,0,0,0,0,0,0,0
610,142,7.889618111839e+08,7.889617420000e+08,0,GPS,21,0,L1,-3.321148754610e+08,-8.892098205135e+07,-1.642409419737e+08,1.833078339395e+07,1.128221761683e+07,1.657778165126e+07,8.095885404911e+06,1.724885404911e+06,1.733677601774e+01,2.243169392880e+01,0,0,0,0,0,0,0,0,0
611,142,7.889618111839e+08,7.889617420000e+08,0,GPS,27,0,L1,-3.321148754610e+08,-8.892098205135e+07,-1.642409419737e+08,1.922494931969e+07,1.283625178166e+07,-1.370771078370e+07,2.218974381988e+07,1.581874381988e+07,5.565574114013e+01,1.414668541643e+01,0,0,0,0,0,0,0,0,0
612,143,7.889618121839e+08,7.889617430000e+08,0,GPS,1,0,L1,-3.321222730773e+08,-8.889671656171e+07,-1.642415378586e+08,1.604597989649e+07,2.559646365240e+06,2.098464815452e+07,1.137446549435e+07,5.003465494351e+06,2.537718717524e+01,1.046052586549e+01,0,0,0,0,0,0,0,0,0
613,143,7.889618121839e+08,7.889617430000e+08,0,GPS,2,0,L1,-3.321222730773e+08,-8.889671656171e+07,-1.642415378586e+08,1.735521913479e+07,3.889078763785e+06,2.027638473406e+07,1.000673047029e+07,3.635730470288e+06,2.177802156826e+01,1.809723971057e+01,0,0,0,0,0,0,0,0,0
614,143,7.889618121839e+08,7.889617430000e+08,0,GPS,4,0,L1,-3.321222730773e+08,-8.889671656171e+07,-1.642415378586e+08,2.544015406130e+07,-2.152163150942e+05,-7.769167182570e+06,1.793872980827e+07,1.156772980827e+07,4.240490480509e+01,1.418697139382e+01,0,0,0,0,0,0,0,0,0
615,143,7.889618121839e+08,7.889617430000e+08,0,GPS,21,0,L1,-3.321222730773e+08,-8.889671656171e+07,-1.642415378586e+08,1.833154378146e+07,1.128405273438e+07,1.657573341269e+07,8.096520946034e+06,1.725520946034e+06,1.733816334745e+01,2.242868628586e+01,0,0,0,0,0,0,0,0,0
616,143,7.889618121839e+08,7.889617430000e+08,0,GPS,27,0,L1,-3.321222730773e+08,-8.889671656171e+07,-1.642415378586e+08,1.922326086613e+07,1.283617313854e+07,-1.371014933315e+07,2.219167156164e+07,1.582067156164e+07,5.566303107999e+01,1.414640896353e+01,0,0,0,0,0,0,0,0,0
617,144,7.889618131839e+08,7.889617440000e+08,0,GPS,1,0,L1,-3.321296687454e+08,-8.887245079627e+07,-1.642421343504e+08,1.604663082171e+07,2.562224660786e+06,2.098382326795e+07,1.137271119583e+07,5.001711195826e+06,2.537300563701e+01,1.047186113825e+01,0,0,0,0,0,0,0,0,0
618,144,7.889618131839e+08,7.889617440000e+08,0,GPS,2,0,L1,-3.321296687454e+08,-8.887245079627e+07,-1.642421343504e+08,1.735619313622e+07,3.891331320211e+06,2.027511307245e+07,1.000478325109e+07,3.633783251092e+06,2.177357088492e+01,1.810648163202e+01,0,0,0,0,0,0,0,0,0
619,144,7.889618131839e+08,7.889617440000e+08,0,GPS,4,0,L1,-3.321296687454e+08,-8.887245079627e+07,-1.642421343504e+08,2.544105931922e+07,-2.147845690582e+05,-7.766199800540e+06,1.793613637887e+07,1.156513637887e+07,4.239734852875e+01,1.420181281754e+01,0,0,0,0,0,0,0,0,0
620,144,7.889618131839e+08,7.889617440000e+08,0,GPS,21,0,L1,-3.321296687454e+08,-8.887245079627e+07,-1.642421343504e+08,1.833230453407e+07,1.128588780102e+07,1.657368517412e+07,8.097157953920e+06,1.726157953920e+06,1.733955357998e+01,2.242567238892e+01,0,0,0,0,0,0,0,0,0
621,144,7.889618131839e+08,7.889617440000e+08,0,GPS,27,0,L1,-3.321296687454e+08,-8.887245079627e+07,-1.642421343504e+08,1.922157250334e+07,1.283609480991e+07,-1.371258788261e+07,2.219359943270e+07,1.582259943270e+07,5.567032117327e+01,1.414613230481e+01,0,0,0,0,0,0,0,0,0
622,145,7.889618141839e+08,7.889617450000e+08,0,GPS,1,0,L1,-3.321370624636e+08,-8.884818476029e+07,-1.642427314489e+08,1.604728220827e+07,2.564802875789e+06,2.098299838126e+07,1.137095771753e+07,4.999957717534e+06,2.536882562367e+01,1.048319549360e+01,0,0,0,0,0,0,0,0,0
623,145,7.889618141839e+08,7.889617450000e+08,0,GPS,2,0,L1,-3.321370624636e+08,-8.884818476029e+07,-1.642427314489e+08,1.735716755833e+07,3.893583754964e+06,2.027384141102e+07,1.000283685324e+07,3.631836853236e+06,2.176912176184e+01,1.811572091605e+01,0,0,0,0,0,0,0,0,0
624,145,7.889618141839e+08,7.889617450000e+08,0,GPS,4,0,L1,-3.321370624636e+08,-8.884818476029e+07,-1.642427314489e+08,2.544196477530e+07,-2.143529562240e+05,-7.763232418838e+06,1.793354307863e+07,1.156254307863e+07,4.238979243637e+01,1.421665867828e+01,0,0,0,0,0,0,0,0,0
625,145,7.889618141839e+08,7.889617450000e+08,0,GPS,21,0,L1,-3.321370624636e+08,-8.884818476029e+07,-1.642427314489e+08,1.833306565163e+07,1.128772281696e+07,1.657163693556e+07,8.097796428223e+06,1.726796428223e+06,1.734094671456e+01,2.242265223990e+01,0,0,0,0,0,0,0,0,0
626,145,7.889618141839e+08,7.889617450000e+08,0,GPS,27,0,L1,-3.321370624636e+08,-8.884818476029e+07,-1.642427314489e+08,1.921988423117e+07,1.283601679605e+07,-1.371502643207e+07,2.219552743303e+07,1.582452743303e+07,5.567761141959e+01,1.414585544035e+01,0,0,0,0,0,0,0,0,0
627,146,7.889618151839e+08,7.889617460000e+08,0,GPS,1,0,L1,-3.321444542349e+08,-8.882391844210e+07,-1.642433291538e+08,1.604793405619e+07,2.567381008482e+06,2.098217349469e+07,1.136920506034e+07,4.998205060339e+06,2.536464713732e+01,1.049452892325e+01,0,0,0,0,0,0,0,0,0
628,146,7.889618151839e+08,7.889617460000e+08,0,GPS,2,0,L1,-3.321444542349e+08,-8.882391844210e+07,-1.642433291538e+08,1.735814240138e+07,3.895836068436e+06,2.027256974941e+07,1.000089127667e+07,3.629891276666e+06,2.176467419902e+01,1.812495756185e+01,0,0,0,0,0,0,0,0,0
629,146,7.889618151839e+08,7.889617460000e+08,0,GPS,4,0,L1,-3.321444542349e+08,-8.882391844210e+07,-1.642433291538e+08,2.544287042959e+07,-2.139214771532e+05,-7.760265037136e+06,1.793094990724e+07,1.155994990724e+07,4.238223652739e+01,1.423150897958e+01,0,0,0,0,0,0,0,0,0
630,146,7.889618151839e+08,7.889617460000e+08,0,GPS,21,0,L1,-3.321444542349e+08,-8.882391844210e+07,-1.642433291538e+08,1.833382713454e+07,1.128955778149e+07,1.656958869699e+07,8.098436368597e+06,1.727436368597e+06,1.734234275039e+01,2.241962584073e+01,0,0,0,0,0,0,0,0,0
631,146,7.889618151839e+08,7.889617460000e+08,0,GPS,27,0,L1,-3.321444542349e+08,-8.882391844210e+07,-1.642433291538e+08,1.921819605046e+07,1.283593909596e+07,-1.371746498121e+07,2.219745556229e+07,1.582645556229e+07,5.568490181761e+01,1.414557837024e+01,0,0,0,0,0,0,0,0,0
632,147,7.889618161839e+08,7.889617470000e+08,0,GPS,1,0,L1,-3.321518440552e+08,-8.879965185665e+07,-1.642439274647e+08,1.604858636539e+07,2.569959060077e+06,2.098134860811e+07,1.136745322436e+07,4.996453224362e+06,2.536047017836e+01,1.050586142293e+01,0,0,0,0,0,0,0,0,0
633,147,7.889618161839e+08,7.889617470000e+08,0,GPS,2,0,L1,-3.321518440552e+08,-8.879965185665e+07,-1.642439274647e+08,1.735911766512e+07,3.898088260800e+06,2.027129808780e+07,9.998946522118e+06,3.627946522118e+06,2.176022819821e+01,1.813419156531e+01,0,0,0,0,0,0,0,0,0
634,147,7.889618161839e+08,7.889617470000e+08,0,GPS,4,0,L1,-3.321518440552e+08,-8.879965185665e+07,-1.642439274647e+08,2.544377628211e+07,-2.134901307618e+05,-7.757297655435e+06,1.792835686475e+07,1.155735686475e+07,4.237468080219e+01,1.424636372319e+01,0,0,0,0,0,0,0,0,0
635,147,7.889618161839e+08,7.889617470000e+08,0,GPS,21,0,L1,-3.321518440552e+08,-8.879965185665e+07,-1.642439274647e+08,1.833458898230e+07,1.129139269537e+07,1.656754045842e+07,8.099077774695e+06,1.728077774695e+06,1.734374168669e+01,2.241659319334e+01,0,0,0,0,0,0,0,0,0
636,147,7.889618161839e+08,7.889617470000e+08,0,GPS,27,0,L1,-3.321518440552e+08,-8.879965185665e+07,-1.642439274647e+08,1.921650796003e+07,1.283586171103e+07,-1.371990353067e+07,2.219938382101e+07,1.582838382101e+07,5.569219236880e+01,1.414530109450e+01,0,0,0,0,0,0,0,0,0
637,148,7.889618171839e+08,7.889617480000e+08,0,GPS,1,0,L1,-3.321592319287e+08,-8.877538498743e+07,-1.642445263816e+08,1.604923913601e+07,2.572537030268e+06,2.098052372142e+07,1.136570220973e+07,4.994702209725e+06,2.535629474719e+01,1.051719298839e+01,0,0,0,0,0,0,0,0,0
638,148,7.889618171839e+08,7.889617480000e+08,0,GPS,2,0,L1,-3.321592319287e+08,-8.877538498743e+07,-1.642445263816e+08,1.736009334973e+07,3.900340331122e+06,2.027002642619e+07,9.997002590066e+06,3.626002590066e+06,2.175578376060e+01,1.814342292339e+01,0,0,0,0,0,0,0,0,0
639,148,7.889618171839e+08,7.889617480000e+08,0,GPS,4,0,L1,-3.321592319287e+08,-8.877538498743e+07,-1.642445263816e+08,2.544468233290e+07,-2.130589179813e+05,-7.754330273406e+06,1.792576395086e+07,1.155476395086e+07,4.236712526023e+01,1.426122291269e+01,0,0,0,0,0,0,0,0,0
640,148,7.889618171839e+08,7.889617480000e+08,0,GPS,21,0,L1,-3.321592319287e+08,-8.877538498743e+07,-1.642445263816e+08,1.833535119549e+07,1.129322755762e+07,1.656549221985e+07,8.099720646168e+06,1.728720646168e+06,1.734514352267e+01,2.241355429966e+01,0,0,0,0,0,0,0,0,0
641,148,7.889618171839e+08,7.889617480000e+08,0,GPS,27,0,L1,-3.321592319287e+08,-8.877538498743e+07,-1.642445263816e+08,1.921481996088e+07,1.283578463998e+07,-1.372234208012e+07,2.220131220887e+07,1.583031220887e+07,5.569948307182e+01,1.414502361323e+01,0,0,0,0,0,0,0,0,0
642,149,7.889618181839e+08,7.889617490000e+08,0,GPS,1,0,L1,-3.321666178499e+08,-8.875111785420e+07,-1.642451259040e+08,1.604989236784e+07,2.575114918805e+06,2.097969883485e+07,1.136395201729e+07,4.992952017292e+06,2.535212084591e+01,1.052852361133e+01,0,0,0,0,0,0,0,0,0
643,149,7.889618181839e+08,7.889617490000e+08,0,GPS,2,0,L1,-3.321666178499e+08,-8.875111785420e+07,-1.642451259040e+08,1.736106945493e+07,3.902592279825e+06,2.026875476476e+07,9.995059481244e+06,3.624059481244e+06,2.175134088795e+01,1.815265163198e+01,0,0,0,0,0,0,0,0,0
644,149,7.889618181839e+08,7.889617490000e+08,0,GPS,4,0,L1,-3.321666178499e+08,-8.875111785420e+07,-1.642451259040e+08,2.544558858179e+07,-2.126278381389e+05,-7.751362891706e+06,1.792317116626e+07,1.155217116626e+07,4.235956990373e+01,1.427608654622e+01,0,0,0,0,0,0,0,0,0
645,149,7.889618181839e+08,7.889617490000e+08,0,GPS,21,0,L1,-3.321666178499e+08,-8.875111785420e+07,-1.642451259040e+08,1.833611377345e+07,1.129506236927e+07,1.656344398129e+07,8.100364982671e+06,1.729364982671e+06,1.734654825754e+01,2.241050916163e+01,0,0,0,0,0,0,0,0,0
646,149,7.889618181839e+08,7.889617490000e+08,0,GPS,27,0,L1,-3.321666178499e+08,-8.875111785420e+07,-1.642451259040e+08,1.921313205232e+07,1.283570788391e+07,-1.372478062958e+07,2.220324072582e+07,1.583224072582e+07,5.570677392628e+01,1.414474592651e+01,0,0,0,0,0,0,0,0,0
647,150,7.889618191839e+08,7.889617500000e+08,0,GPS,1,0,L1,-3.321740018232e+08,-8.872685044049e+07,-1.642457260317e+08,1.605054606103e+07,2.577692725383e+06,2.097887394828e+07,1.136220264718e+07,4.991202647183e+06,2.534794847493e+01,1.053985328746e+01,0,0,0,0,0,0,0,0,0
648,150,7.889618191839e+08,7.889617500000e+08,0,GPS,2,0,L1,-3.321740018232e+08,-8.872685044049e+07,-1.642457260317e+08,1.736204598100e+07,3.904844107050e+06,2.026748310315e+07,9.993117195602e+06,3.622117195602e+06,2.174689958025e+01,1.816187769026e+01,0,0,0,0,0,0,0,0,0
649,150,7.889618191839e+08,7.889617500000e+08,0,GPS,4,0,L1,-3.321740018232e+08,-8.872685044049e+07,-1.642457260317e+08,2.544649502885e+07,-2.121968921663e+05,-7.748395510006e+06,1.792057851065e+07,1.154957851065e+07,4.235201473214e+01,1.429095462736e+01,0,0,0,0,0,0,0,0,0
650,150,7.889618191839e+08,7.889617500000e+08,0,GPS,21,0,L1,-3.321740018232e+08,-8.872685044049e+07,-1.642457260317e+08,1.833687671674e+07,1.129689712934e+07,1.656139574272e+07,8.101010783852e+06,1.730010783852e+06,1.734795589050e+01,2.240745778119e+01,0,0,0,0,0,0,0,0,0
651,150,7.889618191839e+08,7.889617500000e+08,0,GPS,27,0,L1,-3.321740018232e+08,-8.872685044049e+07,-1.642457260317e+08,1.921144423503e+07,1.283563144184e+07,-1.372721917903e+07,2.220516937182e+07,1.583416937182e+07,5.571406493178e+01,1.414446803440e+01,0,0,0,0,0,0,0,0,0
652,151,7.889618201839e+08,7.889617510000e+08,0,GPS,1,0,L1,-3.321813838450e+08,-8.870258275879e+07,-1.642463267645e+08,1.605120021551e+07,2.580270451097e+06,2.097804906158e+07,1.136045409952e+07,4.989454099522e+06,2.534377763464e+01,1.055118201251e+01,0,0,0,0,0,0,0,0,0
653,151,7.889618201839e+08,7.889617510000e+08,0,GPS,2,0,L1,-3.321813838450e+08,-8.870258275879e+07,-1.642463267645e+08,1.736302292774e+07,3.907095812843e+06,2.026621144154e+07,9.991175733876e+06,3.620175733876e+06,2.174245983928e+01,1.817110109410e+01,0,0,0,0,0,0,0,0,0
654,151,7.889618201839e+08,7.889617510000e+08,0,GPS,4,0,L1,-3.321813838450e+08,-8.870258275879e+07,-1.642463267645e+08,2.544740167406e+07,-2.117660791645e+05,-7.745428128306e+06,1.791798598407e+07,1.154698598407e+07,4.234445974584e+01,1.430582715785e+01,0,0,0,0,0,0,0,0,0
655,151,7.889618201839e+08,7.889617510000e+08,0,GPS,21,0,L1,-3.321813838450e+08,-8.870258275879e+07,-1.642463267645e+08,1.833764002496e+07,1.129873183845e+07,1.655934750415e+07,8.101658049363e+06,1.730658049363e+06,1.734936642077e+01,2.240440016029e+01,0,0,0,0,0,0,0,0,0
656,151,7.889618201839e+08,7.889617510000e+08,0,GPS,27,0,L1,-3.321813838450e+08,-8.870258275879e+07,-1.642463267645e+08,1.920975650858e+07,1.283555531446e+07,-1.372965772848e+07,2.220709814683e+07,1.583609814683e+07,5.572135608791e+01,1.414418993699e+01,0,0,0,0,0,0,0,0,0
657,152,7.889618211839e+08,7.889617520000e+08,0,GPS,1,0,L1,-3.321887639164e+08,-8.867831480469e+07,-1.642469281022e+08,1.605185483125e+07,2.582848094530e+06,2.097722417501e+07,1.135870637517e+07,4.987706375172e+06,2.533960832715e+01,1.056250977818e+01,0,0,0,0,0,0,0,0,0
658,152,7.889618211839e+08,7.889617520000e+08,0,GPS,2,0,L1,-3.321887639164e+08,-8.867831480469e+07,-1.642469281022e+08,1.736400029514e+07,3.909347396363e+06,2.026493978010e+07,9.989235096801e+06,3.618235096801e+06,2.173802166679e+01,1.818032183939e+01,0,0,0,0,0,0,0,0,0
659,152,7.889618211839e+08,7.889617520000e+08,0,GPS,4,0,L1,-3.321887639164e+08,-8.867831480469e+07,-1.642469281022e+08,2.544830851750e+07,-2.113353991398e+05,-7.742460746278e+06,1.791539358623e+07,1.154439358623e+07,4.233690494429e+01,1.432070414125e+01,0,0,0,0,0,0,0,0,0
660,152,7.889618211839e+08,7.889617520000e+08,0,GPS,21,0,L1,-3.321887639164e+08,-8.867831480469e+07,-1.642469281022e+08,1.833840369826e+07,1.130056649629e+07,1.655729926558e+07,8.102306778853e+06,1.731306778853e+06,1.735077984754e+01,2.240133630089e+01,0,0,0,0,0,0,0,0,0
661,152,7.889618211839e+08,7.889617520000e+08,0,GPS,27,0,L1,-3.321887639164e+08,-8.867831480469e+07,-1.642469281022e+08,1.920806887320e+07,1.283547950146e+07,-1.373209627794e+07,2.220902705080e+07,1.583802705080e+07,5.572864739428e+01,1.414391163434e+01,0,0,0,0,0,0,0,0,0
662,153,7.889618221839e+08,7.889617530000e+08,0,GPS,1,0,L1,-3.321961420376e+08,-8.865404657621e+07,-1.642475300443e+08,1.605250990828e+07,2.585425656076e+06,2.097639928843e+07,1.135695947425e+07,4.985959474253e+06,2.533544055285e+01,1.057383658017e+01,0,0,0,0,0,0,0,0,0
663,153,7.889618221839e+08,7.889617530000e+08,0,GPS,2,0,L1,-3.321961420376e+08,-8.865404657621e+07,-1.642475300443e+08,1.736497808332e+07,3.911598858511e+06,2.026366811849e+07,9.987295284327e+06,3.616295284327e+06,2.173358506279e+01,1.818953992529e+01,0,0,0,0,0,0,0,0,0
664,153,7.889618221839e+08,7.889617530000e+08,0,GPS,4,0,L1,-3.321961420376e+08,-8.865404657621e+07,-1.642475300443e+08,2.544921555897e+07,-2.109048530852e+05,-7.739493364579e+06,1.791280131781e+07,1.154180131781e+07,4.232935032970e+01,1.433558557574e+01,0,0,0,0,0,0,0,0,0
665,153,7.889618221839e+08,7.889617530000e+08,0,GPS,21,0,L1,-3.321961420376e+08,-8.865404657621e+07,-1.642475300443e+08,1.833916773673e+07,1.130240110269e+07,1.655525102701e+07,8.102956971971e+06,1.731956971971e+06,1.735219617002e+01,2.239826620492e+01,0,0,0,0,0,0,0,0,0
666,153,7.889618221839e+08,7.889617530000e+08,0,GPS,27,0,L1,-3.321961420376e+08,-8.865404657621e+07,-1.642475300443e+08,1.920638132902e+07,1.283540400269e+07,-1.373453482739e+07,2.221095608369e+07,1.583995608369e+07,5.573593885049e+01,1.414363312652e+01,0,0,0,0,0,0,0,0,0
667,154,7.889618231839e+08,7.889617540000e+08,0,GPS,1,0,L1,-3.322035182079e+08,-8.862977807619e+07,-1.642481325907e+08,1.605316544658e+07,2.588003135799e+06,2.097557440186e+07,1.135521339714e+07,4.984213397136e+06,2.533127431271e+01,1.058516241286e+01,0,0,0,0,0,0,0,0,0
668,154,7.889618231839e+08,7.889617540000e+08,0,GPS,2,0,L1,-3.322035182079e+08,-8.862977807619e+07,-1.642481325907e+08,1.736595629219e+07,3.913850198825e+06,2.026239645688e+07,9.985356297191e+06,3.614356297191e+06,2.172915002905e+01,1.819875534768e+01,0,0,0,0,0,0,0,0,0
669,154,7.889618231839e+08,7.889617540000e+08,0,GPS,4,0,L1,-3.322035182079e+08,-8.862977807619e+07,-1.642481325907e+08,2.545012279855e+07,-2.104744404515e+05,-7.736525982880e+06,1.791020917852e+07,1.153920917852e+07,4.232179590153e+01,1.435047146487e+01,0,0,0,0,0,0,0,0,0
670,154,7.889618231839e+08,7.889617540000e+08,0,GPS,21,0,L1,-3.322035182079e+08,-8.862977807619e+07,-1.642481325907e+08,1.833993214027e+07,1.130423565773e+07,1.655320278844e+07,8.103608628367e+06,1.732608628367e+06,1.735361538740e+01,2.239518987436e+01,0,0,0,0,0,0,0,0,0
671,154,7.889618231839e+08,7.889617540000e+08,0,GPS,27,0,L1,-3.322035182079e+08,-8.862977807619e+07,-1.642481325907e+08,1.920469387598e+07,1.283532881829e+07,-1.373697337684e+07,2.221288524546e+07,1.584188524546e+07,5.574323045614e+01,1.414335441362e+01,0,0,0,0,0,0,0,0,0
672,155,7.889618241839e+08,7.889617550000e+08,0,GPS,1,0,L1,-3.322108924276e+08,-8.860550930264e+07,-1.642487357411e+08,1.605382144620e+07,2.590580534093e+06,2.097474951516e+07,1.135346814394e+07,4.982468143944e+06,2.532710960713e+01,1.059648727193e+01,0,0,0,0,0,0,0,0,0
673,155,7.889618241839e+08,7.889617550000e+08,0,GPS,2,0,L1,-3.322108924276e+08,-8.860550930264e+07,-1.642487357411e+08,1.736693492170e+07,3.916101416593e+06,2.026112479544e+07,9.983418136127e+06,3.612418136127e+06,2.172471656732e+01,1.820796810242e+01,0,0,0,0,0,0,0,0,0
674,155,7.889618241839e+08,7.889617550000e+08,0,GPS,4,0,L1,-3.322108924276e+08,-8.860550930264e+07,-1.642487357411e+08,2.545103023623e+07,-2.100441614504e+05,-7.733558601182e+06,1.790761716839e+07,1.153661716839e+07,4.231424166015e+01,1.436536181039e+01,0,0,0,0,0,0,0,0,0
675,155,7.889618241839e+08,7.889617550000e+08,0,GPS,21,0,L1,-3.322108924276e+08,-8.860550930264e+07,-1.642487357411e+08,1.834069690896e+07,1.130607016124e+07,1.655115454987e+07,8.104261747686e+06,1.733261747686e+06,1.735503749890e+01,2.239210731115e+01,0,0,0,0,0,0,0,0,0
676,155,7.889618241839e+08,7.889617550000e+08,0,GPS,27,0,L1,-3.322108924276e+08,-8.860550930264e+07,-1.642487357411e+08,1.920300651422e+07,1.283525394809e+07,-1.373941192629e+07,2.221481453607e+07,1.584381453607e+07,5.575052221083e+01,1.414307549570e+01,0,0,0,0,0,0,0,0,0
677,156,7.889618251839e+08,7.889617560000e+08,0,GPS,1,0,L1,-3.322182646939e+08,-8.858124026564e+07,-1.642493394952e+08,1.605447790698e+07,2.593157850241e+06,2.097392462859e+07,1.135172371554e+07,4.980723715537e+06,2.532294643822e+01,1.060781114908e+01,0,0,0,0,0,0,0,0,0
678,156,7.889618251839e+08,7.889617560000e+08,0,GPS,2,0,L1,-3.322182646939e+08,-8.858124026564e+07,-1.642493394952e+08,1.736791397185e+07,3.918352513344e+06,2.025985313383e+07,9.981480801088e+06,3.610480801088e+06,2.172028467761e+01,1.821717818869e+01,0,0,0,0,0,0,0,0,0
679,156,7.889618251839e+08,7.889617560000e+08,0,GPS,4,0,L1,-3.322182646939e+08,-8.858124026564e+07,-1.642493394952e+08,2.545193787199e+07,-2.096140153679e+05,-7.730591219484e+06,1.790502528746e+07,1.153402528746e+07,4.230668760595e+01,1.438025661408e+01,0,0,0,0,0,0,0,0,0
680,156,7.889618251839e+08,7.889617560000e+08,0,GPS,21,0,L1,-3.322182646939e+08,-8.858124026564e+07,-1.642493394952e+08,1.834146204248e+07,1.130790461371e+07,1.654910631130e+07,8.104916329577e+06,1.733916329577e+06,1.735646250369e+01,2.238901851727e+01,0,0,0,0,0,0,0,0,0
681,156,7.889618251839e+08,7.889617560000e+08,0,GPS,27,0,L1,-3.322182646939e+08,-8.858124026564e+07,-1.642493394952e+08,1.920131924338e+07,1.283517939265e+07,-1.374185047574e+07,2.221674395548e+07,1.584574395548e+07,5.575781411415e+01,1.414279637283e+01,0,0,0,0,0,0,0,0,0
682,157,7.889618261839e+08,7.889617570000e+08,0,GPS,1,0,L1,-3.322256350109e+08,-8.855697094871e+07,-1.642499438527e+08,1.605513482908e+07,2.595735083939e+06,2.097309974202e+07,1.134998011204e+07,4.978980112041e+06,2.531878480636e+01,1.061913403999e+01,0,0,0,0,0,0,0,0,0
683,157,7.889618261839e+08,7.889617570000e+08,0,GPS,2,0,L1,-3.322256350109e+08,-8.855697094871e+07,-1.642499438527e+08,1.736889344276e+07,3.920603487609e+06,2.025858147221e+07,9.979544292810e+06,3.608544292810e+06,2.171585436169e+01,1.822638560236e+01,0,0,0,0,0,0,0,0,0
684,157,7.889618261839e+08,7.889617570000e+08,0,GPS,4,0,L1,-3.322256350109e+08,-8.855697094871e+07,-1.642499438527e+08,2.545284570589e+07,-2.091840031362e+05,-7.727623837458e+06,1.790243353544e+07,1.153143353544e+07,4.229913373838e+01,1.439515587949e+01,0,0,0,0,0,0,0,0,0
685,157,7.889618261839e+08,7.889617570000e+08,0,GPS,21,0,L1,-3.322256350109e+08,-8.855697094871e+07,-1.642499438527e+08,1.834222754140e+07,1.130973901415e+07,1.654705807273e+07,8.105572373685e+06,1.734572373685e+06,1.735789040098e+01,2.238592349468e+01,0,0,0,0,0,0,0,0,0
686,157,7.889618261839e+08,7.889617570000e+08,0,GPS,27,0,L1,-3.322256350109e+08,-8.855697094871e+07,-1.642499438527e+08,1.919963206451e+07,1.283510515069e+07,-1.374428902487e+07,2.221867350334e+07,1.584767350334e+07,5.576510616478e+01,1.414251704513e+01,0,0,0,0,0,0,0,0,0
687,158,7.889618271839e+08,7.889617580000e+08,0,GPS,1,0,L1,-3.322330033733e+08,-8.853270137160e+07,-1.642505488135e+08,1.605579221238e+07,2.598312236631e+06,2.097227485532e+07,1.134823733358e+07,4.977237333577e+06,2.531462471198e+01,1.063028950024e+01,0,0,0,0,0,0,0,0,0
688,158,7.889618271839e+08,7.889617580000e+08,0,GPS,2,0,L1,-3.322330033733e+08,-8.853270137160e+07,-1.642505488135e+08,1.736987333414e+07,3.922854339811e+06,2.025730981078e+07,9.977608612027e+06,3.606608612027e+06,2.171142562131e+01,1.823559033930e+01,0,0,0,0,0,0,0,0,0
689,158,7.889618271839e+08,7.889617580000e+08,0,GPS,4,0,L1,-3.322330033733e+08,-8.853270137160e+07,-1.642505488135e+08,2.545375373777e+07,-2.087541240816e+05,-7.724656455761e+06,1.789984191300e+07,1.152884191300e+07,4.229158005965e+01,1.441005960478e+01,0,0,0,0,0,0,0,0,0
690,158,7.889618271839e+08,7.889617580000e+08,0,GPS,21,0,L1,-3.322330033733e+08,-8.853270137160e+07,-1.642505488135e+08,1.834299340505e+07,1.131157336361e+07,1.654500983416e+07,8.106229879656e+06,1.735229879656e+06,1.735932118996e+01,2.238282224536e+01,0,0,0,0,0,0,0,0,0
691,158,7.889618271839e+08,7.889617580000e+08,0,GPS,27,0,L1,-3.322330033733e+08,-8.853270137160e+07,-1.642505488135e+08,1.919794497622e+07,1.283503122387e+07,-1.374672757432e+07,2.222060318020e+07,1.584960318020e+07,5.577239836419e+01,1.414223751260e+01,0,0,0,0,0,0,0,0,0
692,159,7.889618281839e+08,7.889617590000e+08,0,GPS,1,0,L1,-3.322403697847e+08,-8.850843152024e+07,-1.642511543771e+08,1.605645005691e+07,2.600889306434e+06,2.097144996874e+07,1.134649538101e+07,4.975495381007e+06,2.531046615715e+01,1.064124552428e+01,0,0,0,0,0,0,0,0,0
693,159,7.889618281839e+08,7.889617590000e+08,0,GPS,2,0,L1,-3.322403697847e+08,-8.850843152024e+07,-1.642511543771e+08,1.737085364626e+07,3.925105070217e+06,2.025603814916e+07,9.975673758694e+06,3.604673758694e+06,2.170699845649e+01,1.824479239867e+01,0,0,0,0,0,0,0,0,0
694,159,7.889618281839e+08,7.889617590000e+08,0,GPS,4,0,L1,-3.322403697847e+08,-8.850843152024e+07,-1.642511543771e+08,2.545466196768e+07,-2.083243789513e+05,-7.721689074064e+06,1.789725041987e+07,1.152625041987e+07,4.228402656922e+01,1.442496779352e+01,0,0,0,0,0,0,0,0,0
695,159,7.889618281839e+08,7.889617590000e+08,0,GPS,21,0,L1,-3.322403697847e+08,-8.850843152024e+07,-1.642511543771e+08,1.834375963393e+07,1.131340766122e+07,1.654296159559e+07,8.106888847136e+06,1.735888847136e+06,1.736075486983e+01,2.237971477128e+01,0,0,0,0,0,0,0,0,0
696,159,7.889618281839e+08,7.889617590000e+08,0,GPS,27,0,L1,-3.322403697847e+08,-8.850843152024e+07,-1.642511543771e+08,1.919625797944e+07,1.283495761107e+07,-1.374916612377e+07,2.222253298574e+07,1.585153298574e+07,5.577969071103e+01,1.414195777535e+01,0,0,0,0,0,0,0,0,0
697,160,7.889618291839e+08,7.889617600000e+08,0,GPS,1,0,L1,-3.322477342435e+08,-8.848416139988e+07,-1.642517605434e+08,1.605710836265e+07,2.603466294092e+06,2.097062508217e+07,1.134475425445e+07,4.973754254454e+06,2.530630914228e+01,1.065219993882e+01,0,0,0,0,0,0,0,0,0
698,160,7.889618291839e+08,7.889617600000e+08,0,GPS,2,0,L1,-3.322477342435e+08,-8.848416139988e+07,-1.642517605434e+08,1.737183437899e+07,3.927355678494e+06,2.025476648755e+07,9.973739733546e+06,3.602739733546e+06,2.170257286899e+01,1.825399177632e+01,0,0,0,0,0,0,0,0,0
699,160,7.889618291839e+08,7.889617600000e+08,0,GPS,4,0,L1,-3.322477342435e+08,-8.848416139988e+07,-1.642517605434e+08,2.545557039561e+07,-2.078947674016e+05,-7.718721692367e+06,1.789465905606e+07,1.152365905606e+07,4.227647326748e+01,1.443988044748e+01,0,0,0,0,0,0,0,0,0
700,160,7.889618291839e+08,7.889617600000e+08,0,GPS,21,0,L1,-3.322477342435e+08,-8.848416139988e+07,-1.642517605434e+08,1.834452622789e+07,1.131524190672e+07,1.654091335729e+07,8.107549275625e+06,1.736549275625e+06,1.736219143946e+01,2.237660107478e+01,0,0,0,0,0,0,0,0,0
701,160,7.889618291839e+08,7.889617600000e+08,0,GPS,27,0,L1,-3.322477342435e+08,-8.848416139988e+07,-1.642517605434e+08,1.919457107402e+07,1.283488431254e+07,-1.375160467322e+07,2.222446291989e+07,1.585346291989e+07,5.578698320491e+01,1.414167783345e+01,0,0,0,0,0,0,0,0,0
702,161,7.889618301839e+08,7.889617610000e+08,0,GPS,1,0,L1,-3.322550967488e+08,-8.845989101337e+07,-1.642523673121e+08,1.605776712960e+07,2.606043199668e+06,2.096980019559e+07,1.134301395429e+07,4.972013954289e+06,2.530215366835e+01,1.066315273919e+01,0,0,0,0,0,0,0,0,0
703,161,7.889618301839e+08,7.889617610000e+08,0,GPS,2,0,L1,-3.322550967488e+08,-8.845989101337e+07,-1.642523673121e+08,1.737281553223e+07,3.929606164180e+06,2.025349482611e+07,9.971806537318e+06,3.600806537318e+06,2.169814886057e+01,1.826318846815e+01,0,0,0,0,0,0,0,0,0
704,161,7.889618301839e+08,7.889617610000e+08,0,GPS,4,0,L1,-3.322550967488e+08,-8.845989101337e+07,-1.642523673121e+08,2.545647902155e+07,-2.074652892736e+05,-7.715754310670e+06,1.789206782162e+07,1.152106782162e+07,4.226892015478e+01,1.445479756840e+01,0,0,0,0,0,0,0,0,0
705,161,7.889618301839e+08,7.889617610000e+08,0,GPS,21,0,L1,-3.322550967488e+08,-8.845989101337e+07,-1.642523673121e+08,1.834529318679e+07,1.131707610119e+07,1.653886511872e+07,8.108211165052e+06,1.737211165052e+06,1.736363089866e+01,2.237348115712e+01,0,0,0,0,0,0,0,0,0
706,161,7.889618301839e+08,7.889617610000e+08,0,GPS,27,0,L1,-3.322550967488e+08,-8.845989101337e+07,-1.642523673121e+08,1.919288425990e+07,1.283481132841e+07,-1.375404322267e+07,2.222639298262e+07,1.585539298262e+07,5.579427584543e+01,1.414139768698e+01,0,0,0,0,0,0,0,0,0
707,162,7.889618311839e+08,7.889617620000e+08,0,GPS,1,0,L1,-3.322624573017e+08,-8.843562035629e+07,-1.642529746828e+08,1.605842635779e+07,2.608620023440e+06,2.096897530889e+07,1.134127448063e+07,4.970274480634e+06,2.529799973574e+01,1.067410392199e+01,0,0,0,0,0,0,0,0,0
708,162,7.889618311839e+08,7.889617620000e+08,0,GPS,2,0,L1,-3.322624573017e+08,-8.843562035629e+07,-1.642529746828e+08,1.737379710614e+07,3.931856528049e+06,2.025222316449e+07,9.969874169966e+06,3.598874169966e+06,2.169372643123e+01,1.827238247329e+01,0,0,0,0,0,0,0,0,0
709,162,7.889618311839e+08,7.889617620000e+08,0,GPS,4,0,L1,-3.322624573017e+08,-8.843562035629e+07,-1.642529746828e+08,2.545738784548e+07,-2.070359449646e+05,-7.712786928974e+06,1.788947671658e+07,1.151847671658e+07,4.226136723152e+01,1.446971915806e+01,0,0,0,0,0,0,0,0,0
710,162,7.889618311839e+08,7.889617620000e+08,0,GPS,21,0,L1,-3.322624573017e+08,-8.843562035629e+07,-1.642529746828e+08,1.834606051083e+07,1.131891024382e+07,1.653681688015e+07,8.108874514918e+06,1.737874514918e+06,1.736507324631e+01,2.237035502064e+01,0,0,0,0,0,0,0,0,0
711,162,7.889618311839e+08,7.889617620000e+08,0,GPS,27,0,L1,-3.322624573017e+08,-8.843562035629e+07,-1.642529746828e+08,1.919119753732e+07,1.283473865840e+07,-1.375648177211e+07,2.222832317390e+07,1.585732317390e+07,5.580156863219e+01,1.414111733601e+01,0,0,0,0,0,0,0,0,0
712,163,7.889618321839e+08,7.889617630000e+08,0,GPS,1,0,L1,-3.322698159012e+08,-8.841134943149e+07,-1.642535826555e+08,1.605908604715e+07,2.611196764342e+06,2.096815042232e+07,1.133953583435e+07,4.968535834351e+06,2.529384734656e+01,1.068505347993e+01,0,0,0,0,0,0,0,0,0
713,163,7.889618321839e+08,7.889617630000e+08,0,GPS,2,0,L1,-3.322698159012e+08,-8.841134943149e+07,-1.642535826555e+08,1.737477910057e+07,3.934106769103e+06,2.025095150305e+07,9.967942632485e+06,3.596942632485e+06,2.168930558334e+01,1.828157378652e+01,0,0,0,0,0,0,0,0,0
714,163,7.889618321839e+08,7.889617630000e+08,0,GPS,4,0,L1,-3.322698159012e+08,-8.841134943149e+07,-1.642535826555e+08,2.545829686747e+07,-2.066067339253e+05,-7.709819546951e+06,1.788688574065e+07,1.151588574065e+07,4.225381449714e+01,1.448464522002e+01,0,0,0,0,0,0,0,0,0
715,163,7.889618321839e+08,7.889617630000e+08,0,GPS,21,0,L1,-3.322698159012e+08,-8.841134943149e+07,-1.642535826555e+08,1.834682819991e+07,1.132074433471e+07,1.653476864158e+07,8.109539324865e+06,1.738539324865e+06,1.736651848159e+01,2.236722266735e+01,0,0,0,0,0,0,0,0,0
716,163,7.889618321839e+08,7.889617630000e+08,0,GPS,27,0,L1,-3.322698159012e+08,-8.841134943149e+07,-1.642535826555e+08,1.918951090621e+07,1.283466630263e+07,-1.375892032156e+07,2.223025349367e+07,1.585925349367e+07,5.580886156479e+01,1.414083678062e+01,0,0,0,0,0,0,0,0,0
717,164,7.889618331839e+08,7.889617640000e+08,0,GPS,1,0,L1,-3.322771725470e+08,-8.838707823938e+07,-1.642541912296e+08,1.605974619769e+07,2.613773422886e+06,2.096732553574e+07,1.133779801556e+07,4.966798015564e+06,2.528969650121e+01,1.069600140962e+01,0,0,0,0,0,0,0,0,0
718,164,7.889618331839e+08,7.889617640000e+08,0,GPS,2,0,L1,-3.322771725470e+08,-8.838707823938e+07,-1.642541912296e+08,1.737576151562e+07,3.936356888367e+06,2.024967984144e+07,9.966011924830e+06,3.595011924830e+06,2.168488631689e+01,1.829076240698e+01,0,0,0,0,0,0,0,0,0
719,164,7.889618331839e+08,7.889617640000e+08,0,GPS,4,0,L1,-3.322771725470e+08,-8.838707823938e+07,-1.642541912296e+08,2.545920608734e+07,-2.061776569634e+05,-7.706852165255e+06,1.788429489450e+07,1.151329489450e+07,4.224626195387e+01,1.449957575244e+01,0,0,0,0,0,0,0,0,0
720,164,7.889618331839e+08,7.889617640000e+08,0,GPS,21,0,L1,-3.322771725470e+08,-8.838707823938e+07,-1.642541912296e+08,1.834759625403e+07,1.132257837381e+07,1.653272040300e+07,8.110205594534e+06,1.739205594534e+06,1.736796660369e+01,2.236408409923e+01,0,0,0,0,0,0,0,0,0
721,164,7.889618331839e+08,7.889617640000e+08,0,GPS,27,0,L1,-3.322771725470e+08,-8.838707823938e+07,-1.642541912296e+08,1.918782436694e+07,1.283459426080e+07,-1.376135887069e+07,2.223218394160e+07,1.586118394160e+07,5.581615464189e+01,1.414055602090e+01,0,0,0,0,0,0,0,0,0
722,165,7.889618341839e+08,7.889617650000e+08,0,GPS,1,0,L1,-3.322845272383e+08,-8.836280678281e+07,-1.642548004051e+08,1.606039588933e+07,2.616350798720e+06,2.096649486699e+07,1.133606020350e+07,4.965060203502e+06,2.528555655717e+01,1.070688136830e+01,0,0,0,0,0,0,0,0,0
723,165,7.889618341839e+08,7.889617650000e+08,0,GPS,2,0,L1,-3.322845272383e+08,-8.836280678281e+07,-1.642548004051e+08,1.737673398511e+07,3.938607896153e+06,2.024840283719e+07,9.964081532928e+06,3.593081532928e+06,2.168047635959e+01,1.829992320329e+01,0,0,0,0,0,0,0,0,0
724,165,7.889618341839e+08,7.889617650000e+08,0,GPS,4,0,L1,-3.322845272383e+08,-8.836280678281e+07,-1.642548004051e+08,2.546010586033e+07,-2.057467768995e+05,-7.703882453711e+06,1.788169777029e+07,1.151069777029e+07,4.223871036187e+01,1.451455750715e+01,0,0,0,0,0,0,0,0,0
725,165,7.889618341839e+08,7.889617650000e+08,0,GPS,21,0,L1,-3.322845272383e+08,-8.836280678281e+07,-1.642548004051e+08,1.834835501167e+07,1.132441046878e+07,1.653066783691e+07,8.110874192037e+06,1.739874192037e+06,1.736942609185e+01,2.236091904731e+01,0,0,0,0,0,0,0,0,0
726,165,7.889618341839e+08,7.889617650000e+08,0,GPS,27,0,L1,-3.322845272383e+08,-8.836280678281e+07,-1.642548004051e+08,1.918613127022e+07,1.283451422949e+07,-1.376379382938e+07,2.223410660562e+07,1.586310660562e+07,5.582345096339e+01,1.414028062349e+01,0,0,0,0,0,0,0,0,0
727,166,7.889618351839e+08,7.889617660000e+08,0,GPS,1,0,L1,-3.322918799760e+08,-8.833853505736e+07,-1.642554101815e+08,1.606104529648e+07,2.618928035512e+06,2.096566360159e+07,1.133432302404e+07,4.963323024043e+06,2.528141863411e+01,1.071780423863e+01,0,0,0,0,0,0,0,0,0
728,166,7.889618351839e+08,7.889617660000e+08,0,GPS,2,0,L1,-3.322918799760e+08,-8.833853505736e+07,-1.642554101815e+08,1.737770611081e+07,3.940858713177e+06,2.024712525738e+07,9.962151808498e+06,3.591151808498e+06,2.167606839796e+01,1.830909090745e+01,0,0,0,0,0,0,0,0,0
729,166,7.889618351839e+08,7.889617660000e+08,0,GPS,4,0,L1,-3.322918799760e+08,-8.833853505736e+07,-1.642554101815e+08,2.546100511932e+07,-2.053160835123e+05,-7.700912514932e+06,1.787910030507e+07,1.150810030507e+07,4.223115904648e+01,1.452948393957e+01,0,0,0,0,0,0,0,0,0
730,166,7.889618351839e+08,7.889617660000e+08,0,GPS,21,0,L1,-3.322918799760e+08,-8.833853505736e+07,-1.642554101815e+08,1.834911338724e+07,1.132624216722e+07,1.652861478052e+07,8.111544111211e+06,1.740544111211e+06,1.737088878740e+01,2.235774949727e+01,0,0,0,0,0,0,0,0,0
731,166,7.889618351839e+08,7.889617660000e+08,0,GPS,27,0,L1,-3.322918799760e+08,-8.833853505736e+07,-1.642554101815e+08,1.918443789904e+07,1.283443412500e+07,-1.376622858650e+07,2.223602898564e+07,1.586502898564e+07,5.583074759622e+01,1.413999851479e+01,0,0,0,0,0,0,0,0,0
732,167,7.889618361839e+08,7.889617670000e+08,0,GPS,1,0,L1,-3.322992307594e+08,-8.831426306588e+07,-1.642560205587e+08,1.606169516492e+07,2.621505192051e+06,2.096483233606e+07,1.133258667469e+07,4.961586674686e+06,2.527728225677e+01,1.072872545197e+01,0,0,0,0,0,0,0,0,0
733,167,7.889618361839e+08,7.889617670000e+08,0,GPS,2,0,L1,-3.322992307594e+08,-8.831426306588e+07,-1.642560205587e+08,1.737867865716e+07,3.943109409350e+06,2.024584767757e+07,9.960222917528e+06,3.589222917528e+06,2.167166202189e+01,1.831825590446e+01,0,0,0,0,0,0,0,0,0
734,167,7.889618361839e+08,7.889617670000e+08,0,GPS,4,0,L1,-3.322992307594e+08,-8.831426306588e+07,-1.642560205587e+08,2.546190457660e+07,-2.048855219905e+05,-7.697942575824e+06,1.787650296927e+07,1.150550296927e+07,4.222360791540e+01,1.454441484609e+01,0,0,0,0,0,0,0,0,0
735,167,7.889618361839e+08,7.889617670000e+08,0,GPS,21,0,L1,-3.322992307594e+08,-8.831426306588e+07,-1.642560205587e+08,1.834987212751e+07,1.132807381527e+07,1.652656172413e+07,8.112215489210e+06,1.741215489210e+06,1.737235436883e+01,2.235457373600e+01,0,0,0,0,0,0,0,0,0
736,167,7.889618361839e+08,7.889617670000e+08,0,GPS,27,0,L1,-3.322992307594e+08,-8.831426306588e+07,-1.642560205587e+08,1.918274461821e+07,1.283435433572e+07,-1.376866334362e+07,2.223795149344e+07,1.586695149344e+07,5.583804437905e+01,1.413971620170e+01,0,0,0,0,0,0,0,0,0
737,168,7.889618371839e+08,7.889617680000e+08,0,GPS,1,0,L1,-3.323065795880e+08,-8.828999080879e+07,-1.642566315364e+08,1.606234549459e+07,2.624082267152e+06,2.096400107066e+07,1.133085115629e+07,4.959851156290e+06,2.527314742721e+01,1.073964500102e+01,0,0,0,0,0,0,0,0,0
738,168,7.889618371839e+08,7.889617680000e+08,0,GPS,2,0,L1,-3.323065795880e+08,-8.828999080879e+07,-1.642566315364e+08,1.737965162417e+07,3.945359984620e+06,2.024457009776e+07,9.958294860497e+06,3.587294860497e+06,2.166725723257e+01,1.832741819128e+01,0,0,0,0,0,0,0,0,0
739,168,7.889618371839e+08,7.889617680000e+08,0,GPS,4,0,L1,-3.323065795880e+08,-8.828999080879e+07,-1.642566315364e+08,2.546280423196e+07,-2.044550931423e+05,-7.694972637045e+06,1.787390576359e+07,1.150290576359e+07,4.221605697086e+01,1.455935022488e+01,0,0,0,0,0,0,0,0,0
740,168,7.889618371839e+08,7.889617680000e+08,0,GPS,21,0,L1,-3.323065795880e+08,-8.828999080879e+07,-1.642566315364e+08,1.835063123246e+07,1.132990541336e+07,1.652450866747e+07,8.112888325818e+06,1.741888325818e+06,1.737382283561e+01,2.235139176513e+01,0,0,0,0,0,0,0,0,0
741,168,7.889618371839e+08,7.889617680000e+08,0,GPS,27,0,L1,-3.323065795880e+08,-8.828999080879e+07,-1.642566315364e+08,1.918105142743e+07,1.283427486191e+07,-1.377109810105e+07,2.223987412929e+07,1.586887412929e+07,5.584534131241e+01,1.413943368425e+01,0,0,0,0,0,0,0,0,0
742,169,7.889618381839e+08,7.889617690000e+08,0,GPS,1,0,L1,-3.323139264616e+08,-8.826571828650e+07,-1.642572431143e+08,1.606299628555e+07,2.626659261893e+06,2.096316980513e+07,1.132911646874e+07,4.958116468738e+06,2.526901414529e+01,1.075056288365e+01,0,0,0,0,0,0,0,0,0
743,169,7.889618381839e+08,7.889617690000e+08,0,GPS,2,0,L1,-3.323139264616e+08,-8.826571828650e+07,-1.642572431143e+08,1.738062501181e+07,3.947610438940e+06,2.024329251795e+07,9.956367637882e+06,3.585367637882e+06,2.166285403118e+01,1.833657776484e+01,0,0,0,0,0,0,0,0,0
744,169,7.889618381839e+08,7.889617690000e+08,0,GPS,4,0,L1,-3.323139264616e+08,-8.826571828650e+07,-1.642572431143e+08,2.546370408558e+07,-2.040247962128e+05,-7.692002697938e+06,1.787130868740e+07,1.150030868740e+07,4.220850621139e+01,1.457429008132e+01,0,0,0,0,0,0,0,0,0
745,169,7.889618381839e+08,7.889617690000e+08,0,GPS,21,0,L1,-3.323139264616e+08,-8.826571828650e+07,-1.642572431143e+08,1.835139070213e+07,1.133173696047e+07,1.652245561109e+07,8.113562620384e+06,1.742562620384e+06,1.737529418631e+01,2.234820358741e+01,0,0,0,0,0,0,0,0,0
746,169,7.889618381839e+08,7.889617690000e+08,0,GPS,27,0,L1,-3.323139264616e+08,-8.826571828650e+07,-1.642572431143e+08,1.917935832742e+07,1.283419570300e+07,-1.377353285817e+07,2.224179689256e+07,1.587079689256e+07,5.585263839403e+01,1.413915096257e+01,0,0,0,0,0,0,0,0,0
747,170,7.889618391839e+08,7.889617700000e+08,0,GPS,1,0,L1,-3.323212713795e+08,-8.824144550186e+07,-1.642578552921e+08,1.606364753770e+07,2.629236175208e+06,2.096233853973e+07,1.132738261289e+07,4.956382612890e+06,2.526488241311e+01,1.076147909254e+01,0,0,0,0,0,0,0,0,0
748,170,7.889618391839e+08,7.889617700000e+08,0,GPS,2,0,L1,-3.323212713795e+08,-8.824144550186e+07,-1.642578552921e+08,1.738159882005e+07,3.949860772386e+06,2.024201493814e+07,9.954441250161e+06,3.583441250161e+06,2.165845241892e+01,1.834573462209e+01,0,0,0,0,0,0,0,0,0
749,170,7.889618391839e+08,7.889617700000e+08,0,GPS,4,0,L1,-3.323212713795e+08,-8.824144550186e+07,-1.642578552921e+08,2.546460413727e+07,-2.035946318247e+05,-7.689032759160e+06,1.786871174139e+07,1.149771174139e+07,4.220095563921e+01,1.458923441356e+01,0,0,0,0,0,0,0,0,0
750,170,7.889618391839e+08,7.889617700000e+08,0,GPS,21,0,L1,-3.323212713795e+08,-8.824144550186e+07,-1.642578552921e+08,1.835215053642e+07,1.133356845718e+07,1.652040255470e+07,8.114238372689e+06,1.743238372689e+06,1.737676842041e+01,2.234500920448e+01,0,0,0,0,0,0,0,0,0
751,170,7.889618391839e+08,7.889617700000e+08,0,GPS,27,0,L1,-3.323212713795e+08,-8.824144550186e+07,-1.642578552921e+08,1.917766531778e+07,1.283411685939e+07,-1.377596761528e+07,2.224371978350e+07,1.587271978350e+07,5.585993562446e+01,1.413886803673e+01,0,0,0,0,0,0,0,0,0
752,171,7.889618401839e+08,7.889617710000e+08,0,GPS,1,0,L1,-3.323286143424e+08,-8.821717245046e+07,-1.642584680695e+08,1.606429925114e+07,2.631813007937e+06,2.096150727420e+07,1.132564958863e+07,4.954649588627e+06,2.526075223051e+01,1.077239362555e+01,0,0,0,0,0,0,0,0,0
753,171,7.889618401839e+08,7.889617710000e+08,0,GPS,2,0,L1,-3.323286143424e+08,-8.821717245046e+07,-1.642584680695e+08,1.738257304893e+07,3.952110984656e+06,2.024073735833e+07,9.952515697813e+06,3.581515697813e+06,2.165405239695e+01,1.835488875997e+01,0,0,0,0,0,0,0,0,0
754,171,7.889618401839e+08,7.889617710000e+08,0,GPS,4,0,L1,-3.323286143424e+08,-8.821717245046e+07,-1.642584680695e+08,2.546550438708e+07,-2.031645999845e+05,-7.686062820382e+06,1.786611492527e+07,1.149511492527e+07,4.219340525378e+01,1.460418322517e+01,0,0,0,0,0,0,0,0,0
755,171,7.889618401839e+08,7.889617710000e+08,0,GPS,21,0,L1,-3.323286143424e+08,-8.821717245046e+07,-1.642584680695e+08,1.835291073549e+07,1.133539990318e+07,1.651834949831e+07,8.114915582371e+06,1.743915582371e+06,1.737824553708e+01,2.234180861835e+01,0,0,0,0,0,0,0,0,0
756,171,7.889618401839e+08,7.889617710000e+08,0,GPS,27,0,L1,-3.323286143424e+08,-8.821717245046e+07,-1.642584680695e+08,1.917597239874e+07,1.283403833080e+07,-1.377840237240e+07,2.224564280206e+07,1.587464280206e+07,5.586723300328e+01,1.413858490678e+01,0,0,0,0,0,0,0,0,0
757,172,7.889618411839e+08,7.889617720000e+08,0,GPS,1,0,L1,-3.323359553496e+08,-8.819289913513e+07,-1.642590814463e+08,1.606495142577e+07,2.634389759016e+06,2.096067600880e+07,1.132391739681e+07,4.952917396810e+06,2.525662359959e+01,1.078330647538e+01,0,0,0,0,0,0,0,0,0
758,172,7.889618411839e+08,7.889617720000e+08,0,GPS,2,0,L1,-3.323359553496e+08,-8.819289913513e+07,-1.642590814463e+08,1.738354769835e+07,3.954361075290e+06,2.023945977869e+07,9.950590981575e+06,3.579590981575e+06,2.164965396704e+01,1.836404017432e+01,0,0,0,0,0,0,0,0,0
759,172,7.889618411839e+08,7.889617720000e+08,0,GPS,4,0,L1,-3.323359553496e+08,-8.819289913513e+07,-1.642590814463e+08,2.546640483511e+07,-2.027347001427e+05,-7.683092881276e+06,1.786351823875e+07,1.149251823875e+07,4.218585505454e+01,1.461913651973e+01,0,0,0,0,0,0,0,0,0
760,172,7.889618411839e+08,7.889617720000e+08,0,GPS,21,0,L1,-3.323359553496e+08,-8.819289913513e+07,-1.642590814463e+08,1.835367129925e+07,1.133723129856e+07,1.651629644192e+07,8.115594249065e+06,1.744594249065e+06,1.737972553551e+01,2.233860183106e+01,0,0,0,0,0,0,0,0,0
761,172,7.889618411839e+08,7.889617720000e+08,0,GPS,27,0,L1,-3.323359553496e+08,-8.819289913513e+07,-1.642590814463e+08,1.917427957023e+07,1.283396011734e+07,-1.378083712951e+07,2.224756594821e+07,1.587656594821e+07,5.587453053011e+01,1.413830157281e+01,0,0,0,0,0,0,0,0,0
762,173,7.889618421839e+08,7.889617730000e+08,0,GPS,1,0,L1,-3.323432944008e+08,-8.816862555629e+07,-1.642596954222e+08,1.606560406165e+07,2.636966429520e+06,2.095984474327e+07,1.132218603732e+07,4.951186037322e+06,2.525249652019e+01,1.079421763986e+01,0,0,0,0,0,0,0,0,0
763,173,7.889618421839e+08,7.889617730000e+08,0,GPS,2,0,L1,-3.323432944008e+08,-8.816862555629e+07,-1.642596954222e+08,1.738452276841e+07,3.956611045313e+06,2.023818219888e+07,9.948667101407e+06,3.577667101407e+06,2.164525712924e+01,1.837318886426e+01,0,0,0,0,0,0,0,0,0
764,173,7.889618421839e+08,7.889617730000e+08,0,GPS,4,0,L1,-3.323432944008e+08,-8.816862555629e+07,-1.642596954222e+08,2.546730548115e+07,-2.023049331077e+05,-7.680122942498e+06,1.786092168251e+07,1.148992168251e+07,4.217830504372e+01,1.463409429540e+01,0,0,0,0,0,0,0,0,0
765,173,7.889618421839e+08,7.889617730000e+08,0,GPS,21,0,L1,-3.323432944008e+08,-8.816862555629e+07,-1.642596954222e+08,1.835443222769e+07,1.133906264327e+07,1.651424338553e+07,8.116274372406e+06,1.745274372406e+06,1.738120841485e+01,2.233538884461e+01,0,0,0,0,0,0,0,0,0
766,173,7.889618421839e+08,7.889617730000e+08,0,GPS,27,0,L1,-3.323432944008e+08,-8.816862555629e+07,-1.642596954222e+08,1.917258683229e+07,1.283388221901e+07,-1.378327188663e+07,2.224948922189e+07,1.587848922189e+07,5.588182820453e+01,1.413801803490e+01,0,0,0,0,0,0,0,0,0
767,174,7.889618431839e+08,7.889617740000e+08,0,GPS,1,0,L1,-3.323506314951e+08,-8.814435171678e+07,-1.642603099969e+08,1.606625715872e+07,2.639543018947e+06,2.095901347774e+07,1.132045551078e+07,4.949455510778e+06,2.524837099384e+01,1.080512711297e+01,0,0,0,0,0,0,0,0,0
768,174,7.889618431839e+08,7.889617740000e+08,0,GPS,2,0,L1,-3.323506314951e+08,-8.814435171678e+07,-1.642603099969e+08,1.738549825901e+07,3.958860894265e+06,2.023690461907e+07,9.946744058047e+06,3.575744058047e+06,2.164086188528e+01,1.838233482564e+01,0,0,0,0,0,0,0,0,0
769,174,7.889618431839e+08,7.889617740000e+08,0,GPS,4,0,L1,-3.323506314951e+08,-8.814435171678e+07,-1.642603099969e+08,2.546820632529e+07,-2.018752983297e+05,-7.677153003721e+06,1.785832525625e+07,1.148732525625e+07,4.217075522077e+01,1.464905655575e+01,0,0,0,0,0,0,0,0,0
770,174,7.889618431839e+08,7.889617740000e+08,0,GPS,21,0,L1,-3.323506314951e+08,-8.814435171678e+07,-1.642603099969e+08,1.835519352073e+07,1.134089393742e+07,1.651219032914e+07,8.116955952029e+06,1.745955952029e+06,1.738269417428e+01,2.233216966103e+01,0,0,0,0,0,0,0,0,0
771,174,7.889618431839e+08,7.889617740000e+08,0,GPS,27,0,L1,-3.323506314951e+08,-8.814435171678e+07,-1.642603099969e+08,1.917089418488e+07,1.283380463592e+07,-1.378570664374e+07,2.225141262308e+07,1.588041262308e+07,5.588912602615e+01,1.413773429311e+01,0,0,0,0,0,0,0,0,0
772,175,7.889618441839e+08,7.889617750000e+08,0,GPS,1,0,L1,-3.323579666335e+08,-8.812007761220e+07,-1.642609251702e+08,1.606691071698e+07,2.642119526446e+06,2.095818221233e+07,1.131872581779e+07,4.947725817792e+06,2.524424702207e+01,1.081603488868e+01,0,0,0,0,0,0,0,0,0
773,175,7.889618441839e+08,7.889617750000e+08,0,GPS,2,0,L1,-3.323579666335e+08,-8.812007761220e+07,-1.642609251702e+08,1.738647417021e+07,3.961110621843e+06,2.023562703926e+07,9.944821851974e+06,3.573821851974e+06,2.163646823637e+01,1.839147805538e+01,0,0,0,0,0,0,0,0,0
774,175,7.889618441839e+08,7.889617750000e+08,0,GPS,4,0,L1,-3.323579666335e+08,-8.812007761220e+07,-1.642609251702e+08,2.546910736759e+07,-2.014457958153e+05,-7.674183064616e+06,1.785572895969e+07,1.148472895969e+07,4.216320558514e+01,1.466402330435e+01,0,0,0,0,0,0,0,0,0
775,175,7.889618441839e+08,7.889617750000e+08,0,GPS,21,0,L1,-3.323579666335e+08,-8.812007761220e+07,-1.642609251702e+08,1.835595517850e+07,1.134272518117e+07,1.651013727248e+07,8.117638987714e+06,1.746638987714e+06,1.738418281327e+01,2.232894428198e+01,0,0,0,0,0,0,0,0,0
776,175,7.889618441839e+08,7.889617750000e+08,0,GPS,27,0,L1,-3.323579666335e+08,-8.812007761220e+07,-1.642609251702e+08,1.916920162820e+07,1.283372736779e+07,-1.378814140086e+07,2.225333615172e+07,1.588233615172e+07,5.589642399457e+01,1.413745034753e+01,0,0,0,0,0,0,0,0,0
777,176,7.889618451839e+08,7.889617760000e+08,0,GPS,1,0,L1,-3.323652998151e+08,-8.809580324536e+07,-1.642615409417e+08,1.606756473647e+07,2.644695953209e+06,2.095735094681e+07,1.131699695825e+07,4.945996958250e+06,2.524012460473e+01,1.082694096482e+01,0,0,0,0,0,0,0,0,0
778,176,7.889618451839e+08,7.889617760000e+08,0,GPS,2,0,L1,-3.323652998151e+08,-8.809580324536e+07,-1.642615409417e+08,1.738745050196e+07,3.963360228125e+06,2.023434945944e+07,9.942900483667e+06,3.571900483667e+06,2.163207618369e+01,1.840061855044e+01,0,0,0,0,0,0,0,0,0
779,176,7.889618451839e+08,7.889617760000e+08,0,GPS,4,0,L1,-3.323652998151e+08,-8.809580324536e+07,-1.642615409417e+08,2.547000860787e+07,-2.010164261873e+05,-7.671213125840e+06,1.785313279351e+07,1.148213279351e+07,4.215565613906e+01,1.467899453936e+01,0,0,0,0,0,0,0,0,0
780,176,7.889618451839e+08,7.889617760000e+08,0,GPS,21,0,L1,-3.323652998151e+08,-8.809580324536e+07,-1.642615409417e+08,1.835671720098e+07,1.134455637364e+07,1.650808421609e+07,8.118323478803e+06,1.747323478803e+06,1.738567433038e+01,2.232571271024e+01,0,0,0,0,0,0,0,0,0
781,176,7.889618451839e+08,7.889617760000e+08,0,GPS,27,0,L1,-3.323652998151e+08,-8.809580324536e+07,-1.642615409417e+08,1.916750916221e+07,1.283365041475e+07,-1.379057615797e+07,2.225525980777e+07,1.588425980777e+07,5.590372210939e+01,1.413716619823e+01,0,0,0,0,0,0,0,0,0
782,177,7.889618461839e+08,7.889617770000e+08,0,GPS,1,0,L1,-3.323726310397e+08,-8.807152861670e+07,-1.642621573112e+08,1.606821921711e+07,2.647272298054e+06,2.095651968140e+07,1.131526893301e+07,4.944268933009e+06,2.523600374392e+01,1.083784533408e+01,0,0,0,0,0,0,0,0,0
783,177,7.889618461839e+08,7.889617770000e+08,0,GPS,2,0,L1,-3.323726310397e+08,-8.807152861670e+07,-1.642621573112e+08,1.738842725424e+07,3.965609713061e+06,2.023307187963e+07,9.940979953606e+06,3.569979953606e+06,2.162768572842e+01,1.840975630772e+01,0,0,0,0,0,0,0,0,0
784,177,7.889618461839e+08,7.889617770000e+08,0,GPS,4,0,L1,-3.323726310397e+08,-8.807152861670e+07,-1.642621573112e+08,2.547091004619e+07,-2.005871890816e+05,-7.668243187064e+06,1.785053675742e+07,1.147953675742e+07,4.214810688198e+01,1.469397026435e+01,0,0,0,0,0,0,0,0,0
785,177,7.889618461839e+08,7.889617770000e+08,0,GPS,21,0,L1,-3.323726310397e+08,-8.807152861670e+07,-1.642621573112e+08,1.835747958813e+07,1.134638751527e+07,1.650603115970e+07,8.119009425074e+06,1.748009425074e+06,1.738716872507e+01,2.232247494747e+01,0,0,0,0,0,0,0,0,0
786,177,7.889618461839e+08,7.889617770000e+08,0,GPS,27,0,L1,-3.323726310397e+08,-8.807152861670e+07,-1.642621573112e+08,1.916581678694e+07,1.283357377677e+07,-1.379301091508e+07,2.225718359120e+07,1.588618359120e+07,5.591102037021e+01,1.413688184528e+01,0,0,0,0,0,0,0,0,0
787,178,7.889618471839e+08,7.889617780000e+08,0,GPS,1,0,L1,-3.323799603069e+08,-8.804725372664e+07,-1.642627742784e+08,1.606887415893e+07,2.649848562174e+06,2.095568841584e+07,1.131354174191e+07,4.942541741915e+06,2.523188443941e+01,1.084874799428e+01,0,0,0,0,0,0,0,0,0
788,178,7.889618471839e+08,7.889617780000e+08,0,GPS,2,0,L1,-3.323799603069e+08,-8.804725372664e+07,-1.642627742784e+08,1.738940442702e+07,3.967859076720e+06,2.023179429979e+07,9.939060262238e+06,3.568060262238e+06,2.162329687170e+01,1.841889132418e+01,0,0,0,0,0,0,0,0,0
789,178,7.889618471839e+08,7.889617780000e+08,0,GPS,4,0,L1,-3.323799603069e+08,-8.804725372664e+07,-1.642627742784e+08,2.547181168261e+07,-2.001580840158e+05,-7.665273247986e+06,1.784794085110e+07,1.147694085110e+07,4.214055781334e+01,1.470895048291e+01,0,0,0,0,0,0,0,0,0
790,178,7.889618471839e+08,7.889617780000e+08,0,GPS,21,0,L1,-3.323799603069e+08,-8.804725372664e+07,-1.642627742784e+08,1.835824233993e+07,1.134821860614e+07,1.650397810328e+07,8.119696826224e+06,1.748696826224e+06,1.738866599664e+01,2.231923099572e+01,0,0,0,0,0,0,0,0,0
791,178,7.889618471839e+08,7.889617780000e+08,0,GPS,27,0,L1,-3.323799603069e+08,-8.804725372664e+07,-1.642627742784e+08,1.916412450275e+07,1.283349745370e+07,-1.379544567190e+07,2.225910750173e+07,1.588810750173e+07,5.591831877576e+01,1.413659728880e+01,0,0,0,0,0,0,0,0,0
792,179,7.889618481839e+08,7.889617790000e+08,0,GPS,1,0,L1,-3.323872876159e+08,-8.802297857801e+07,-1.642633918431e+08,1.606952956190e+07,2.652424744266e+06,2.095485715044e+07,1.131181538590e+07,4.940815385904e+06,2.522776669342e+01,1.085964893809e+01,0,0,0,0,0,0,0,0,0
793,179,7.889618481839e+08,7.889617790000e+08,0,GPS,2,0,L1,-3.323872876159e+08,-8.802297857801e+07,-1.642633918431e+08,1.739038202031e+07,3.970108318943e+06,2.023051671997e+07,9.937141410105e+06,3.566141410105e+06,2.161890961481e+01,1.842802359672e+01,0,0,0,0,0,0,0,0,0
794,179,7.889618481839e+08,7.889617790000e+08,0,GPS,4,0,L1,-3.323872876159e+08,-8.802297857801e+07,-1.642633918431e+08,2.547271351699e+07,-1.997291118490e+05,-7.662303309211e+06,1.784534507529e+07,1.147434507529e+07,4.213300893538e+01,1.472393519319e+01,0,0,0,0,0,0,0,0,0
795,179,7.889618481839e+08,7.889617790000e+08,0,GPS,21,0,L1,-3.323872876159e+08,-8.802297857801e+07,-1.642633918431e+08,1.835900545633e+07,1.135004964609e+07,1.650192504689e+07,8.120385681755e+06,1.749385681755e+06,1.739016614400e+01,2.231598085703e+01,0,0,0,0,0,0,0,0,0
796,179,7.889618481839e+08,7.889617790000e+08,0,GPS,27,0,L1,-3.323872876159e+08,-8.802297857801e+07,-1.642633918431e+08,1.916243230895e+07,1.283342144596e+07,-1.379788042901e+07,2.226103153977e+07,1.589003153977e+07,5.592561732738e+01,1.413631252879e+01,0,0,0,0,0,0,0,0,0
797,180,7.889618491839e+08,7.889617800000e+08,0,GPS,1,0,L1,-3.323946129678e+08,-8.799870316640e+07,-1.642640100049e+08,1.607018542607e+07,2.655000845293e+06,2.095402588491e+07,1.131008986482e+07,4.939089864822e+06,2.522365050575e+01,1.087054816334e+01,0,0,0,0,0,0,0,0,0
798,180,7.889618491839e+08,7.889617800000e+08,0,GPS,2,0,L1,-3.323946129678e+08,-8.799870316640e+07,-1.642640100049e+08,1.739136003406e+07,3.972357439008e+06,2.022923914034e+07,9.935223397913e+06,3.564223397913e+06,2.161452395948e+01,1.843715312121e+01,0,0,0,0,0,0,0,0,0
799,180,7.889618491839e+08,7.889617800000e+08,0,GPS,4,0,L1,-3.323946129678e+08,-8.799870316640e+07,-1.642640100049e+08,2.547361554937e+07,-1.993002724696e+05,-7.659333370436e+06,1.784274942966e+07,1.147174942966e+07,4.212546024754e+01,1.473892439875e+01,0,0,0,0,0,0,0,0,0
800,180,7.889618491839e+08,7.889617800000e+08,0,GPS,21,0,L1,-3.323946129678e+08,-8.799870316640e+07,-1.642640100049e+08,1.835976893748e+07,1.135188063495e+07,1.649987199050e+07,8.121075991361e+06,1.750075991361e+06,1.739166916641e+01,2.231272453344e+01,0,0,0,0,0,0,0,0,0
801,180,7.889618491839e+08,7.889617800000e+08,0,GPS,27,0,L1,-3.323946129678e+08,-8.799870316640e+07,-1.642640100049e+08,1.916074020607e+07,1.283334575311e+07,-1.380031518612e+07,2.226295570506e+07,1.589195570506e+07,5.593291602379e+01,1.413602756538e+01,0,0,0,0,0,0,0,0,0
